<?xml version="1.0" encoding="UTF-8"?>
<gpx version="1.1" creator="Good Shit" xmlns="http://www.topografix.com/GPX/1/1"><trk><name>ViaSbrinz: Guttannen–Obergesteln — Guttannen–Obergesteln</name><desc>Follow the signed ViaSbrinz stage from Guttannen through Handegg and old mule paths above the reservoirs, via Seeuferegg to Grimsel Pass, then descend into the Goms valley to Obergesteln.

Route geometry: Data: Federal Roads Office ASTRA, cantons, SwitzerlandMobility Foundation — Wanderland Schweiz — Wanderland Schweiz route and stage geometry. Licence: opendata-swiss-terms-by (https://opendata.swiss/en/terms-of-use/#terms_by). Source: https://opendata.swiss/en/dataset/langsamverkehr-wanderland-schweiz.</desc><trkseg><trkpt lat="46.65593" lon="8.29265"></trkpt><trkpt lat="46.65579" lon="8.29285"></trkpt><trkpt lat="46.65572" lon="8.29293"></trkpt><trkpt lat="46.65564" lon="8.293"></trkpt><trkpt lat="46.65551" lon="8.2931"></trkpt><trkpt lat="46.65544" lon="8.29315"></trkpt><trkpt lat="46.65535" lon="8.2932"></trkpt><trkpt lat="46.65529" lon="8.29323"></trkpt><trkpt lat="46.65526" lon="8.29326"></trkpt><trkpt lat="46.65522" lon="8.29331"></trkpt><trkpt lat="46.65518" lon="8.2934"></trkpt><trkpt lat="46.65511" lon="8.29352"></trkpt><trkpt lat="46.65507" lon="8.29358"></trkpt><trkpt lat="46.65502" lon="8.29366"></trkpt><trkpt lat="46.65495" lon="8.29376"></trkpt><trkpt lat="46.65492" lon="8.29381"></trkpt><trkpt lat="46.65487" lon="8.29392"></trkpt><trkpt lat="46.65481" lon="8.2941"></trkpt><trkpt lat="46.65478" lon="8.29419"></trkpt><trkpt lat="46.65477" lon="8.29426"></trkpt><trkpt lat="46.65476" lon="8.29433"></trkpt><trkpt lat="46.65475" lon="8.29443"></trkpt><trkpt lat="46.65475" lon="8.29467"></trkpt><trkpt lat="46.65474" lon="8.29491"></trkpt><trkpt lat="46.65474" lon="8.29514"></trkpt><trkpt lat="46.65473" lon="8.29525"></trkpt><trkpt lat="46.65472" lon="8.29533"></trkpt><trkpt lat="46.65471" lon="8.2954"></trkpt><trkpt lat="46.65468" lon="8.29546"></trkpt><trkpt lat="46.65464" lon="8.29552"></trkpt><trkpt lat="46.65457" lon="8.29559"></trkpt><trkpt lat="46.65444" lon="8.29572"></trkpt><trkpt lat="46.65435" lon="8.2958"></trkpt><trkpt lat="46.65426" lon="8.29587"></trkpt><trkpt lat="46.65416" lon="8.29592"></trkpt><trkpt lat="46.65404" lon="8.29599"></trkpt><trkpt lat="46.65393" lon="8.29606"></trkpt><trkpt lat="46.65385" lon="8.2961"></trkpt><trkpt lat="46.6538" lon="8.29611"></trkpt><trkpt lat="46.65376" lon="8.29611"></trkpt><trkpt lat="46.65369" lon="8.2961"></trkpt><trkpt lat="46.65366" lon="8.2961"></trkpt><trkpt lat="46.65362" lon="8.29611"></trkpt><trkpt lat="46.65357" lon="8.29612"></trkpt><trkpt lat="46.65348" lon="8.29617"></trkpt><trkpt lat="46.65338" lon="8.29622"></trkpt><trkpt lat="46.65327" lon="8.29628"></trkpt><trkpt lat="46.65323" lon="8.29632"></trkpt><trkpt lat="46.6532" lon="8.29637"></trkpt><trkpt lat="46.65319" lon="8.29643"></trkpt><trkpt lat="46.65319" lon="8.29652"></trkpt><trkpt lat="46.65319" lon="8.29663"></trkpt><trkpt lat="46.65318" lon="8.2967"></trkpt><trkpt lat="46.65316" lon="8.29677"></trkpt><trkpt lat="46.65313" lon="8.29685"></trkpt><trkpt lat="46.65307" lon="8.29694"></trkpt><trkpt lat="46.65301" lon="8.29703"></trkpt><trkpt lat="46.65298" lon="8.2971"></trkpt><trkpt lat="46.65293" lon="8.29717"></trkpt><trkpt lat="46.65289" lon="8.29722"></trkpt><trkpt lat="46.65284" lon="8.29726"></trkpt><trkpt lat="46.65279" lon="8.29729"></trkpt><trkpt lat="46.65274" lon="8.2973"></trkpt><trkpt lat="46.65263" lon="8.29731"></trkpt><trkpt lat="46.65249" lon="8.29732"></trkpt><trkpt lat="46.6523" lon="8.29732"></trkpt><trkpt lat="46.65215" lon="8.29732"></trkpt><trkpt lat="46.65208" lon="8.29733"></trkpt><trkpt lat="46.65202" lon="8.29734"></trkpt><trkpt lat="46.65197" lon="8.29736"></trkpt><trkpt lat="46.65193" lon="8.2974"></trkpt><trkpt lat="46.65186" lon="8.29746"></trkpt><trkpt lat="46.65176" lon="8.29757"></trkpt><trkpt lat="46.65168" lon="8.29766"></trkpt><trkpt lat="46.65162" lon="8.29772"></trkpt><trkpt lat="46.65158" lon="8.29775"></trkpt><trkpt lat="46.65154" lon="8.29776"></trkpt><trkpt lat="46.6515" lon="8.29777"></trkpt><trkpt lat="46.65143" lon="8.29777"></trkpt><trkpt lat="46.65135" lon="8.29776"></trkpt><trkpt lat="46.65123" lon="8.29773"></trkpt><trkpt lat="46.65119" lon="8.29772"></trkpt><trkpt lat="46.65116" lon="8.29772"></trkpt><trkpt lat="46.65109" lon="8.29772"></trkpt><trkpt lat="46.65099" lon="8.29773"></trkpt><trkpt lat="46.65094" lon="8.29774"></trkpt><trkpt lat="46.65089" lon="8.29774"></trkpt><trkpt lat="46.65085" lon="8.29774"></trkpt><trkpt lat="46.65081" lon="8.29773"></trkpt><trkpt lat="46.65077" lon="8.29772"></trkpt><trkpt lat="46.65074" lon="8.29771"></trkpt><trkpt lat="46.65071" lon="8.29771"></trkpt><trkpt lat="46.65066" lon="8.29772"></trkpt><trkpt lat="46.65061" lon="8.29773"></trkpt><trkpt lat="46.65062" lon="8.29782"></trkpt><trkpt lat="46.65062" lon="8.29787"></trkpt><trkpt lat="46.65061" lon="8.29792"></trkpt><trkpt lat="46.65059" lon="8.29797"></trkpt><trkpt lat="46.65056" lon="8.29802"></trkpt><trkpt lat="46.65054" lon="8.29805"></trkpt><trkpt lat="46.65049" lon="8.29812"></trkpt><trkpt lat="46.65044" lon="8.29818"></trkpt><trkpt lat="46.65039" lon="8.29825"></trkpt><trkpt lat="46.65034" lon="8.29831"></trkpt><trkpt lat="46.65028" lon="8.29839"></trkpt><trkpt lat="46.6502" lon="8.29848"></trkpt><trkpt lat="46.65014" lon="8.29856"></trkpt><trkpt lat="46.6501" lon="8.29861"></trkpt><trkpt lat="46.65007" lon="8.29866"></trkpt><trkpt lat="46.65003" lon="8.29873"></trkpt><trkpt lat="46.64997" lon="8.29883"></trkpt><trkpt lat="46.64992" lon="8.29894"></trkpt><trkpt lat="46.64989" lon="8.29899"></trkpt><trkpt lat="46.64987" lon="8.29902"></trkpt><trkpt lat="46.6498" lon="8.29909"></trkpt><trkpt lat="46.64973" lon="8.29916"></trkpt><trkpt lat="46.64968" lon="8.29922"></trkpt><trkpt lat="46.64964" lon="8.29928"></trkpt><trkpt lat="46.64961" lon="8.29934"></trkpt><trkpt lat="46.64956" lon="8.29944"></trkpt><trkpt lat="46.64951" lon="8.29954"></trkpt><trkpt lat="46.64946" lon="8.2996"></trkpt><trkpt lat="46.64941" lon="8.29964"></trkpt><trkpt lat="46.64933" lon="8.29967"></trkpt><trkpt lat="46.64926" lon="8.2997"></trkpt><trkpt lat="46.6492" lon="8.29974"></trkpt><trkpt lat="46.64915" lon="8.29978"></trkpt><trkpt lat="46.6491" lon="8.29985"></trkpt><trkpt lat="46.64906" lon="8.29991"></trkpt><trkpt lat="46.64899" lon="8.30005"></trkpt><trkpt lat="46.64889" lon="8.30023"></trkpt><trkpt lat="46.64885" lon="8.30034"></trkpt><trkpt lat="46.64882" lon="8.30043"></trkpt><trkpt lat="46.64878" lon="8.30058"></trkpt><trkpt lat="46.64875" lon="8.30067"></trkpt><trkpt lat="46.64872" lon="8.30074"></trkpt><trkpt lat="46.64867" lon="8.30081"></trkpt><trkpt lat="46.64861" lon="8.30091"></trkpt><trkpt lat="46.64853" lon="8.30103"></trkpt><trkpt lat="46.64846" lon="8.30114"></trkpt><trkpt lat="46.64841" lon="8.30124"></trkpt><trkpt lat="46.64837" lon="8.30133"></trkpt><trkpt lat="46.64832" lon="8.30146"></trkpt><trkpt lat="46.64826" lon="8.30164"></trkpt><trkpt lat="46.64822" lon="8.30177"></trkpt><trkpt lat="46.64818" lon="8.30191"></trkpt><trkpt lat="46.64814" lon="8.302"></trkpt><trkpt lat="46.64809" lon="8.30207"></trkpt><trkpt lat="46.64804" lon="8.30214"></trkpt><trkpt lat="46.64798" lon="8.3022"></trkpt><trkpt lat="46.64787" lon="8.30229"></trkpt><trkpt lat="46.64781" lon="8.30234"></trkpt><trkpt lat="46.64775" lon="8.30239"></trkpt><trkpt lat="46.64769" lon="8.30246"></trkpt><trkpt lat="46.64765" lon="8.30254"></trkpt><trkpt lat="46.6476" lon="8.30264"></trkpt><trkpt lat="46.64758" lon="8.30271"></trkpt><trkpt lat="46.64756" lon="8.30281"></trkpt><trkpt lat="46.64755" lon="8.30295"></trkpt><trkpt lat="46.64753" lon="8.30316"></trkpt><trkpt lat="46.6475" lon="8.3033"></trkpt><trkpt lat="46.64747" lon="8.3034"></trkpt><trkpt lat="46.64742" lon="8.30344"></trkpt><trkpt lat="46.64737" lon="8.30346"></trkpt><trkpt lat="46.64731" lon="8.30345"></trkpt><trkpt lat="46.64719" lon="8.30341"></trkpt><trkpt lat="46.64711" lon="8.30338"></trkpt><trkpt lat="46.647" lon="8.30335"></trkpt><trkpt lat="46.64689" lon="8.30332"></trkpt><trkpt lat="46.6468" lon="8.30329"></trkpt><trkpt lat="46.64673" lon="8.30323"></trkpt><trkpt lat="46.64667" lon="8.3032"></trkpt><trkpt lat="46.64663" lon="8.30318"></trkpt><trkpt lat="46.6466" lon="8.3032"></trkpt><trkpt lat="46.64657" lon="8.30324"></trkpt><trkpt lat="46.64648" lon="8.30321"></trkpt><trkpt lat="46.64643" lon="8.30319"></trkpt><trkpt lat="46.64639" lon="8.30319"></trkpt><trkpt lat="46.64632" lon="8.30321"></trkpt><trkpt lat="46.64624" lon="8.30323"></trkpt><trkpt lat="46.64611" lon="8.30324"></trkpt><trkpt lat="46.64591" lon="8.30324"></trkpt><trkpt lat="46.64575" lon="8.30323"></trkpt><trkpt lat="46.64567" lon="8.30324"></trkpt><trkpt lat="46.64561" lon="8.30325"></trkpt><trkpt lat="46.64554" lon="8.30329"></trkpt><trkpt lat="46.64543" lon="8.30336"></trkpt><trkpt lat="46.64529" lon="8.30342"></trkpt><trkpt lat="46.64515" lon="8.30346"></trkpt><trkpt lat="46.64502" lon="8.30347"></trkpt><trkpt lat="46.64491" lon="8.30346"></trkpt><trkpt lat="46.64483" lon="8.30342"></trkpt><trkpt lat="46.64478" lon="8.30336"></trkpt><trkpt lat="46.64471" lon="8.30328"></trkpt><trkpt lat="46.64459" lon="8.30312"></trkpt><trkpt lat="46.64449" lon="8.303"></trkpt><trkpt lat="46.64442" lon="8.30295"></trkpt><trkpt lat="46.64436" lon="8.30293"></trkpt><trkpt lat="46.64419" lon="8.30292"></trkpt><trkpt lat="46.64403" lon="8.30292"></trkpt><trkpt lat="46.64387" lon="8.30289"></trkpt><trkpt lat="46.64375" lon="8.30286"></trkpt><trkpt lat="46.64364" lon="8.30282"></trkpt><trkpt lat="46.64353" lon="8.3028"></trkpt><trkpt lat="46.64345" lon="8.30282"></trkpt><trkpt lat="46.64339" lon="8.30283"></trkpt><trkpt lat="46.64331" lon="8.30287"></trkpt><trkpt lat="46.6432" lon="8.30291"></trkpt><trkpt lat="46.64314" lon="8.30292"></trkpt><trkpt lat="46.64308" lon="8.30293"></trkpt><trkpt lat="46.64292" lon="8.30294"></trkpt><trkpt lat="46.64275" lon="8.30295"></trkpt><trkpt lat="46.64266" lon="8.30297"></trkpt><trkpt lat="46.6426" lon="8.30297"></trkpt><trkpt lat="46.64251" lon="8.30296"></trkpt><trkpt lat="46.64245" lon="8.30296"></trkpt><trkpt lat="46.64241" lon="8.30296"></trkpt><trkpt lat="46.64237" lon="8.30298"></trkpt><trkpt lat="46.64229" lon="8.30301"></trkpt><trkpt lat="46.64227" lon="8.30301"></trkpt><trkpt lat="46.64224" lon="8.30302"></trkpt><trkpt lat="46.64222" lon="8.30302"></trkpt><trkpt lat="46.64219" lon="8.30301"></trkpt><trkpt lat="46.64205" lon="8.30295"></trkpt><trkpt lat="46.64193" lon="8.3029"></trkpt><trkpt lat="46.64188" lon="8.30288"></trkpt><trkpt lat="46.64182" lon="8.30286"></trkpt><trkpt lat="46.64171" lon="8.30284"></trkpt><trkpt lat="46.64163" lon="8.30282"></trkpt><trkpt lat="46.64156" lon="8.30279"></trkpt><trkpt lat="46.64148" lon="8.30274"></trkpt><trkpt lat="46.64133" lon="8.30263"></trkpt><trkpt lat="46.64127" lon="8.30259"></trkpt><trkpt lat="46.64122" lon="8.30258"></trkpt><trkpt lat="46.64117" lon="8.30257"></trkpt><trkpt lat="46.6411" lon="8.30258"></trkpt><trkpt lat="46.64098" lon="8.30259"></trkpt><trkpt lat="46.64091" lon="8.30259"></trkpt><trkpt lat="46.64077" lon="8.30257"></trkpt><trkpt lat="46.64057" lon="8.30257"></trkpt><trkpt lat="46.64044" lon="8.30257"></trkpt><trkpt lat="46.64028" lon="8.30258"></trkpt><trkpt lat="46.64021" lon="8.30259"></trkpt><trkpt lat="46.64017" lon="8.30259"></trkpt><trkpt lat="46.64014" lon="8.30259"></trkpt><trkpt lat="46.64005" lon="8.30258"></trkpt><trkpt lat="46.63994" lon="8.30256"></trkpt><trkpt lat="46.63985" lon="8.30256"></trkpt><trkpt lat="46.63978" lon="8.30257"></trkpt><trkpt lat="46.63971" lon="8.3026"></trkpt><trkpt lat="46.63964" lon="8.30264"></trkpt><trkpt lat="46.63958" lon="8.30269"></trkpt><trkpt lat="46.63949" lon="8.30278"></trkpt><trkpt lat="46.63933" lon="8.30295"></trkpt><trkpt lat="46.63926" lon="8.30303"></trkpt><trkpt lat="46.63909" lon="8.30322"></trkpt><trkpt lat="46.6389" lon="8.30341"></trkpt><trkpt lat="46.63881" lon="8.30349"></trkpt><trkpt lat="46.63879" lon="8.30351"></trkpt><trkpt lat="46.63876" lon="8.30351"></trkpt><trkpt lat="46.63874" lon="8.3035"></trkpt><trkpt lat="46.63853" lon="8.30354"></trkpt><trkpt lat="46.63846" lon="8.30355"></trkpt><trkpt lat="46.6384" lon="8.30356"></trkpt><trkpt lat="46.6383" lon="8.30357"></trkpt><trkpt lat="46.63823" lon="8.30356"></trkpt><trkpt lat="46.63823" lon="8.30354"></trkpt><trkpt lat="46.63822" lon="8.30347"></trkpt><trkpt lat="46.6381" lon="8.30347"></trkpt><trkpt lat="46.63799" lon="8.30347"></trkpt><trkpt lat="46.63789" lon="8.30345"></trkpt><trkpt lat="46.63761" lon="8.30339"></trkpt><trkpt lat="46.6376" lon="8.30344"></trkpt><trkpt lat="46.63758" lon="8.30347"></trkpt><trkpt lat="46.63757" lon="8.30351"></trkpt><trkpt lat="46.63757" lon="8.30352"></trkpt><trkpt lat="46.63755" lon="8.30351"></trkpt><trkpt lat="46.63754" lon="8.30351"></trkpt><trkpt lat="46.63751" lon="8.30349"></trkpt><trkpt lat="46.63745" lon="8.30349"></trkpt><trkpt lat="46.6374" lon="8.30349"></trkpt><trkpt lat="46.63736" lon="8.30349"></trkpt><trkpt lat="46.63734" lon="8.3035"></trkpt><trkpt lat="46.63732" lon="8.30352"></trkpt><trkpt lat="46.63731" lon="8.30353"></trkpt><trkpt lat="46.63727" lon="8.30349"></trkpt><trkpt lat="46.63722" lon="8.30345"></trkpt><trkpt lat="46.63718" lon="8.30344"></trkpt><trkpt lat="46.63713" lon="8.30345"></trkpt><trkpt lat="46.63708" lon="8.30345"></trkpt><trkpt lat="46.63705" lon="8.30344"></trkpt><trkpt lat="46.63702" lon="8.30346"></trkpt><trkpt lat="46.63699" lon="8.30345"></trkpt><trkpt lat="46.63693" lon="8.30345"></trkpt><trkpt lat="46.63689" lon="8.30345"></trkpt><trkpt lat="46.63679" lon="8.30349"></trkpt><trkpt lat="46.63674" lon="8.30353"></trkpt><trkpt lat="46.63671" lon="8.30356"></trkpt><trkpt lat="46.63668" lon="8.3036"></trkpt><trkpt lat="46.63662" lon="8.30364"></trkpt><trkpt lat="46.63657" lon="8.30368"></trkpt><trkpt lat="46.63655" lon="8.30372"></trkpt><trkpt lat="46.63651" lon="8.30379"></trkpt><trkpt lat="46.63649" lon="8.3038"></trkpt><trkpt lat="46.63648" lon="8.30379"></trkpt><trkpt lat="46.63645" lon="8.30376"></trkpt><trkpt lat="46.63643" lon="8.30376"></trkpt><trkpt lat="46.63642" lon="8.30377"></trkpt><trkpt lat="46.6364" lon="8.30379"></trkpt><trkpt lat="46.63639" lon="8.30381"></trkpt><trkpt lat="46.63638" lon="8.30381"></trkpt><trkpt lat="46.63636" lon="8.3038"></trkpt><trkpt lat="46.63635" lon="8.30378"></trkpt><trkpt lat="46.63632" lon="8.30378"></trkpt><trkpt lat="46.6363" lon="8.30379"></trkpt><trkpt lat="46.63627" lon="8.30381"></trkpt><trkpt lat="46.63625" lon="8.30386"></trkpt><trkpt lat="46.63622" lon="8.3039"></trkpt><trkpt lat="46.6362" lon="8.30391"></trkpt><trkpt lat="46.63617" lon="8.30392"></trkpt><trkpt lat="46.63615" lon="8.30393"></trkpt><trkpt lat="46.63612" lon="8.30399"></trkpt><trkpt lat="46.63608" lon="8.30404"></trkpt><trkpt lat="46.63604" lon="8.30408"></trkpt><trkpt lat="46.636" lon="8.3041"></trkpt><trkpt lat="46.63598" lon="8.3041"></trkpt><trkpt lat="46.63597" lon="8.3041"></trkpt><trkpt lat="46.63594" lon="8.30412"></trkpt><trkpt lat="46.63591" lon="8.30413"></trkpt><trkpt lat="46.63586" lon="8.30412"></trkpt><trkpt lat="46.63583" lon="8.30413"></trkpt><trkpt lat="46.63578" lon="8.30416"></trkpt><trkpt lat="46.63576" lon="8.30417"></trkpt><trkpt lat="46.63574" lon="8.30418"></trkpt><trkpt lat="46.63573" lon="8.30417"></trkpt><trkpt lat="46.63569" lon="8.30413"></trkpt><trkpt lat="46.63564" lon="8.30413"></trkpt><trkpt lat="46.63556" lon="8.30413"></trkpt><trkpt lat="46.63547" lon="8.30414"></trkpt><trkpt lat="46.6354" lon="8.30411"></trkpt><trkpt lat="46.63534" lon="8.30406"></trkpt><trkpt lat="46.63528" lon="8.30404"></trkpt><trkpt lat="46.63527" lon="8.30403"></trkpt><trkpt lat="46.63525" lon="8.304"></trkpt><trkpt lat="46.63519" lon="8.30401"></trkpt><trkpt lat="46.63515" lon="8.30403"></trkpt><trkpt lat="46.6351" lon="8.30406"></trkpt><trkpt lat="46.63508" lon="8.30408"></trkpt><trkpt lat="46.63507" lon="8.30414"></trkpt><trkpt lat="46.63505" lon="8.30414"></trkpt><trkpt lat="46.63503" lon="8.30413"></trkpt><trkpt lat="46.63501" lon="8.30415"></trkpt><trkpt lat="46.63499" lon="8.30422"></trkpt><trkpt lat="46.63496" lon="8.30424"></trkpt><trkpt lat="46.63492" lon="8.30429"></trkpt><trkpt lat="46.63489" lon="8.30428"></trkpt><trkpt lat="46.63487" lon="8.30429"></trkpt><trkpt lat="46.63483" lon="8.3043"></trkpt><trkpt lat="46.63478" lon="8.30434"></trkpt><trkpt lat="46.6347" lon="8.30442"></trkpt><trkpt lat="46.63467" lon="8.30443"></trkpt><trkpt lat="46.63461" lon="8.30447"></trkpt><trkpt lat="46.63457" lon="8.30446"></trkpt><trkpt lat="46.63454" lon="8.30444"></trkpt><trkpt lat="46.63451" lon="8.30443"></trkpt><trkpt lat="46.63449" lon="8.30442"></trkpt><trkpt lat="46.63447" lon="8.30438"></trkpt><trkpt lat="46.63445" lon="8.30438"></trkpt><trkpt lat="46.63443" lon="8.3044"></trkpt><trkpt lat="46.6344" lon="8.30439"></trkpt><trkpt lat="46.63439" lon="8.30436"></trkpt><trkpt lat="46.63433" lon="8.30437"></trkpt><trkpt lat="46.6343" lon="8.30438"></trkpt><trkpt lat="46.63428" lon="8.30441"></trkpt><trkpt lat="46.6342" lon="8.30444"></trkpt><trkpt lat="46.63413" lon="8.30448"></trkpt><trkpt lat="46.63405" lon="8.30449"></trkpt><trkpt lat="46.63395" lon="8.30449"></trkpt><trkpt lat="46.63384" lon="8.30451"></trkpt><trkpt lat="46.63371" lon="8.30454"></trkpt><trkpt lat="46.63359" lon="8.30457"></trkpt><trkpt lat="46.6335" lon="8.30456"></trkpt><trkpt lat="46.63346" lon="8.30456"></trkpt><trkpt lat="46.63339" lon="8.3046"></trkpt><trkpt lat="46.63331" lon="8.3046"></trkpt><trkpt lat="46.63324" lon="8.30461"></trkpt><trkpt lat="46.63319" lon="8.30462"></trkpt><trkpt lat="46.63316" lon="8.30463"></trkpt><trkpt lat="46.63313" lon="8.30464"></trkpt><trkpt lat="46.63309" lon="8.30449"></trkpt><trkpt lat="46.63281" lon="8.30452"></trkpt><trkpt lat="46.63264" lon="8.30454"></trkpt><trkpt lat="46.63254" lon="8.30454"></trkpt><trkpt lat="46.63244" lon="8.30453"></trkpt><trkpt lat="46.63241" lon="8.30453"></trkpt><trkpt lat="46.63237" lon="8.30458"></trkpt><trkpt lat="46.63231" lon="8.3046"></trkpt><trkpt lat="46.63222" lon="8.30459"></trkpt><trkpt lat="46.63211" lon="8.30455"></trkpt><trkpt lat="46.63195" lon="8.30448"></trkpt><trkpt lat="46.63187" lon="8.30443"></trkpt><trkpt lat="46.63183" lon="8.3044"></trkpt><trkpt lat="46.63179" lon="8.30439"></trkpt><trkpt lat="46.63175" lon="8.30437"></trkpt><trkpt lat="46.63173" lon="8.30437"></trkpt><trkpt lat="46.63172" lon="8.3044"></trkpt><trkpt lat="46.63174" lon="8.30445"></trkpt><trkpt lat="46.63177" lon="8.30452"></trkpt><trkpt lat="46.63178" lon="8.3046"></trkpt><trkpt lat="46.63178" lon="8.30471"></trkpt><trkpt lat="46.63177" lon="8.30479"></trkpt><trkpt lat="46.63175" lon="8.30487"></trkpt><trkpt lat="46.63173" lon="8.30484"></trkpt><trkpt lat="46.63172" lon="8.30488"></trkpt><trkpt lat="46.63173" lon="8.30497"></trkpt><trkpt lat="46.63172" lon="8.30499"></trkpt><trkpt lat="46.63169" lon="8.30495"></trkpt><trkpt lat="46.63163" lon="8.30485"></trkpt><trkpt lat="46.63156" lon="8.30477"></trkpt><trkpt lat="46.63149" lon="8.30472"></trkpt><trkpt lat="46.63143" lon="8.30469"></trkpt><trkpt lat="46.63137" lon="8.30468"></trkpt><trkpt lat="46.63131" lon="8.30468"></trkpt><trkpt lat="46.63126" lon="8.30468"></trkpt><trkpt lat="46.63122" lon="8.30469"></trkpt><trkpt lat="46.63119" lon="8.30472"></trkpt><trkpt lat="46.63115" lon="8.30478"></trkpt><trkpt lat="46.63114" lon="8.30482"></trkpt><trkpt lat="46.63112" lon="8.30486"></trkpt><trkpt lat="46.63109" lon="8.30487"></trkpt><trkpt lat="46.63106" lon="8.30486"></trkpt><trkpt lat="46.631" lon="8.30481"></trkpt><trkpt lat="46.63091" lon="8.30473"></trkpt><trkpt lat="46.63084" lon="8.30465"></trkpt><trkpt lat="46.63071" lon="8.30458"></trkpt><trkpt lat="46.6306" lon="8.30453"></trkpt><trkpt lat="46.6305" lon="8.3045"></trkpt><trkpt lat="46.63033" lon="8.30446"></trkpt><trkpt lat="46.63015" lon="8.30441"></trkpt><trkpt lat="46.62998" lon="8.30438"></trkpt><trkpt lat="46.62988" lon="8.30439"></trkpt><trkpt lat="46.62977" lon="8.30443"></trkpt><trkpt lat="46.6297" lon="8.30448"></trkpt><trkpt lat="46.62963" lon="8.30452"></trkpt><trkpt lat="46.62956" lon="8.30454"></trkpt><trkpt lat="46.62948" lon="8.30454"></trkpt><trkpt lat="46.62941" lon="8.30452"></trkpt><trkpt lat="46.62937" lon="8.30448"></trkpt><trkpt lat="46.62934" lon="8.30446"></trkpt><trkpt lat="46.6293" lon="8.30443"></trkpt><trkpt lat="46.62926" lon="8.3044"></trkpt><trkpt lat="46.62924" lon="8.3044"></trkpt><trkpt lat="46.6292" lon="8.30442"></trkpt><trkpt lat="46.62916" lon="8.30445"></trkpt><trkpt lat="46.62913" lon="8.30445"></trkpt><trkpt lat="46.62908" lon="8.30445"></trkpt><trkpt lat="46.62903" lon="8.30444"></trkpt><trkpt lat="46.62897" lon="8.30445"></trkpt><trkpt lat="46.62887" lon="8.30447"></trkpt><trkpt lat="46.62878" lon="8.3045"></trkpt><trkpt lat="46.6287" lon="8.30453"></trkpt><trkpt lat="46.62864" lon="8.30453"></trkpt><trkpt lat="46.6286" lon="8.30451"></trkpt><trkpt lat="46.62854" lon="8.30446"></trkpt><trkpt lat="46.6285" lon="8.30439"></trkpt><trkpt lat="46.62847" lon="8.30433"></trkpt><trkpt lat="46.62844" lon="8.30422"></trkpt><trkpt lat="46.62844" lon="8.30399"></trkpt><trkpt lat="46.62843" lon="8.30345"></trkpt><trkpt lat="46.62841" lon="8.30336"></trkpt><trkpt lat="46.62839" lon="8.30331"></trkpt><trkpt lat="46.62831" lon="8.30335"></trkpt><trkpt lat="46.62831" lon="8.30336"></trkpt><trkpt lat="46.62827" lon="8.30338"></trkpt><trkpt lat="46.62823" lon="8.30338"></trkpt><trkpt lat="46.6282" lon="8.30338"></trkpt><trkpt lat="46.62818" lon="8.30339"></trkpt><trkpt lat="46.62804" lon="8.30348"></trkpt><trkpt lat="46.62796" lon="8.30355"></trkpt><trkpt lat="46.62791" lon="8.30362"></trkpt><trkpt lat="46.62785" lon="8.30374"></trkpt><trkpt lat="46.62778" lon="8.30386"></trkpt><trkpt lat="46.62762" lon="8.30413"></trkpt><trkpt lat="46.62744" lon="8.30444"></trkpt><trkpt lat="46.62734" lon="8.30461"></trkpt><trkpt lat="46.62725" lon="8.30474"></trkpt><trkpt lat="46.62718" lon="8.30483"></trkpt><trkpt lat="46.6271" lon="8.3049"></trkpt><trkpt lat="46.627" lon="8.30497"></trkpt><trkpt lat="46.62693" lon="8.30501"></trkpt><trkpt lat="46.62685" lon="8.30502"></trkpt><trkpt lat="46.62677" lon="8.30503"></trkpt><trkpt lat="46.62666" lon="8.30501"></trkpt><trkpt lat="46.62647" lon="8.30497"></trkpt><trkpt lat="46.6263" lon="8.30491"></trkpt><trkpt lat="46.62613" lon="8.30486"></trkpt><trkpt lat="46.62604" lon="8.30484"></trkpt><trkpt lat="46.62599" lon="8.30484"></trkpt><trkpt lat="46.62593" lon="8.30485"></trkpt><trkpt lat="46.62586" lon="8.30489"></trkpt><trkpt lat="46.62579" lon="8.30493"></trkpt><trkpt lat="46.62572" lon="8.30498"></trkpt><trkpt lat="46.62568" lon="8.305"></trkpt><trkpt lat="46.62564" lon="8.30499"></trkpt><trkpt lat="46.62562" lon="8.30496"></trkpt><trkpt lat="46.62559" lon="8.30499"></trkpt><trkpt lat="46.62556" lon="8.30499"></trkpt><trkpt lat="46.62549" lon="8.305"></trkpt><trkpt lat="46.62542" lon="8.30504"></trkpt><trkpt lat="46.62536" lon="8.30508"></trkpt><trkpt lat="46.62524" lon="8.30518"></trkpt><trkpt lat="46.62518" lon="8.30523"></trkpt><trkpt lat="46.62513" lon="8.30529"></trkpt><trkpt lat="46.6251" lon="8.30533"></trkpt><trkpt lat="46.62502" lon="8.30541"></trkpt><trkpt lat="46.62494" lon="8.3055"></trkpt><trkpt lat="46.6249" lon="8.30556"></trkpt><trkpt lat="46.62487" lon="8.30562"></trkpt><trkpt lat="46.62484" lon="8.3057"></trkpt><trkpt lat="46.62482" lon="8.30579"></trkpt><trkpt lat="46.62481" lon="8.30594"></trkpt><trkpt lat="46.62478" lon="8.306"></trkpt><trkpt lat="46.62478" lon="8.30609"></trkpt><trkpt lat="46.62476" lon="8.30617"></trkpt><trkpt lat="46.62473" lon="8.30627"></trkpt><trkpt lat="46.62469" lon="8.30636"></trkpt><trkpt lat="46.62456" lon="8.30663"></trkpt><trkpt lat="46.62444" lon="8.30688"></trkpt><trkpt lat="46.62432" lon="8.3071"></trkpt><trkpt lat="46.62431" lon="8.30712"></trkpt><trkpt lat="46.62426" lon="8.30717"></trkpt><trkpt lat="46.62422" lon="8.3072"></trkpt><trkpt lat="46.62414" lon="8.30722"></trkpt><trkpt lat="46.62409" lon="8.30722"></trkpt><trkpt lat="46.62403" lon="8.3072"></trkpt><trkpt lat="46.62399" lon="8.30717"></trkpt><trkpt lat="46.62394" lon="8.30711"></trkpt><trkpt lat="46.62387" lon="8.30699"></trkpt><trkpt lat="46.62374" lon="8.30676"></trkpt><trkpt lat="46.62366" lon="8.30662"></trkpt><trkpt lat="46.62359" lon="8.30652"></trkpt><trkpt lat="46.62353" lon="8.30645"></trkpt><trkpt lat="46.62351" lon="8.30642"></trkpt><trkpt lat="46.62347" lon="8.3064"></trkpt><trkpt lat="46.62344" lon="8.30639"></trkpt><trkpt lat="46.62339" lon="8.30638"></trkpt><trkpt lat="46.62332" lon="8.30637"></trkpt><trkpt lat="46.62326" lon="8.30638"></trkpt><trkpt lat="46.62321" lon="8.3064"></trkpt><trkpt lat="46.62313" lon="8.30644"></trkpt><trkpt lat="46.62308" lon="8.30646"></trkpt><trkpt lat="46.62301" lon="8.30647"></trkpt><trkpt lat="46.62288" lon="8.30648"></trkpt><trkpt lat="46.62273" lon="8.30649"></trkpt><trkpt lat="46.62267" lon="8.30649"></trkpt><trkpt lat="46.62245" lon="8.30649"></trkpt><trkpt lat="46.62233" lon="8.30648"></trkpt><trkpt lat="46.62222" lon="8.30647"></trkpt><trkpt lat="46.62214" lon="8.30646"></trkpt><trkpt lat="46.62205" lon="8.30644"></trkpt><trkpt lat="46.622" lon="8.30643"></trkpt><trkpt lat="46.62194" lon="8.30642"></trkpt><trkpt lat="46.6219" lon="8.30642"></trkpt><trkpt lat="46.6219" lon="8.30642"></trkpt><trkpt lat="46.62185" lon="8.30643"></trkpt><trkpt lat="46.62184" lon="8.30641"></trkpt><trkpt lat="46.62183" lon="8.30641"></trkpt><trkpt lat="46.62177" lon="8.30638"></trkpt><trkpt lat="46.62173" lon="8.30636"></trkpt><trkpt lat="46.62173" lon="8.30636"></trkpt><trkpt lat="46.62172" lon="8.30634"></trkpt><trkpt lat="46.62169" lon="8.3062"></trkpt><trkpt lat="46.62166" lon="8.30609"></trkpt><trkpt lat="46.62163" lon="8.30606"></trkpt><trkpt lat="46.62133" lon="8.30591"></trkpt><trkpt lat="46.62121" lon="8.30586"></trkpt><trkpt lat="46.62097" lon="8.30574"></trkpt><trkpt lat="46.62077" lon="8.30561"></trkpt><trkpt lat="46.62072" lon="8.30559"></trkpt><trkpt lat="46.62065" lon="8.30558"></trkpt><trkpt lat="46.62061" lon="8.30556"></trkpt><trkpt lat="46.62057" lon="8.30554"></trkpt><trkpt lat="46.62049" lon="8.30551"></trkpt><trkpt lat="46.62041" lon="8.30546"></trkpt><trkpt lat="46.62022" lon="8.30532"></trkpt><trkpt lat="46.62009" lon="8.30523"></trkpt><trkpt lat="46.61999" lon="8.30514"></trkpt><trkpt lat="46.61982" lon="8.30502"></trkpt><trkpt lat="46.61967" lon="8.30496"></trkpt><trkpt lat="46.61953" lon="8.30497"></trkpt><trkpt lat="46.61933" lon="8.30498"></trkpt><trkpt lat="46.61918" lon="8.30497"></trkpt><trkpt lat="46.61917" lon="8.30497"></trkpt><trkpt lat="46.61894" lon="8.30496"></trkpt><trkpt lat="46.61879" lon="8.30495"></trkpt><trkpt lat="46.61871" lon="8.30495"></trkpt><trkpt lat="46.61863" lon="8.30495"></trkpt><trkpt lat="46.61856" lon="8.30498"></trkpt><trkpt lat="46.61854" lon="8.30499"></trkpt><trkpt lat="46.61842" lon="8.305"></trkpt><trkpt lat="46.61835" lon="8.30505"></trkpt><trkpt lat="46.61828" lon="8.30512"></trkpt><trkpt lat="46.61822" lon="8.30515"></trkpt><trkpt lat="46.61815" lon="8.30515"></trkpt><trkpt lat="46.61808" lon="8.30513"></trkpt><trkpt lat="46.61799" lon="8.3051"></trkpt><trkpt lat="46.6178" lon="8.305"></trkpt><trkpt lat="46.61764" lon="8.30495"></trkpt><trkpt lat="46.61754" lon="8.30495"></trkpt><trkpt lat="46.61746" lon="8.30495"></trkpt><trkpt lat="46.61732" lon="8.30489"></trkpt><trkpt lat="46.61723" lon="8.30488"></trkpt><trkpt lat="46.61717" lon="8.30487"></trkpt><trkpt lat="46.61713" lon="8.30486"></trkpt><trkpt lat="46.61708" lon="8.30488"></trkpt><trkpt lat="46.61704" lon="8.30487"></trkpt><trkpt lat="46.61695" lon="8.30485"></trkpt><trkpt lat="46.61687" lon="8.30482"></trkpt><trkpt lat="46.61685" lon="8.3048"></trkpt><trkpt lat="46.61669" lon="8.30474"></trkpt><trkpt lat="46.61651" lon="8.30468"></trkpt><trkpt lat="46.61638" lon="8.30468"></trkpt><trkpt lat="46.61614" lon="8.30468"></trkpt><trkpt lat="46.61602" lon="8.30468"></trkpt><trkpt lat="46.61594" lon="8.3047"></trkpt><trkpt lat="46.61591" lon="8.30472"></trkpt><trkpt lat="46.61585" lon="8.30481"></trkpt><trkpt lat="46.61578" lon="8.30491"></trkpt><trkpt lat="46.61576" lon="8.30494"></trkpt><trkpt lat="46.61568" lon="8.30505"></trkpt><trkpt lat="46.61561" lon="8.30517"></trkpt><trkpt lat="46.61558" lon="8.30525"></trkpt><trkpt lat="46.61555" lon="8.30534"></trkpt><trkpt lat="46.61554" lon="8.30557"></trkpt><trkpt lat="46.61554" lon="8.30566"></trkpt><trkpt lat="46.61552" lon="8.30571"></trkpt><trkpt lat="46.61552" lon="8.30593"></trkpt><trkpt lat="46.6155" lon="8.30602"></trkpt><trkpt lat="46.61551" lon="8.30619"></trkpt><trkpt lat="46.61552" lon="8.3064"></trkpt><trkpt lat="46.61555" lon="8.30651"></trkpt><trkpt lat="46.61556" lon="8.30658"></trkpt><trkpt lat="46.61556" lon="8.30675"></trkpt><trkpt lat="46.61555" lon="8.30685"></trkpt><trkpt lat="46.61554" lon="8.30694"></trkpt><trkpt lat="46.61551" lon="8.30702"></trkpt><trkpt lat="46.61546" lon="8.30707"></trkpt><trkpt lat="46.61538" lon="8.30718"></trkpt><trkpt lat="46.61536" lon="8.30718"></trkpt><trkpt lat="46.61536" lon="8.30711"></trkpt><trkpt lat="46.61534" lon="8.30707"></trkpt><trkpt lat="46.6153" lon="8.30711"></trkpt><trkpt lat="46.61525" lon="8.30714"></trkpt><trkpt lat="46.61524" lon="8.30709"></trkpt><trkpt lat="46.6152" lon="8.30715"></trkpt><trkpt lat="46.61519" lon="8.30698"></trkpt><trkpt lat="46.61513" lon="8.30707"></trkpt><trkpt lat="46.61513" lon="8.30698"></trkpt><trkpt lat="46.61512" lon="8.30685"></trkpt><trkpt lat="46.61509" lon="8.30681"></trkpt><trkpt lat="46.61505" lon="8.30678"></trkpt><trkpt lat="46.615" lon="8.30685"></trkpt><trkpt lat="46.61496" lon="8.30691"></trkpt><trkpt lat="46.61494" lon="8.30693"></trkpt><trkpt lat="46.61488" lon="8.30706"></trkpt><trkpt lat="46.61482" lon="8.30717"></trkpt><trkpt lat="46.6148" lon="8.30724"></trkpt><trkpt lat="46.61478" lon="8.30728"></trkpt><trkpt lat="46.61473" lon="8.30733"></trkpt><trkpt lat="46.6147" lon="8.3074"></trkpt><trkpt lat="46.61468" lon="8.30743"></trkpt><trkpt lat="46.61462" lon="8.30749"></trkpt><trkpt lat="46.61455" lon="8.30752"></trkpt><trkpt lat="46.61445" lon="8.30754"></trkpt><trkpt lat="46.61446" lon="8.3075"></trkpt><trkpt lat="46.61453" lon="8.30746"></trkpt><trkpt lat="46.61457" lon="8.30741"></trkpt><trkpt lat="46.61458" lon="8.30738"></trkpt><trkpt lat="46.61457" lon="8.30733"></trkpt><trkpt lat="46.61456" lon="8.30727"></trkpt><trkpt lat="46.61457" lon="8.30723"></trkpt><trkpt lat="46.61459" lon="8.30717"></trkpt><trkpt lat="46.61459" lon="8.30704"></trkpt><trkpt lat="46.61459" lon="8.30683"></trkpt><trkpt lat="46.61459" lon="8.30671"></trkpt><trkpt lat="46.61458" lon="8.30669"></trkpt><trkpt lat="46.61457" lon="8.30669"></trkpt><trkpt lat="46.61456" lon="8.3067"></trkpt><trkpt lat="46.61456" lon="8.30676"></trkpt><trkpt lat="46.61453" lon="8.30689"></trkpt><trkpt lat="46.61451" lon="8.30702"></trkpt><trkpt lat="46.61448" lon="8.30714"></trkpt><trkpt lat="46.61444" lon="8.30719"></trkpt><trkpt lat="46.61439" lon="8.30722"></trkpt><trkpt lat="46.61433" lon="8.30723"></trkpt><trkpt lat="46.6143" lon="8.30723"></trkpt><trkpt lat="46.61428" lon="8.30719"></trkpt><trkpt lat="46.61427" lon="8.30706"></trkpt><trkpt lat="46.61426" lon="8.30698"></trkpt><trkpt lat="46.61423" lon="8.30697"></trkpt><trkpt lat="46.61418" lon="8.30698"></trkpt><trkpt lat="46.61411" lon="8.307"></trkpt><trkpt lat="46.61407" lon="8.307"></trkpt><trkpt lat="46.61404" lon="8.30696"></trkpt><trkpt lat="46.61403" lon="8.30689"></trkpt><trkpt lat="46.61403" lon="8.30683"></trkpt><trkpt lat="46.61406" lon="8.30675"></trkpt><trkpt lat="46.61406" lon="8.30664"></trkpt><trkpt lat="46.61404" lon="8.30655"></trkpt><trkpt lat="46.61398" lon="8.30651"></trkpt><trkpt lat="46.61392" lon="8.30649"></trkpt><trkpt lat="46.61386" lon="8.30651"></trkpt><trkpt lat="46.61377" lon="8.30663"></trkpt><trkpt lat="46.61365" lon="8.3067"></trkpt><trkpt lat="46.61361" lon="8.30674"></trkpt><trkpt lat="46.61359" lon="8.30675"></trkpt><trkpt lat="46.61356" lon="8.30676"></trkpt><trkpt lat="46.61351" lon="8.30666"></trkpt><trkpt lat="46.61348" lon="8.30653"></trkpt><trkpt lat="46.61347" lon="8.30639"></trkpt><trkpt lat="46.61345" lon="8.30623"></trkpt><trkpt lat="46.61334" lon="8.30611"></trkpt><trkpt lat="46.61332" lon="8.30609"></trkpt><trkpt lat="46.61329" lon="8.30608"></trkpt><trkpt lat="46.61323" lon="8.30608"></trkpt><trkpt lat="46.61317" lon="8.3061"></trkpt><trkpt lat="46.61307" lon="8.30616"></trkpt><trkpt lat="46.61302" lon="8.30623"></trkpt><trkpt lat="46.61296" lon="8.30635"></trkpt><trkpt lat="46.6129" lon="8.30645"></trkpt><trkpt lat="46.61283" lon="8.30655"></trkpt><trkpt lat="46.61278" lon="8.30663"></trkpt><trkpt lat="46.61273" lon="8.30669"></trkpt><trkpt lat="46.61266" lon="8.30676"></trkpt><trkpt lat="46.61259" lon="8.30684"></trkpt><trkpt lat="46.61252" lon="8.30693"></trkpt><trkpt lat="46.61228" lon="8.3072"></trkpt><trkpt lat="46.61204" lon="8.30751"></trkpt><trkpt lat="46.61195" lon="8.3076"></trkpt><trkpt lat="46.61192" lon="8.30762"></trkpt><trkpt lat="46.61185" lon="8.30768"></trkpt><trkpt lat="46.61167" lon="8.30781"></trkpt><trkpt lat="46.61164" lon="8.30783"></trkpt><trkpt lat="46.61161" lon="8.30788"></trkpt><trkpt lat="46.61158" lon="8.30788"></trkpt><trkpt lat="46.61151" lon="8.30789"></trkpt><trkpt lat="46.61141" lon="8.3079"></trkpt><trkpt lat="46.61134" lon="8.3079"></trkpt><trkpt lat="46.61129" lon="8.30791"></trkpt><trkpt lat="46.61125" lon="8.30789"></trkpt><trkpt lat="46.61118" lon="8.30788"></trkpt><trkpt lat="46.61111" lon="8.30791"></trkpt><trkpt lat="46.61096" lon="8.30792"></trkpt><trkpt lat="46.6109" lon="8.30789"></trkpt><trkpt lat="46.61086" lon="8.30785"></trkpt><trkpt lat="46.61083" lon="8.30778"></trkpt><trkpt lat="46.61078" lon="8.30774"></trkpt><trkpt lat="46.61074" lon="8.30774"></trkpt><trkpt lat="46.61067" lon="8.30776"></trkpt><trkpt lat="46.61051" lon="8.30789"></trkpt><trkpt lat="46.61041" lon="8.30799"></trkpt><trkpt lat="46.61038" lon="8.30801"></trkpt><trkpt lat="46.61025" lon="8.30801"></trkpt><trkpt lat="46.61013" lon="8.308"></trkpt><trkpt lat="46.61006" lon="8.30799"></trkpt><trkpt lat="46.60996" lon="8.30804"></trkpt><trkpt lat="46.60992" lon="8.30807"></trkpt><trkpt lat="46.60987" lon="8.3081"></trkpt><trkpt lat="46.60981" lon="8.30813"></trkpt><trkpt lat="46.60979" lon="8.30817"></trkpt><trkpt lat="46.60978" lon="8.30817"></trkpt><trkpt lat="46.60974" lon="8.30819"></trkpt><trkpt lat="46.6097" lon="8.30822"></trkpt><trkpt lat="46.60966" lon="8.30822"></trkpt><trkpt lat="46.60959" lon="8.30822"></trkpt><trkpt lat="46.60953" lon="8.30823"></trkpt><trkpt lat="46.60946" lon="8.30824"></trkpt><trkpt lat="46.60937" lon="8.30827"></trkpt><trkpt lat="46.60928" lon="8.30828"></trkpt><trkpt lat="46.60921" lon="8.3083"></trkpt><trkpt lat="46.60917" lon="8.30831"></trkpt><trkpt lat="46.60913" lon="8.30832"></trkpt><trkpt lat="46.6091" lon="8.30835"></trkpt><trkpt lat="46.60904" lon="8.30839"></trkpt><trkpt lat="46.609" lon="8.3084"></trkpt><trkpt lat="46.60897" lon="8.30841"></trkpt><trkpt lat="46.60894" lon="8.30844"></trkpt><trkpt lat="46.6089" lon="8.30848"></trkpt><trkpt lat="46.60884" lon="8.30854"></trkpt><trkpt lat="46.60876" lon="8.30864"></trkpt><trkpt lat="46.6087" lon="8.30875"></trkpt><trkpt lat="46.60863" lon="8.30885"></trkpt><trkpt lat="46.60854" lon="8.30898"></trkpt><trkpt lat="46.60849" lon="8.30904"></trkpt><trkpt lat="46.60843" lon="8.3091"></trkpt><trkpt lat="46.60837" lon="8.30915"></trkpt><trkpt lat="46.60829" lon="8.30922"></trkpt><trkpt lat="46.60819" lon="8.30928"></trkpt><trkpt lat="46.60813" lon="8.30931"></trkpt><trkpt lat="46.60808" lon="8.30933"></trkpt><trkpt lat="46.60802" lon="8.30937"></trkpt><trkpt lat="46.60795" lon="8.30941"></trkpt><trkpt lat="46.6079" lon="8.30944"></trkpt><trkpt lat="46.60785" lon="8.30946"></trkpt><trkpt lat="46.6078" lon="8.30948"></trkpt><trkpt lat="46.60777" lon="8.30951"></trkpt><trkpt lat="46.60773" lon="8.3095"></trkpt><trkpt lat="46.60769" lon="8.3095"></trkpt><trkpt lat="46.60763" lon="8.30951"></trkpt><trkpt lat="46.60761" lon="8.30953"></trkpt><trkpt lat="46.60755" lon="8.30954"></trkpt><trkpt lat="46.60752" lon="8.30955"></trkpt><trkpt lat="46.60748" lon="8.30955"></trkpt><trkpt lat="46.60744" lon="8.30955"></trkpt><trkpt lat="46.60741" lon="8.30957"></trkpt><trkpt lat="46.60733" lon="8.30956"></trkpt><trkpt lat="46.60727" lon="8.30954"></trkpt><trkpt lat="46.60722" lon="8.30953"></trkpt><trkpt lat="46.60717" lon="8.30953"></trkpt><trkpt lat="46.60713" lon="8.30952"></trkpt><trkpt lat="46.60711" lon="8.30951"></trkpt><trkpt lat="46.60706" lon="8.30951"></trkpt><trkpt lat="46.607" lon="8.30946"></trkpt><trkpt lat="46.60695" lon="8.30945"></trkpt><trkpt lat="46.60688" lon="8.30942"></trkpt><trkpt lat="46.60685" lon="8.30941"></trkpt><trkpt lat="46.60677" lon="8.30939"></trkpt><trkpt lat="46.60672" lon="8.30937"></trkpt><trkpt lat="46.60669" lon="8.30936"></trkpt><trkpt lat="46.60663" lon="8.30933"></trkpt><trkpt lat="46.60658" lon="8.30932"></trkpt><trkpt lat="46.60653" lon="8.30928"></trkpt><trkpt lat="46.6065" lon="8.30926"></trkpt><trkpt lat="46.60646" lon="8.30924"></trkpt><trkpt lat="46.60641" lon="8.3092"></trkpt><trkpt lat="46.60632" lon="8.30913"></trkpt><trkpt lat="46.60626" lon="8.30909"></trkpt><trkpt lat="46.6062" lon="8.30905"></trkpt><trkpt lat="46.60617" lon="8.30903"></trkpt><trkpt lat="46.60613" lon="8.30897"></trkpt><trkpt lat="46.60609" lon="8.30896"></trkpt><trkpt lat="46.60602" lon="8.30892"></trkpt><trkpt lat="46.60597" lon="8.30886"></trkpt><trkpt lat="46.60594" lon="8.3088"></trkpt><trkpt lat="46.60591" lon="8.30874"></trkpt><trkpt lat="46.60589" lon="8.3087"></trkpt><trkpt lat="46.60587" lon="8.3087"></trkpt><trkpt lat="46.60583" lon="8.30869"></trkpt><trkpt lat="46.60581" lon="8.30867"></trkpt><trkpt lat="46.60578" lon="8.30867"></trkpt><trkpt lat="46.60575" lon="8.3087"></trkpt><trkpt lat="46.60571" lon="8.30872"></trkpt><trkpt lat="46.60567" lon="8.30872"></trkpt><trkpt lat="46.60563" lon="8.30871"></trkpt><trkpt lat="46.60559" lon="8.30873"></trkpt><trkpt lat="46.60554" lon="8.30874"></trkpt><trkpt lat="46.60549" lon="8.30875"></trkpt><trkpt lat="46.60545" lon="8.30874"></trkpt><trkpt lat="46.60538" lon="8.30873"></trkpt><trkpt lat="46.60534" lon="8.30874"></trkpt><trkpt lat="46.60527" lon="8.30878"></trkpt><trkpt lat="46.60524" lon="8.30882"></trkpt><trkpt lat="46.60522" lon="8.30888"></trkpt><trkpt lat="46.60519" lon="8.30897"></trkpt><trkpt lat="46.60516" lon="8.30907"></trkpt><trkpt lat="46.60514" lon="8.30915"></trkpt><trkpt lat="46.60511" lon="8.3092"></trkpt><trkpt lat="46.60507" lon="8.30923"></trkpt><trkpt lat="46.60504" lon="8.30926"></trkpt><trkpt lat="46.60501" lon="8.30931"></trkpt><trkpt lat="46.60497" lon="8.30932"></trkpt><trkpt lat="46.60494" lon="8.30932"></trkpt><trkpt lat="46.60491" lon="8.30937"></trkpt><trkpt lat="46.60487" lon="8.30943"></trkpt><trkpt lat="46.60484" lon="8.30945"></trkpt><trkpt lat="46.60482" lon="8.30946"></trkpt><trkpt lat="46.60477" lon="8.30957"></trkpt><trkpt lat="46.60472" lon="8.30967"></trkpt><trkpt lat="46.60465" lon="8.30982"></trkpt><trkpt lat="46.60462" lon="8.30985"></trkpt><trkpt lat="46.60459" lon="8.30989"></trkpt><trkpt lat="46.60459" lon="8.30995"></trkpt><trkpt lat="46.60459" lon="8.31002"></trkpt><trkpt lat="46.60454" lon="8.31003"></trkpt><trkpt lat="46.60453" lon="8.31012"></trkpt><trkpt lat="46.6045" lon="8.31019"></trkpt><trkpt lat="46.60443" lon="8.31029"></trkpt><trkpt lat="46.60441" lon="8.31037"></trkpt><trkpt lat="46.60437" lon="8.31042"></trkpt><trkpt lat="46.60428" lon="8.31044"></trkpt><trkpt lat="46.60423" lon="8.31043"></trkpt><trkpt lat="46.60419" lon="8.31043"></trkpt><trkpt lat="46.60414" lon="8.31046"></trkpt><trkpt lat="46.6041" lon="8.31051"></trkpt><trkpt lat="46.60406" lon="8.31058"></trkpt><trkpt lat="46.60402" lon="8.31062"></trkpt><trkpt lat="46.604" lon="8.31067"></trkpt><trkpt lat="46.60398" lon="8.31073"></trkpt><trkpt lat="46.60394" lon="8.31084"></trkpt><trkpt lat="46.60388" lon="8.31093"></trkpt><trkpt lat="46.60384" lon="8.31101"></trkpt><trkpt lat="46.60379" lon="8.31109"></trkpt><trkpt lat="46.60372" lon="8.31124"></trkpt><trkpt lat="46.60362" lon="8.31143"></trkpt><trkpt lat="46.60354" lon="8.31157"></trkpt><trkpt lat="46.60352" lon="8.31163"></trkpt><trkpt lat="46.60349" lon="8.31171"></trkpt><trkpt lat="46.60348" lon="8.3118"></trkpt><trkpt lat="46.60347" lon="8.31185"></trkpt><trkpt lat="46.60342" lon="8.31187"></trkpt><trkpt lat="46.60337" lon="8.31195"></trkpt><trkpt lat="46.60334" lon="8.31199"></trkpt><trkpt lat="46.6033" lon="8.31209"></trkpt><trkpt lat="46.60325" lon="8.31224"></trkpt><trkpt lat="46.60321" lon="8.31233"></trkpt><trkpt lat="46.60317" lon="8.31248"></trkpt><trkpt lat="46.60314" lon="8.31261"></trkpt><trkpt lat="46.60316" lon="8.31269"></trkpt><trkpt lat="46.60316" lon="8.31275"></trkpt><trkpt lat="46.60316" lon="8.31281"></trkpt><trkpt lat="46.60314" lon="8.31295"></trkpt><trkpt lat="46.60313" lon="8.31301"></trkpt><trkpt lat="46.60312" lon="8.31307"></trkpt><trkpt lat="46.6031" lon="8.31312"></trkpt><trkpt lat="46.60307" lon="8.31327"></trkpt><trkpt lat="46.60304" lon="8.31336"></trkpt><trkpt lat="46.60304" lon="8.31342"></trkpt><trkpt lat="46.60298" lon="8.31355"></trkpt><trkpt lat="46.60295" lon="8.31364"></trkpt><trkpt lat="46.60293" lon="8.31381"></trkpt><trkpt lat="46.60292" lon="8.31391"></trkpt><trkpt lat="46.60287" lon="8.31406"></trkpt><trkpt lat="46.60281" lon="8.31416"></trkpt><trkpt lat="46.60277" lon="8.31424"></trkpt><trkpt lat="46.60271" lon="8.31432"></trkpt><trkpt lat="46.60268" lon="8.31438"></trkpt><trkpt lat="46.60265" lon="8.31446"></trkpt><trkpt lat="46.60262" lon="8.3145"></trkpt><trkpt lat="46.6026" lon="8.31454"></trkpt><trkpt lat="46.60257" lon="8.31457"></trkpt><trkpt lat="46.60255" lon="8.31461"></trkpt><trkpt lat="46.6025" lon="8.3147"></trkpt><trkpt lat="46.60244" lon="8.31477"></trkpt><trkpt lat="46.60241" lon="8.31483"></trkpt><trkpt lat="46.60237" lon="8.31491"></trkpt><trkpt lat="46.60232" lon="8.31498"></trkpt><trkpt lat="46.60228" lon="8.31504"></trkpt><trkpt lat="46.60223" lon="8.31509"></trkpt><trkpt lat="46.60215" lon="8.31517"></trkpt><trkpt lat="46.6021" lon="8.31521"></trkpt><trkpt lat="46.60207" lon="8.31522"></trkpt><trkpt lat="46.60203" lon="8.31521"></trkpt><trkpt lat="46.60198" lon="8.31523"></trkpt><trkpt lat="46.60196" lon="8.31527"></trkpt><trkpt lat="46.60195" lon="8.31534"></trkpt><trkpt lat="46.60196" lon="8.31545"></trkpt><trkpt lat="46.60195" lon="8.31552"></trkpt><trkpt lat="46.60191" lon="8.31561"></trkpt><trkpt lat="46.60189" lon="8.31566"></trkpt><trkpt lat="46.60188" lon="8.31571"></trkpt><trkpt lat="46.6019" lon="8.31579"></trkpt><trkpt lat="46.60192" lon="8.31583"></trkpt><trkpt lat="46.60193" lon="8.31587"></trkpt><trkpt lat="46.60193" lon="8.31592"></trkpt><trkpt lat="46.60192" lon="8.31604"></trkpt><trkpt lat="46.60189" lon="8.31614"></trkpt><trkpt lat="46.60185" lon="8.3162"></trkpt><trkpt lat="46.6018" lon="8.31629"></trkpt><trkpt lat="46.60177" lon="8.31636"></trkpt><trkpt lat="46.60174" lon="8.31642"></trkpt><trkpt lat="46.60171" lon="8.31643"></trkpt><trkpt lat="46.60166" lon="8.3164"></trkpt><trkpt lat="46.60167" lon="8.31635"></trkpt><trkpt lat="46.60167" lon="8.31622"></trkpt><trkpt lat="46.60168" lon="8.31613"></trkpt><trkpt lat="46.60165" lon="8.31614"></trkpt><trkpt lat="46.60159" lon="8.31622"></trkpt><trkpt lat="46.60154" lon="8.31628"></trkpt><trkpt lat="46.60147" lon="8.31636"></trkpt><trkpt lat="46.60143" lon="8.31642"></trkpt><trkpt lat="46.60141" lon="8.31652"></trkpt><trkpt lat="46.60138" lon="8.31658"></trkpt><trkpt lat="46.6013" lon="8.31667"></trkpt><trkpt lat="46.60123" lon="8.31671"></trkpt><trkpt lat="46.60113" lon="8.31677"></trkpt><trkpt lat="46.6011" lon="8.3168"></trkpt><trkpt lat="46.60106" lon="8.31685"></trkpt><trkpt lat="46.60101" lon="8.31688"></trkpt><trkpt lat="46.60094" lon="8.31692"></trkpt><trkpt lat="46.60089" lon="8.31692"></trkpt><trkpt lat="46.60082" lon="8.31693"></trkpt><trkpt lat="46.60078" lon="8.31695"></trkpt><trkpt lat="46.60072" lon="8.31699"></trkpt><trkpt lat="46.60069" lon="8.31706"></trkpt><trkpt lat="46.60064" lon="8.31719"></trkpt><trkpt lat="46.6006" lon="8.31736"></trkpt><trkpt lat="46.60055" lon="8.31745"></trkpt><trkpt lat="46.60051" lon="8.3175"></trkpt><trkpt lat="46.60048" lon="8.31751"></trkpt><trkpt lat="46.60044" lon="8.3175"></trkpt><trkpt lat="46.60041" lon="8.31747"></trkpt><trkpt lat="46.60038" lon="8.31746"></trkpt><trkpt lat="46.60035" lon="8.31747"></trkpt><trkpt lat="46.60033" lon="8.31754"></trkpt><trkpt lat="46.60032" lon="8.31759"></trkpt><trkpt lat="46.6003" lon="8.31771"></trkpt><trkpt lat="46.60029" lon="8.3178"></trkpt><trkpt lat="46.60026" lon="8.31795"></trkpt><trkpt lat="46.60023" lon="8.31805"></trkpt><trkpt lat="46.60021" lon="8.31819"></trkpt><trkpt lat="46.60019" lon="8.31827"></trkpt><trkpt lat="46.60016" lon="8.31835"></trkpt><trkpt lat="46.60011" lon="8.31846"></trkpt><trkpt lat="46.60007" lon="8.31859"></trkpt><trkpt lat="46.60004" lon="8.31868"></trkpt><trkpt lat="46.59994" lon="8.3189"></trkpt><trkpt lat="46.59989" lon="8.31902"></trkpt><trkpt lat="46.59988" lon="8.31911"></trkpt><trkpt lat="46.59985" lon="8.31918"></trkpt><trkpt lat="46.59981" lon="8.31926"></trkpt><trkpt lat="46.59976" lon="8.31935"></trkpt><trkpt lat="46.5997" lon="8.31948"></trkpt><trkpt lat="46.59967" lon="8.31958"></trkpt><trkpt lat="46.59963" lon="8.31971"></trkpt><trkpt lat="46.5996" lon="8.31978"></trkpt><trkpt lat="46.59957" lon="8.31982"></trkpt><trkpt lat="46.59954" lon="8.31986"></trkpt><trkpt lat="46.59951" lon="8.31993"></trkpt><trkpt lat="46.59948" lon="8.31998"></trkpt><trkpt lat="46.59945" lon="8.32002"></trkpt><trkpt lat="46.5994" lon="8.32005"></trkpt><trkpt lat="46.59935" lon="8.32007"></trkpt><trkpt lat="46.59932" lon="8.32011"></trkpt><trkpt lat="46.5993" lon="8.32015"></trkpt><trkpt lat="46.59924" lon="8.32014"></trkpt><trkpt lat="46.5992" lon="8.32011"></trkpt><trkpt lat="46.59916" lon="8.3201"></trkpt><trkpt lat="46.5991" lon="8.32006"></trkpt><trkpt lat="46.59907" lon="8.32004"></trkpt><trkpt lat="46.59898" lon="8.32003"></trkpt><trkpt lat="46.59893" lon="8.31996"></trkpt><trkpt lat="46.5989" lon="8.31996"></trkpt><trkpt lat="46.59885" lon="8.31996"></trkpt><trkpt lat="46.59881" lon="8.31993"></trkpt><trkpt lat="46.59877" lon="8.31994"></trkpt><trkpt lat="46.59873" lon="8.31989"></trkpt><trkpt lat="46.59869" lon="8.31985"></trkpt><trkpt lat="46.59864" lon="8.31982"></trkpt><trkpt lat="46.59858" lon="8.31979"></trkpt><trkpt lat="46.5985" lon="8.31978"></trkpt><trkpt lat="46.59844" lon="8.31979"></trkpt><trkpt lat="46.59839" lon="8.31978"></trkpt><trkpt lat="46.59833" lon="8.31979"></trkpt><trkpt lat="46.59827" lon="8.31984"></trkpt><trkpt lat="46.59822" lon="8.31985"></trkpt><trkpt lat="46.59815" lon="8.31992"></trkpt><trkpt lat="46.59807" lon="8.31995"></trkpt><trkpt lat="46.59805" lon="8.31999"></trkpt><trkpt lat="46.59799" lon="8.32008"></trkpt><trkpt lat="46.59791" lon="8.32016"></trkpt><trkpt lat="46.59786" lon="8.32025"></trkpt><trkpt lat="46.5978" lon="8.32034"></trkpt><trkpt lat="46.59772" lon="8.32039"></trkpt><trkpt lat="46.59763" lon="8.32046"></trkpt><trkpt lat="46.59757" lon="8.32052"></trkpt><trkpt lat="46.59754" lon="8.32057"></trkpt><trkpt lat="46.59754" lon="8.32061"></trkpt><trkpt lat="46.59751" lon="8.32061"></trkpt><trkpt lat="46.59743" lon="8.32061"></trkpt><trkpt lat="46.59739" lon="8.32063"></trkpt><trkpt lat="46.59732" lon="8.32068"></trkpt><trkpt lat="46.59728" lon="8.32071"></trkpt><trkpt lat="46.59723" lon="8.32071"></trkpt><trkpt lat="46.59717" lon="8.32069"></trkpt><trkpt lat="46.59711" lon="8.32067"></trkpt><trkpt lat="46.59706" lon="8.32068"></trkpt><trkpt lat="46.59703" lon="8.32071"></trkpt><trkpt lat="46.59698" lon="8.32078"></trkpt><trkpt lat="46.59694" lon="8.32085"></trkpt><trkpt lat="46.59694" lon="8.32091"></trkpt><trkpt lat="46.59688" lon="8.32112"></trkpt><trkpt lat="46.59687" lon="8.32115"></trkpt><trkpt lat="46.59686" lon="8.32119"></trkpt><trkpt lat="46.59686" lon="8.32129"></trkpt><trkpt lat="46.59687" lon="8.3215"></trkpt><trkpt lat="46.59686" lon="8.32173"></trkpt><trkpt lat="46.59686" lon="8.32177"></trkpt><trkpt lat="46.59685" lon="8.32177"></trkpt><trkpt lat="46.5968" lon="8.32173"></trkpt><trkpt lat="46.59676" lon="8.32172"></trkpt><trkpt lat="46.59672" lon="8.32173"></trkpt><trkpt lat="46.59667" lon="8.3217"></trkpt><trkpt lat="46.59664" lon="8.32169"></trkpt><trkpt lat="46.59661" lon="8.32162"></trkpt><trkpt lat="46.59657" lon="8.32163"></trkpt><trkpt lat="46.59653" lon="8.32166"></trkpt><trkpt lat="46.59648" lon="8.32166"></trkpt><trkpt lat="46.59644" lon="8.32165"></trkpt><trkpt lat="46.59638" lon="8.32163"></trkpt><trkpt lat="46.59629" lon="8.32157"></trkpt><trkpt lat="46.59624" lon="8.32152"></trkpt><trkpt lat="46.59618" lon="8.32147"></trkpt><trkpt lat="46.59615" lon="8.32144"></trkpt><trkpt lat="46.5961" lon="8.32143"></trkpt><trkpt lat="46.59606" lon="8.32137"></trkpt><trkpt lat="46.59602" lon="8.32135"></trkpt><trkpt lat="46.59599" lon="8.32131"></trkpt><trkpt lat="46.59596" lon="8.32132"></trkpt><trkpt lat="46.59591" lon="8.32128"></trkpt><trkpt lat="46.59588" lon="8.32124"></trkpt><trkpt lat="46.59586" lon="8.32124"></trkpt><trkpt lat="46.59584" lon="8.32126"></trkpt><trkpt lat="46.5958" lon="8.32126"></trkpt><trkpt lat="46.59578" lon="8.32125"></trkpt><trkpt lat="46.59574" lon="8.32129"></trkpt><trkpt lat="46.59569" lon="8.32133"></trkpt><trkpt lat="46.59564" lon="8.32134"></trkpt><trkpt lat="46.59559" lon="8.32136"></trkpt><trkpt lat="46.59555" lon="8.32138"></trkpt><trkpt lat="46.59552" lon="8.32141"></trkpt><trkpt lat="46.59547" lon="8.32145"></trkpt><trkpt lat="46.59543" lon="8.32147"></trkpt><trkpt lat="46.59538" lon="8.32148"></trkpt><trkpt lat="46.59535" lon="8.32147"></trkpt><trkpt lat="46.59533" lon="8.32143"></trkpt><trkpt lat="46.59531" lon="8.32141"></trkpt><trkpt lat="46.59528" lon="8.32141"></trkpt><trkpt lat="46.59522" lon="8.32141"></trkpt><trkpt lat="46.59514" lon="8.32141"></trkpt><trkpt lat="46.59506" lon="8.32138"></trkpt><trkpt lat="46.59496" lon="8.32135"></trkpt><trkpt lat="46.5949" lon="8.32133"></trkpt><trkpt lat="46.59484" lon="8.32133"></trkpt><trkpt lat="46.59477" lon="8.32134"></trkpt><trkpt lat="46.59473" lon="8.32124"></trkpt><trkpt lat="46.59473" lon="8.32104"></trkpt><trkpt lat="46.59474" lon="8.32087"></trkpt><trkpt lat="46.59471" lon="8.32076"></trkpt><trkpt lat="46.5947" lon="8.32068"></trkpt><trkpt lat="46.59467" lon="8.32061"></trkpt><trkpt lat="46.59464" lon="8.32058"></trkpt><trkpt lat="46.5946" lon="8.32058"></trkpt><trkpt lat="46.59454" lon="8.32058"></trkpt><trkpt lat="46.5945" lon="8.32061"></trkpt><trkpt lat="46.59446" lon="8.32063"></trkpt><trkpt lat="46.59445" lon="8.32062"></trkpt><trkpt lat="46.59443" lon="8.32059"></trkpt><trkpt lat="46.59437" lon="8.32057"></trkpt><trkpt lat="46.5943" lon="8.32057"></trkpt><trkpt lat="46.59428" lon="8.32056"></trkpt><trkpt lat="46.59422" lon="8.32049"></trkpt><trkpt lat="46.59417" lon="8.32046"></trkpt><trkpt lat="46.59412" lon="8.32046"></trkpt><trkpt lat="46.59406" lon="8.32047"></trkpt><trkpt lat="46.594" lon="8.32052"></trkpt><trkpt lat="46.59394" lon="8.32058"></trkpt><trkpt lat="46.59389" lon="8.32068"></trkpt><trkpt lat="46.59385" lon="8.32079"></trkpt><trkpt lat="46.59384" lon="8.32088"></trkpt><trkpt lat="46.59385" lon="8.32098"></trkpt><trkpt lat="46.59387" lon="8.32106"></trkpt><trkpt lat="46.59388" lon="8.32112"></trkpt><trkpt lat="46.59387" lon="8.32114"></trkpt><trkpt lat="46.59386" lon="8.32114"></trkpt><trkpt lat="46.59385" lon="8.32112"></trkpt><trkpt lat="46.59382" lon="8.32107"></trkpt><trkpt lat="46.59381" lon="8.32105"></trkpt><trkpt lat="46.5938" lon="8.32106"></trkpt><trkpt lat="46.59377" lon="8.32107"></trkpt><trkpt lat="46.59374" lon="8.32112"></trkpt><trkpt lat="46.59371" lon="8.32116"></trkpt><trkpt lat="46.59367" lon="8.32117"></trkpt><trkpt lat="46.59364" lon="8.32117"></trkpt><trkpt lat="46.5936" lon="8.32115"></trkpt><trkpt lat="46.59355" lon="8.3211"></trkpt><trkpt lat="46.59353" lon="8.32105"></trkpt><trkpt lat="46.59351" lon="8.32101"></trkpt><trkpt lat="46.59351" lon="8.32097"></trkpt><trkpt lat="46.59351" lon="8.32092"></trkpt><trkpt lat="46.5935" lon="8.32087"></trkpt><trkpt lat="46.59348" lon="8.32085"></trkpt><trkpt lat="46.59344" lon="8.32073"></trkpt><trkpt lat="46.59336" lon="8.3205"></trkpt><trkpt lat="46.59332" lon="8.32039"></trkpt><trkpt lat="46.59329" lon="8.32029"></trkpt><trkpt lat="46.59328" lon="8.3202"></trkpt><trkpt lat="46.59327" lon="8.32008"></trkpt><trkpt lat="46.59327" lon="8.31995"></trkpt><trkpt lat="46.59328" lon="8.31983"></trkpt><trkpt lat="46.59329" lon="8.31977"></trkpt><trkpt lat="46.59329" lon="8.31967"></trkpt><trkpt lat="46.59331" lon="8.31962"></trkpt><trkpt lat="46.59331" lon="8.31959"></trkpt><trkpt lat="46.5933" lon="8.31959"></trkpt><trkpt lat="46.59327" lon="8.31961"></trkpt><trkpt lat="46.59321" lon="8.31962"></trkpt><trkpt lat="46.59316" lon="8.31964"></trkpt><trkpt lat="46.59311" lon="8.31965"></trkpt><trkpt lat="46.59304" lon="8.31965"></trkpt><trkpt lat="46.59299" lon="8.31964"></trkpt><trkpt lat="46.59292" lon="8.31963"></trkpt><trkpt lat="46.59286" lon="8.31962"></trkpt><trkpt lat="46.59281" lon="8.31961"></trkpt><trkpt lat="46.59276" lon="8.3196"></trkpt><trkpt lat="46.59258" lon="8.31958"></trkpt><trkpt lat="46.59258" lon="8.3195"></trkpt><trkpt lat="46.59257" lon="8.31946"></trkpt><trkpt lat="46.59255" lon="8.31944"></trkpt><trkpt lat="46.59253" lon="8.31937"></trkpt><trkpt lat="46.59251" lon="8.3193"></trkpt><trkpt lat="46.5925" lon="8.31923"></trkpt><trkpt lat="46.59249" lon="8.31918"></trkpt><trkpt lat="46.59251" lon="8.31908"></trkpt><trkpt lat="46.59254" lon="8.31906"></trkpt><trkpt lat="46.59256" lon="8.319"></trkpt><trkpt lat="46.59256" lon="8.31895"></trkpt><trkpt lat="46.59254" lon="8.31893"></trkpt><trkpt lat="46.59253" lon="8.31885"></trkpt><trkpt lat="46.5925" lon="8.31882"></trkpt><trkpt lat="46.59253" lon="8.31879"></trkpt><trkpt lat="46.59254" lon="8.31872"></trkpt><trkpt lat="46.59256" lon="8.3187"></trkpt><trkpt lat="46.59257" lon="8.31863"></trkpt><trkpt lat="46.59254" lon="8.31859"></trkpt><trkpt lat="46.5925" lon="8.31855"></trkpt><trkpt lat="46.59248" lon="8.31855"></trkpt><trkpt lat="46.59243" lon="8.31852"></trkpt><trkpt lat="46.59237" lon="8.3185"></trkpt><trkpt lat="46.59235" lon="8.31847"></trkpt><trkpt lat="46.59232" lon="8.31846"></trkpt><trkpt lat="46.59228" lon="8.31849"></trkpt><trkpt lat="46.59224" lon="8.31852"></trkpt><trkpt lat="46.59219" lon="8.3185"></trkpt><trkpt lat="46.59217" lon="8.31854"></trkpt><trkpt lat="46.59214" lon="8.31857"></trkpt><trkpt lat="46.59211" lon="8.31856"></trkpt><trkpt lat="46.59206" lon="8.31855"></trkpt><trkpt lat="46.59202" lon="8.31852"></trkpt><trkpt lat="46.59197" lon="8.31852"></trkpt><trkpt lat="46.59199" lon="8.31848"></trkpt><trkpt lat="46.592" lon="8.31847"></trkpt><trkpt lat="46.59195" lon="8.31848"></trkpt><trkpt lat="46.59196" lon="8.31843"></trkpt><trkpt lat="46.59193" lon="8.31844"></trkpt><trkpt lat="46.59189" lon="8.31845"></trkpt><trkpt lat="46.59185" lon="8.31845"></trkpt><trkpt lat="46.59182" lon="8.31845"></trkpt><trkpt lat="46.5918" lon="8.31847"></trkpt><trkpt lat="46.59178" lon="8.31849"></trkpt><trkpt lat="46.59177" lon="8.31855"></trkpt><trkpt lat="46.59174" lon="8.31857"></trkpt><trkpt lat="46.59171" lon="8.31861"></trkpt><trkpt lat="46.59167" lon="8.31865"></trkpt><trkpt lat="46.59164" lon="8.31867"></trkpt><trkpt lat="46.59162" lon="8.3187"></trkpt><trkpt lat="46.59158" lon="8.31872"></trkpt><trkpt lat="46.59154" lon="8.31875"></trkpt><trkpt lat="46.59152" lon="8.31879"></trkpt><trkpt lat="46.59147" lon="8.31881"></trkpt><trkpt lat="46.59144" lon="8.31882"></trkpt><trkpt lat="46.5914" lon="8.31886"></trkpt><trkpt lat="46.59139" lon="8.31895"></trkpt><trkpt lat="46.59139" lon="8.31908"></trkpt><trkpt lat="46.59138" lon="8.31916"></trkpt><trkpt lat="46.59137" lon="8.31918"></trkpt><trkpt lat="46.59133" lon="8.31921"></trkpt><trkpt lat="46.59124" lon="8.31933"></trkpt><trkpt lat="46.59118" lon="8.31943"></trkpt><trkpt lat="46.59111" lon="8.31954"></trkpt><trkpt lat="46.59106" lon="8.31962"></trkpt><trkpt lat="46.59103" lon="8.31965"></trkpt><trkpt lat="46.591" lon="8.3197"></trkpt><trkpt lat="46.59096" lon="8.31978"></trkpt><trkpt lat="46.59094" lon="8.31984"></trkpt><trkpt lat="46.59092" lon="8.31988"></trkpt><trkpt lat="46.59088" lon="8.31993"></trkpt><trkpt lat="46.59083" lon="8.31996"></trkpt><trkpt lat="46.59077" lon="8.32001"></trkpt><trkpt lat="46.59074" lon="8.32003"></trkpt><trkpt lat="46.5907" lon="8.32001"></trkpt><trkpt lat="46.59067" lon="8.32001"></trkpt><trkpt lat="46.59062" lon="8.32004"></trkpt><trkpt lat="46.59055" lon="8.32014"></trkpt><trkpt lat="46.59049" lon="8.32022"></trkpt><trkpt lat="46.59044" lon="8.32027"></trkpt><trkpt lat="46.59037" lon="8.32035"></trkpt><trkpt lat="46.59032" lon="8.32042"></trkpt><trkpt lat="46.59028" lon="8.32048"></trkpt><trkpt lat="46.59026" lon="8.32053"></trkpt><trkpt lat="46.59025" lon="8.32058"></trkpt><trkpt lat="46.59023" lon="8.32064"></trkpt><trkpt lat="46.5902" lon="8.32068"></trkpt><trkpt lat="46.59016" lon="8.32073"></trkpt><trkpt lat="46.59013" lon="8.32077"></trkpt><trkpt lat="46.59008" lon="8.32085"></trkpt><trkpt lat="46.59004" lon="8.32091"></trkpt><trkpt lat="46.58999" lon="8.32091"></trkpt><trkpt lat="46.58995" lon="8.32089"></trkpt><trkpt lat="46.58993" lon="8.3208"></trkpt><trkpt lat="46.58993" lon="8.32068"></trkpt><trkpt lat="46.58993" lon="8.32057"></trkpt><trkpt lat="46.58993" lon="8.32047"></trkpt><trkpt lat="46.58992" lon="8.32048"></trkpt><trkpt lat="46.58985" lon="8.32054"></trkpt><trkpt lat="46.58979" lon="8.32062"></trkpt><trkpt lat="46.58976" lon="8.32065"></trkpt><trkpt lat="46.58974" lon="8.32074"></trkpt><trkpt lat="46.58967" lon="8.32078"></trkpt><trkpt lat="46.58963" lon="8.32081"></trkpt><trkpt lat="46.58961" lon="8.32084"></trkpt><trkpt lat="46.58959" lon="8.32088"></trkpt><trkpt lat="46.58954" lon="8.32096"></trkpt><trkpt lat="46.58951" lon="8.32099"></trkpt><trkpt lat="46.58948" lon="8.32105"></trkpt><trkpt lat="46.58945" lon="8.32108"></trkpt><trkpt lat="46.58942" lon="8.32113"></trkpt><trkpt lat="46.58938" lon="8.32116"></trkpt><trkpt lat="46.58931" lon="8.32119"></trkpt><trkpt lat="46.58925" lon="8.32121"></trkpt><trkpt lat="46.58921" lon="8.32121"></trkpt><trkpt lat="46.58916" lon="8.32117"></trkpt><trkpt lat="46.58909" lon="8.32114"></trkpt><trkpt lat="46.58907" lon="8.32112"></trkpt><trkpt lat="46.58904" lon="8.3211"></trkpt><trkpt lat="46.58899" lon="8.32105"></trkpt><trkpt lat="46.58894" lon="8.32104"></trkpt><trkpt lat="46.5889" lon="8.32097"></trkpt><trkpt lat="46.58889" lon="8.32094"></trkpt><trkpt lat="46.58887" lon="8.32088"></trkpt><trkpt lat="46.58884" lon="8.32084"></trkpt><trkpt lat="46.58879" lon="8.32079"></trkpt><trkpt lat="46.58871" lon="8.32075"></trkpt><trkpt lat="46.58863" lon="8.32072"></trkpt><trkpt lat="46.58858" lon="8.3207"></trkpt><trkpt lat="46.58855" lon="8.32069"></trkpt><trkpt lat="46.5885" lon="8.32067"></trkpt><trkpt lat="46.58847" lon="8.32066"></trkpt><trkpt lat="46.58845" lon="8.32067"></trkpt><trkpt lat="46.58843" lon="8.32068"></trkpt><trkpt lat="46.58841" lon="8.32068"></trkpt><trkpt lat="46.58838" lon="8.32067"></trkpt><trkpt lat="46.58835" lon="8.32067"></trkpt><trkpt lat="46.58832" lon="8.32068"></trkpt><trkpt lat="46.58829" lon="8.32068"></trkpt><trkpt lat="46.58827" lon="8.32067"></trkpt><trkpt lat="46.58813" lon="8.3205"></trkpt><trkpt lat="46.58811" lon="8.32048"></trkpt><trkpt lat="46.58809" lon="8.32049"></trkpt><trkpt lat="46.58806" lon="8.32053"></trkpt><trkpt lat="46.58804" lon="8.32057"></trkpt><trkpt lat="46.58803" lon="8.32061"></trkpt><trkpt lat="46.58799" lon="8.32069"></trkpt><trkpt lat="46.58797" lon="8.32073"></trkpt><trkpt lat="46.58793" lon="8.32077"></trkpt><trkpt lat="46.5879" lon="8.32084"></trkpt><trkpt lat="46.58788" lon="8.32088"></trkpt><trkpt lat="46.58787" lon="8.32093"></trkpt><trkpt lat="46.58787" lon="8.32099"></trkpt><trkpt lat="46.58789" lon="8.32105"></trkpt><trkpt lat="46.58791" lon="8.32111"></trkpt><trkpt lat="46.58794" lon="8.3212"></trkpt><trkpt lat="46.58795" lon="8.32125"></trkpt><trkpt lat="46.58795" lon="8.3213"></trkpt><trkpt lat="46.58795" lon="8.32136"></trkpt><trkpt lat="46.58795" lon="8.32149"></trkpt><trkpt lat="46.58798" lon="8.32166"></trkpt><trkpt lat="46.58801" lon="8.32183"></trkpt><trkpt lat="46.58804" lon="8.32199"></trkpt><trkpt lat="46.58806" lon="8.32216"></trkpt><trkpt lat="46.58807" lon="8.3223"></trkpt><trkpt lat="46.58806" lon="8.32239"></trkpt><trkpt lat="46.58805" lon="8.32245"></trkpt><trkpt lat="46.58802" lon="8.3225"></trkpt><trkpt lat="46.588" lon="8.32254"></trkpt><trkpt lat="46.58793" lon="8.32257"></trkpt><trkpt lat="46.58787" lon="8.32259"></trkpt><trkpt lat="46.58782" lon="8.3226"></trkpt><trkpt lat="46.58776" lon="8.32258"></trkpt><trkpt lat="46.58766" lon="8.32257"></trkpt><trkpt lat="46.58754" lon="8.32256"></trkpt><trkpt lat="46.58743" lon="8.32254"></trkpt><trkpt lat="46.58735" lon="8.32253"></trkpt><trkpt lat="46.58729" lon="8.32251"></trkpt><trkpt lat="46.58721" lon="8.3225"></trkpt><trkpt lat="46.58718" lon="8.3225"></trkpt><trkpt lat="46.58715" lon="8.32251"></trkpt><trkpt lat="46.58711" lon="8.32255"></trkpt><trkpt lat="46.58709" lon="8.32256"></trkpt><trkpt lat="46.58707" lon="8.32256"></trkpt><trkpt lat="46.58704" lon="8.32254"></trkpt><trkpt lat="46.58701" lon="8.32253"></trkpt><trkpt lat="46.58696" lon="8.32254"></trkpt><trkpt lat="46.58692" lon="8.32256"></trkpt><trkpt lat="46.58689" lon="8.32257"></trkpt><trkpt lat="46.58689" lon="8.32258"></trkpt><trkpt lat="46.58689" lon="8.32263"></trkpt><trkpt lat="46.58689" lon="8.32267"></trkpt><trkpt lat="46.58688" lon="8.32273"></trkpt><trkpt lat="46.58688" lon="8.32276"></trkpt><trkpt lat="46.58688" lon="8.32279"></trkpt><trkpt lat="46.58687" lon="8.32284"></trkpt><trkpt lat="46.58684" lon="8.32289"></trkpt><trkpt lat="46.58682" lon="8.32291"></trkpt><trkpt lat="46.58676" lon="8.32295"></trkpt><trkpt lat="46.58673" lon="8.32297"></trkpt><trkpt lat="46.5867" lon="8.32297"></trkpt><trkpt lat="46.58667" lon="8.32296"></trkpt><trkpt lat="46.58665" lon="8.32296"></trkpt><trkpt lat="46.58662" lon="8.32297"></trkpt><trkpt lat="46.5866" lon="8.32298"></trkpt><trkpt lat="46.58659" lon="8.323"></trkpt><trkpt lat="46.58657" lon="8.32302"></trkpt><trkpt lat="46.58653" lon="8.32304"></trkpt><trkpt lat="46.58648" lon="8.32306"></trkpt><trkpt lat="46.58645" lon="8.32306"></trkpt><trkpt lat="46.58641" lon="8.32305"></trkpt><trkpt lat="46.58636" lon="8.32305"></trkpt><trkpt lat="46.58632" lon="8.32304"></trkpt><trkpt lat="46.58627" lon="8.32304"></trkpt><trkpt lat="46.58623" lon="8.32302"></trkpt><trkpt lat="46.58621" lon="8.32302"></trkpt><trkpt lat="46.58619" lon="8.32305"></trkpt><trkpt lat="46.58617" lon="8.32308"></trkpt><trkpt lat="46.58613" lon="8.32309"></trkpt><trkpt lat="46.58608" lon="8.32307"></trkpt><trkpt lat="46.58603" lon="8.32306"></trkpt><trkpt lat="46.58601" lon="8.32305"></trkpt><trkpt lat="46.58599" lon="8.32303"></trkpt><trkpt lat="46.58596" lon="8.32301"></trkpt><trkpt lat="46.58594" lon="8.32299"></trkpt><trkpt lat="46.58592" lon="8.32298"></trkpt><trkpt lat="46.58589" lon="8.323"></trkpt><trkpt lat="46.58587" lon="8.323"></trkpt><trkpt lat="46.58585" lon="8.32299"></trkpt><trkpt lat="46.58583" lon="8.32296"></trkpt><trkpt lat="46.58576" lon="8.32296"></trkpt><trkpt lat="46.58572" lon="8.32296"></trkpt><trkpt lat="46.58569" lon="8.32294"></trkpt><trkpt lat="46.58564" lon="8.32293"></trkpt><trkpt lat="46.58561" lon="8.32292"></trkpt><trkpt lat="46.58557" lon="8.32294"></trkpt><trkpt lat="46.58552" lon="8.32298"></trkpt><trkpt lat="46.58544" lon="8.32302"></trkpt><trkpt lat="46.58538" lon="8.32306"></trkpt><trkpt lat="46.58534" lon="8.32308"></trkpt><trkpt lat="46.58531" lon="8.32311"></trkpt><trkpt lat="46.58529" lon="8.32311"></trkpt><trkpt lat="46.58526" lon="8.32312"></trkpt><trkpt lat="46.58524" lon="8.32315"></trkpt><trkpt lat="46.58519" lon="8.32318"></trkpt><trkpt lat="46.58516" lon="8.3232"></trkpt><trkpt lat="46.58511" lon="8.32322"></trkpt><trkpt lat="46.58508" lon="8.32321"></trkpt><trkpt lat="46.58503" lon="8.3232"></trkpt><trkpt lat="46.58499" lon="8.32319"></trkpt><trkpt lat="46.58496" lon="8.32319"></trkpt><trkpt lat="46.58492" lon="8.32321"></trkpt><trkpt lat="46.58489" lon="8.32323"></trkpt><trkpt lat="46.58487" lon="8.32325"></trkpt><trkpt lat="46.58485" lon="8.32327"></trkpt><trkpt lat="46.58482" lon="8.32327"></trkpt><trkpt lat="46.58479" lon="8.32328"></trkpt><trkpt lat="46.58475" lon="8.32329"></trkpt><trkpt lat="46.58472" lon="8.3233"></trkpt><trkpt lat="46.5847" lon="8.32331"></trkpt><trkpt lat="46.58465" lon="8.32331"></trkpt><trkpt lat="46.58461" lon="8.32331"></trkpt><trkpt lat="46.58458" lon="8.32332"></trkpt><trkpt lat="46.58454" lon="8.32333"></trkpt><trkpt lat="46.58452" lon="8.32333"></trkpt><trkpt lat="46.5845" lon="8.32334"></trkpt><trkpt lat="46.58446" lon="8.32334"></trkpt><trkpt lat="46.58442" lon="8.32333"></trkpt><trkpt lat="46.58438" lon="8.32333"></trkpt><trkpt lat="46.58433" lon="8.32331"></trkpt><trkpt lat="46.58427" lon="8.32331"></trkpt><trkpt lat="46.58422" lon="8.32334"></trkpt><trkpt lat="46.58415" lon="8.32339"></trkpt><trkpt lat="46.5841" lon="8.32342"></trkpt><trkpt lat="46.58405" lon="8.32343"></trkpt><trkpt lat="46.58399" lon="8.32342"></trkpt><trkpt lat="46.58396" lon="8.32343"></trkpt><trkpt lat="46.58393" lon="8.32345"></trkpt><trkpt lat="46.58392" lon="8.32346"></trkpt><trkpt lat="46.58388" lon="8.32345"></trkpt><trkpt lat="46.58383" lon="8.32342"></trkpt><trkpt lat="46.58378" lon="8.32342"></trkpt><trkpt lat="46.58369" lon="8.32343"></trkpt><trkpt lat="46.58344" lon="8.32351"></trkpt><trkpt lat="46.58337" lon="8.32352"></trkpt><trkpt lat="46.58331" lon="8.32351"></trkpt><trkpt lat="46.58327" lon="8.3235"></trkpt><trkpt lat="46.58317" lon="8.32353"></trkpt><trkpt lat="46.58309" lon="8.32351"></trkpt><trkpt lat="46.58301" lon="8.32351"></trkpt><trkpt lat="46.58297" lon="8.32356"></trkpt><trkpt lat="46.58292" lon="8.32357"></trkpt><trkpt lat="46.58286" lon="8.32353"></trkpt><trkpt lat="46.58281" lon="8.32353"></trkpt><trkpt lat="46.58276" lon="8.32355"></trkpt><trkpt lat="46.58272" lon="8.32359"></trkpt><trkpt lat="46.58266" lon="8.32361"></trkpt><trkpt lat="46.58259" lon="8.32372"></trkpt><trkpt lat="46.58254" lon="8.32378"></trkpt><trkpt lat="46.58251" lon="8.32383"></trkpt><trkpt lat="46.58247" lon="8.32392"></trkpt><trkpt lat="46.58237" lon="8.32405"></trkpt><trkpt lat="46.58229" lon="8.32417"></trkpt><trkpt lat="46.58224" lon="8.32422"></trkpt><trkpt lat="46.58223" lon="8.32429"></trkpt><trkpt lat="46.58222" lon="8.32441"></trkpt><trkpt lat="46.58222" lon="8.32444"></trkpt><trkpt lat="46.58218" lon="8.32448"></trkpt><trkpt lat="46.58212" lon="8.32455"></trkpt><trkpt lat="46.58206" lon="8.32459"></trkpt><trkpt lat="46.58204" lon="8.32463"></trkpt><trkpt lat="46.58203" lon="8.32473"></trkpt><trkpt lat="46.582" lon="8.32479"></trkpt><trkpt lat="46.58198" lon="8.32482"></trkpt><trkpt lat="46.58195" lon="8.32485"></trkpt><trkpt lat="46.58189" lon="8.32486"></trkpt><trkpt lat="46.58179" lon="8.32483"></trkpt><trkpt lat="46.58175" lon="8.32482"></trkpt><trkpt lat="46.58171" lon="8.32484"></trkpt><trkpt lat="46.58168" lon="8.32487"></trkpt><trkpt lat="46.58166" lon="8.32491"></trkpt><trkpt lat="46.58166" lon="8.32496"></trkpt><trkpt lat="46.58165" lon="8.32499"></trkpt><trkpt lat="46.58155" lon="8.32503"></trkpt><trkpt lat="46.5815" lon="8.32509"></trkpt><trkpt lat="46.58143" lon="8.32525"></trkpt><trkpt lat="46.5814" lon="8.32528"></trkpt><trkpt lat="46.58135" lon="8.3253"></trkpt><trkpt lat="46.58129" lon="8.32538"></trkpt><trkpt lat="46.58128" lon="8.32545"></trkpt><trkpt lat="46.58122" lon="8.32562"></trkpt><trkpt lat="46.58119" lon="8.32578"></trkpt><trkpt lat="46.58113" lon="8.32597"></trkpt><trkpt lat="46.58113" lon="8.32605"></trkpt><trkpt lat="46.58112" lon="8.32613"></trkpt><trkpt lat="46.5811" lon="8.32623"></trkpt><trkpt lat="46.58107" lon="8.32635"></trkpt><trkpt lat="46.58104" lon="8.32647"></trkpt><trkpt lat="46.58103" lon="8.32655"></trkpt><trkpt lat="46.58104" lon="8.32662"></trkpt><trkpt lat="46.58106" lon="8.32678"></trkpt><trkpt lat="46.58108" lon="8.32687"></trkpt><trkpt lat="46.5811" lon="8.327"></trkpt><trkpt lat="46.58112" lon="8.32712"></trkpt><trkpt lat="46.58112" lon="8.32723"></trkpt><trkpt lat="46.58112" lon="8.32732"></trkpt><trkpt lat="46.58114" lon="8.32741"></trkpt><trkpt lat="46.58117" lon="8.32752"></trkpt><trkpt lat="46.58118" lon="8.32762"></trkpt><trkpt lat="46.58118" lon="8.32777"></trkpt><trkpt lat="46.58119" lon="8.32794"></trkpt><trkpt lat="46.5812" lon="8.32804"></trkpt><trkpt lat="46.58119" lon="8.32811"></trkpt><trkpt lat="46.58115" lon="8.32819"></trkpt><trkpt lat="46.58114" lon="8.32824"></trkpt><trkpt lat="46.58115" lon="8.32834"></trkpt><trkpt lat="46.58117" lon="8.3284"></trkpt><trkpt lat="46.58119" lon="8.32845"></trkpt><trkpt lat="46.5812" lon="8.32851"></trkpt><trkpt lat="46.58119" lon="8.32858"></trkpt><trkpt lat="46.58114" lon="8.32871"></trkpt><trkpt lat="46.58108" lon="8.32884"></trkpt><trkpt lat="46.58104" lon="8.32895"></trkpt><trkpt lat="46.58101" lon="8.32899"></trkpt><trkpt lat="46.58098" lon="8.32902"></trkpt><trkpt lat="46.58096" lon="8.32906"></trkpt><trkpt lat="46.58095" lon="8.32913"></trkpt><trkpt lat="46.58094" lon="8.32927"></trkpt><trkpt lat="46.58094" lon="8.32934"></trkpt><trkpt lat="46.58096" lon="8.32942"></trkpt><trkpt lat="46.58096" lon="8.3295"></trkpt><trkpt lat="46.58094" lon="8.32964"></trkpt><trkpt lat="46.58092" lon="8.32974"></trkpt><trkpt lat="46.5809" lon="8.32987"></trkpt><trkpt lat="46.58089" lon="8.32993"></trkpt><trkpt lat="46.58089" lon="8.32998"></trkpt><trkpt lat="46.58089" lon="8.33006"></trkpt><trkpt lat="46.58089" lon="8.33017"></trkpt><trkpt lat="46.58089" lon="8.33025"></trkpt><trkpt lat="46.58088" lon="8.33034"></trkpt><trkpt lat="46.58087" lon="8.33037"></trkpt><trkpt lat="46.58085" lon="8.33041"></trkpt><trkpt lat="46.58081" lon="8.33044"></trkpt><trkpt lat="46.58077" lon="8.3305"></trkpt><trkpt lat="46.58073" lon="8.33056"></trkpt><trkpt lat="46.58071" lon="8.33059"></trkpt><trkpt lat="46.58068" lon="8.33065"></trkpt><trkpt lat="46.58063" lon="8.33077"></trkpt><trkpt lat="46.5806" lon="8.3308"></trkpt><trkpt lat="46.58058" lon="8.33084"></trkpt><trkpt lat="46.58055" lon="8.33093"></trkpt><trkpt lat="46.5805" lon="8.33101"></trkpt><trkpt lat="46.58046" lon="8.33108"></trkpt><trkpt lat="46.5804" lon="8.33111"></trkpt><trkpt lat="46.58034" lon="8.33113"></trkpt><trkpt lat="46.58032" lon="8.33114"></trkpt><trkpt lat="46.5803" lon="8.33119"></trkpt><trkpt lat="46.58026" lon="8.33124"></trkpt><trkpt lat="46.58023" lon="8.33128"></trkpt><trkpt lat="46.58021" lon="8.3313"></trkpt><trkpt lat="46.58017" lon="8.33133"></trkpt><trkpt lat="46.58013" lon="8.33138"></trkpt><trkpt lat="46.58009" lon="8.33142"></trkpt><trkpt lat="46.58007" lon="8.33147"></trkpt><trkpt lat="46.58002" lon="8.33153"></trkpt><trkpt lat="46.57997" lon="8.33161"></trkpt><trkpt lat="46.57993" lon="8.33169"></trkpt><trkpt lat="46.57989" lon="8.33174"></trkpt><trkpt lat="46.57986" lon="8.33179"></trkpt><trkpt lat="46.57983" lon="8.33181"></trkpt><trkpt lat="46.57979" lon="8.33183"></trkpt><trkpt lat="46.57977" lon="8.33186"></trkpt><trkpt lat="46.57973" lon="8.33194"></trkpt><trkpt lat="46.57971" lon="8.33197"></trkpt><trkpt lat="46.57965" lon="8.33206"></trkpt><trkpt lat="46.57961" lon="8.33212"></trkpt><trkpt lat="46.57956" lon="8.33218"></trkpt><trkpt lat="46.57953" lon="8.33221"></trkpt><trkpt lat="46.57949" lon="8.33227"></trkpt><trkpt lat="46.57945" lon="8.33238"></trkpt><trkpt lat="46.5794" lon="8.3325"></trkpt><trkpt lat="46.57936" lon="8.33262"></trkpt><trkpt lat="46.57935" lon="8.33265"></trkpt><trkpt lat="46.57936" lon="8.33268"></trkpt><trkpt lat="46.57937" lon="8.33272"></trkpt><trkpt lat="46.57936" lon="8.33278"></trkpt><trkpt lat="46.57934" lon="8.33281"></trkpt><trkpt lat="46.57934" lon="8.33288"></trkpt><trkpt lat="46.57933" lon="8.33296"></trkpt><trkpt lat="46.5793" lon="8.33304"></trkpt><trkpt lat="46.57927" lon="8.33311"></trkpt><trkpt lat="46.57923" lon="8.33315"></trkpt><trkpt lat="46.57918" lon="8.3332"></trkpt><trkpt lat="46.57915" lon="8.33323"></trkpt><trkpt lat="46.57915" lon="8.33326"></trkpt><trkpt lat="46.57913" lon="8.33329"></trkpt><trkpt lat="46.5791" lon="8.33333"></trkpt><trkpt lat="46.57905" lon="8.33338"></trkpt><trkpt lat="46.579" lon="8.33343"></trkpt><trkpt lat="46.57896" lon="8.33348"></trkpt><trkpt lat="46.57893" lon="8.33352"></trkpt><trkpt lat="46.57891" lon="8.33356"></trkpt><trkpt lat="46.57889" lon="8.33364"></trkpt><trkpt lat="46.57886" lon="8.33372"></trkpt><trkpt lat="46.57884" lon="8.33378"></trkpt><trkpt lat="46.57882" lon="8.33387"></trkpt><trkpt lat="46.5788" lon="8.33391"></trkpt><trkpt lat="46.57879" lon="8.33397"></trkpt><trkpt lat="46.57878" lon="8.33401"></trkpt><trkpt lat="46.57876" lon="8.33408"></trkpt><trkpt lat="46.57875" lon="8.33413"></trkpt><trkpt lat="46.57873" lon="8.3342"></trkpt><trkpt lat="46.57872" lon="8.33428"></trkpt><trkpt lat="46.57871" lon="8.33432"></trkpt><trkpt lat="46.57869" lon="8.33437"></trkpt><trkpt lat="46.57867" lon="8.33441"></trkpt><trkpt lat="46.57865" lon="8.33443"></trkpt><trkpt lat="46.57864" lon="8.33447"></trkpt><trkpt lat="46.57863" lon="8.33452"></trkpt><trkpt lat="46.57861" lon="8.33462"></trkpt><trkpt lat="46.57861" lon="8.33473"></trkpt><trkpt lat="46.5786" lon="8.33483"></trkpt><trkpt lat="46.57859" lon="8.33488"></trkpt><trkpt lat="46.57857" lon="8.33491"></trkpt><trkpt lat="46.57853" lon="8.33494"></trkpt><trkpt lat="46.57846" lon="8.335"></trkpt><trkpt lat="46.57842" lon="8.33501"></trkpt><trkpt lat="46.57839" lon="8.33501"></trkpt><trkpt lat="46.57834" lon="8.33499"></trkpt><trkpt lat="46.57828" lon="8.33502"></trkpt><trkpt lat="46.57825" lon="8.33508"></trkpt><trkpt lat="46.57823" lon="8.33513"></trkpt><trkpt lat="46.57821" lon="8.33517"></trkpt><trkpt lat="46.57819" lon="8.33517"></trkpt><trkpt lat="46.57816" lon="8.33518"></trkpt><trkpt lat="46.57812" lon="8.33522"></trkpt><trkpt lat="46.5781" lon="8.33523"></trkpt><trkpt lat="46.57807" lon="8.33523"></trkpt><trkpt lat="46.57803" lon="8.33524"></trkpt><trkpt lat="46.57796" lon="8.33527"></trkpt><trkpt lat="46.57793" lon="8.3353"></trkpt><trkpt lat="46.57787" lon="8.33538"></trkpt><trkpt lat="46.57785" lon="8.33542"></trkpt><trkpt lat="46.57783" lon="8.33548"></trkpt><trkpt lat="46.5778" lon="8.33553"></trkpt><trkpt lat="46.57777" lon="8.33558"></trkpt><trkpt lat="46.57774" lon="8.3356"></trkpt><trkpt lat="46.57772" lon="8.33562"></trkpt><trkpt lat="46.57768" lon="8.33565"></trkpt><trkpt lat="46.57765" lon="8.33566"></trkpt><trkpt lat="46.57762" lon="8.33566"></trkpt><trkpt lat="46.57758" lon="8.33566"></trkpt><trkpt lat="46.57754" lon="8.33565"></trkpt><trkpt lat="46.57751" lon="8.33565"></trkpt><trkpt lat="46.57742" lon="8.33566"></trkpt><trkpt lat="46.57736" lon="8.33565"></trkpt><trkpt lat="46.57731" lon="8.33562"></trkpt><trkpt lat="46.57721" lon="8.33555"></trkpt><trkpt lat="46.57711" lon="8.33548"></trkpt><trkpt lat="46.57702" lon="8.33538"></trkpt><trkpt lat="46.57696" lon="8.33524"></trkpt><trkpt lat="46.57693" lon="8.33519"></trkpt><trkpt lat="46.5769" lon="8.33516"></trkpt><trkpt lat="46.57688" lon="8.33511"></trkpt><trkpt lat="46.57686" lon="8.33506"></trkpt><trkpt lat="46.57683" lon="8.33504"></trkpt><trkpt lat="46.57681" lon="8.33505"></trkpt><trkpt lat="46.57677" lon="8.33505"></trkpt><trkpt lat="46.57674" lon="8.33503"></trkpt><trkpt lat="46.57665" lon="8.33494"></trkpt><trkpt lat="46.5766" lon="8.3349"></trkpt><trkpt lat="46.57653" lon="8.33491"></trkpt><trkpt lat="46.57647" lon="8.33491"></trkpt><trkpt lat="46.57645" lon="8.33489"></trkpt><trkpt lat="46.5764" lon="8.33482"></trkpt><trkpt lat="46.57636" lon="8.33477"></trkpt><trkpt lat="46.57632" lon="8.33476"></trkpt><trkpt lat="46.57627" lon="8.33476"></trkpt><trkpt lat="46.57624" lon="8.33477"></trkpt><trkpt lat="46.57623" lon="8.3348"></trkpt><trkpt lat="46.5759" lon="8.33472"></trkpt><trkpt lat="46.57573" lon="8.33468"></trkpt><trkpt lat="46.57567" lon="8.33478"></trkpt><trkpt lat="46.57562" lon="8.33482"></trkpt><trkpt lat="46.57561" lon="8.33487"></trkpt><trkpt lat="46.57557" lon="8.33489"></trkpt><trkpt lat="46.57559" lon="8.3349"></trkpt><trkpt lat="46.57564" lon="8.33494"></trkpt><trkpt lat="46.57558" lon="8.33497"></trkpt><trkpt lat="46.57551" lon="8.33498"></trkpt><trkpt lat="46.57551" lon="8.33503"></trkpt><trkpt lat="46.57554" lon="8.33525"></trkpt><trkpt lat="46.57555" lon="8.33537"></trkpt><trkpt lat="46.57553" lon="8.33539"></trkpt><trkpt lat="46.57551" lon="8.33543"></trkpt><trkpt lat="46.57544" lon="8.33543"></trkpt><trkpt lat="46.57542" lon="8.33544"></trkpt><trkpt lat="46.5754" lon="8.33544"></trkpt><trkpt lat="46.57535" lon="8.33541"></trkpt><trkpt lat="46.57533" lon="8.33543"></trkpt><trkpt lat="46.57535" lon="8.33548"></trkpt><trkpt lat="46.57536" lon="8.33553"></trkpt><trkpt lat="46.57538" lon="8.33557"></trkpt><trkpt lat="46.57537" lon="8.3356"></trkpt><trkpt lat="46.57536" lon="8.33565"></trkpt><trkpt lat="46.57522" lon="8.33567"></trkpt><trkpt lat="46.57511" lon="8.3357"></trkpt><trkpt lat="46.57504" lon="8.33572"></trkpt><trkpt lat="46.57497" lon="8.33577"></trkpt><trkpt lat="46.57491" lon="8.33581"></trkpt><trkpt lat="46.57489" lon="8.33584"></trkpt><trkpt lat="46.57486" lon="8.33592"></trkpt><trkpt lat="46.57484" lon="8.33602"></trkpt><trkpt lat="46.57484" lon="8.33613"></trkpt><trkpt lat="46.57481" lon="8.33615"></trkpt><trkpt lat="46.5748" lon="8.3362"></trkpt><trkpt lat="46.57479" lon="8.33629"></trkpt><trkpt lat="46.57478" lon="8.33635"></trkpt><trkpt lat="46.57479" lon="8.33639"></trkpt><trkpt lat="46.57481" lon="8.33645"></trkpt><trkpt lat="46.57485" lon="8.33654"></trkpt><trkpt lat="46.57486" lon="8.33659"></trkpt><trkpt lat="46.57486" lon="8.33667"></trkpt><trkpt lat="46.57487" lon="8.33671"></trkpt><trkpt lat="46.57485" lon="8.33675"></trkpt><trkpt lat="46.57465" lon="8.33665"></trkpt><trkpt lat="46.57456" lon="8.33657"></trkpt><trkpt lat="46.57448" lon="8.33649"></trkpt><trkpt lat="46.57447" lon="8.33659"></trkpt><trkpt lat="46.57449" lon="8.33669"></trkpt><trkpt lat="46.57451" lon="8.33679"></trkpt><trkpt lat="46.57454" lon="8.33691"></trkpt><trkpt lat="46.57454" lon="8.33701"></trkpt><trkpt lat="46.57454" lon="8.33709"></trkpt><trkpt lat="46.57452" lon="8.33708"></trkpt><trkpt lat="46.5745" lon="8.33702"></trkpt><trkpt lat="46.57448" lon="8.33701"></trkpt><trkpt lat="46.5744" lon="8.33694"></trkpt><trkpt lat="46.57434" lon="8.33696"></trkpt><trkpt lat="46.57433" lon="8.33695"></trkpt><trkpt lat="46.57429" lon="8.33696"></trkpt><trkpt lat="46.57426" lon="8.33696"></trkpt><trkpt lat="46.57422" lon="8.33698"></trkpt><trkpt lat="46.57421" lon="8.33698"></trkpt><trkpt lat="46.57419" lon="8.33696"></trkpt><trkpt lat="46.57416" lon="8.33695"></trkpt><trkpt lat="46.57411" lon="8.33695"></trkpt><trkpt lat="46.57408" lon="8.33688"></trkpt><trkpt lat="46.57405" lon="8.33686"></trkpt><trkpt lat="46.57401" lon="8.33685"></trkpt><trkpt lat="46.57396" lon="8.33676"></trkpt><trkpt lat="46.5739" lon="8.33668"></trkpt><trkpt lat="46.57387" lon="8.33662"></trkpt><trkpt lat="46.57384" lon="8.3366"></trkpt><trkpt lat="46.57383" lon="8.3366"></trkpt><trkpt lat="46.57383" lon="8.33665"></trkpt><trkpt lat="46.57379" lon="8.33663"></trkpt><trkpt lat="46.57375" lon="8.33656"></trkpt><trkpt lat="46.57374" lon="8.33669"></trkpt><trkpt lat="46.57373" lon="8.3367"></trkpt><trkpt lat="46.57373" lon="8.3367"></trkpt><trkpt lat="46.57368" lon="8.33677"></trkpt><trkpt lat="46.57366" lon="8.33681"></trkpt><trkpt lat="46.5736" lon="8.33677"></trkpt><trkpt lat="46.57357" lon="8.33668"></trkpt><trkpt lat="46.57356" lon="8.33654"></trkpt><trkpt lat="46.57355" lon="8.33641"></trkpt><trkpt lat="46.57354" lon="8.33636"></trkpt><trkpt lat="46.57349" lon="8.33632"></trkpt><trkpt lat="46.57342" lon="8.33617"></trkpt><trkpt lat="46.5734" lon="8.33611"></trkpt><trkpt lat="46.57337" lon="8.33608"></trkpt><trkpt lat="46.57335" lon="8.33609"></trkpt><trkpt lat="46.57332" lon="8.33613"></trkpt><trkpt lat="46.57332" lon="8.33623"></trkpt><trkpt lat="46.57333" lon="8.3363"></trkpt><trkpt lat="46.57332" lon="8.33638"></trkpt><trkpt lat="46.5733" lon="8.33647"></trkpt><trkpt lat="46.57327" lon="8.33654"></trkpt><trkpt lat="46.57326" lon="8.33661"></trkpt><trkpt lat="46.57327" lon="8.33664"></trkpt><trkpt lat="46.57327" lon="8.33666"></trkpt><trkpt lat="46.57327" lon="8.33676"></trkpt><trkpt lat="46.57327" lon="8.33682"></trkpt><trkpt lat="46.57326" lon="8.33691"></trkpt><trkpt lat="46.57323" lon="8.33693"></trkpt><trkpt lat="46.5732" lon="8.33695"></trkpt><trkpt lat="46.57319" lon="8.33696"></trkpt><trkpt lat="46.57313" lon="8.33694"></trkpt><trkpt lat="46.5731" lon="8.33691"></trkpt><trkpt lat="46.57307" lon="8.33686"></trkpt><trkpt lat="46.57305" lon="8.33679"></trkpt><trkpt lat="46.57301" lon="8.33675"></trkpt><trkpt lat="46.57298" lon="8.33672"></trkpt><trkpt lat="46.57296" lon="8.33669"></trkpt><trkpt lat="46.57293" lon="8.33669"></trkpt><trkpt lat="46.57288" lon="8.33665"></trkpt><trkpt lat="46.57286" lon="8.33667"></trkpt><trkpt lat="46.57285" lon="8.33665"></trkpt><trkpt lat="46.57284" lon="8.33665"></trkpt><trkpt lat="46.57283" lon="8.33663"></trkpt><trkpt lat="46.57279" lon="8.33648"></trkpt><trkpt lat="46.57278" lon="8.33644"></trkpt><trkpt lat="46.57275" lon="8.33638"></trkpt><trkpt lat="46.5727" lon="8.33624"></trkpt><trkpt lat="46.57267" lon="8.33624"></trkpt><trkpt lat="46.5726" lon="8.33625"></trkpt><trkpt lat="46.57271" lon="8.33645"></trkpt><trkpt lat="46.57271" lon="8.33647"></trkpt><trkpt lat="46.5728" lon="8.33668"></trkpt><trkpt lat="46.57312" lon="8.33765"></trkpt><trkpt lat="46.57337" lon="8.33841"></trkpt><trkpt lat="46.57361" lon="8.33915"></trkpt><trkpt lat="46.57368" lon="8.33936"></trkpt><trkpt lat="46.5737" lon="8.33945"></trkpt><trkpt lat="46.57369" lon="8.33959"></trkpt><trkpt lat="46.57366" lon="8.33992"></trkpt><trkpt lat="46.57366" lon="8.33996"></trkpt><trkpt lat="46.57365" lon="8.34003"></trkpt><trkpt lat="46.5736" lon="8.34004"></trkpt><trkpt lat="46.57358" lon="8.34007"></trkpt><trkpt lat="46.57355" lon="8.34011"></trkpt><trkpt lat="46.57353" lon="8.34012"></trkpt><trkpt lat="46.57347" lon="8.34014"></trkpt><trkpt lat="46.5734" lon="8.34014"></trkpt><trkpt lat="46.57318" lon="8.34013"></trkpt><trkpt lat="46.57299" lon="8.34015"></trkpt><trkpt lat="46.57279" lon="8.34016"></trkpt><trkpt lat="46.57267" lon="8.34015"></trkpt><trkpt lat="46.5725" lon="8.34014"></trkpt><trkpt lat="46.57245" lon="8.34014"></trkpt><trkpt lat="46.57237" lon="8.34012"></trkpt><trkpt lat="46.57219" lon="8.34008"></trkpt><trkpt lat="46.57185" lon="8.33998"></trkpt><trkpt lat="46.57159" lon="8.33989"></trkpt><trkpt lat="46.57132" lon="8.3398"></trkpt><trkpt lat="46.57119" lon="8.33975"></trkpt><trkpt lat="46.57114" lon="8.33972"></trkpt><trkpt lat="46.57101" lon="8.33963"></trkpt><trkpt lat="46.57089" lon="8.33957"></trkpt><trkpt lat="46.57083" lon="8.33951"></trkpt><trkpt lat="46.57075" lon="8.33947"></trkpt><trkpt lat="46.57067" lon="8.3394"></trkpt><trkpt lat="46.5706" lon="8.33932"></trkpt><trkpt lat="46.57055" lon="8.33926"></trkpt><trkpt lat="46.57049" lon="8.3392"></trkpt><trkpt lat="46.57045" lon="8.3391"></trkpt><trkpt lat="46.57037" lon="8.33899"></trkpt><trkpt lat="46.57026" lon="8.3388"></trkpt><trkpt lat="46.57018" lon="8.33864"></trkpt><trkpt lat="46.57013" lon="8.33851"></trkpt><trkpt lat="46.57007" lon="8.33832"></trkpt><trkpt lat="46.56998" lon="8.33811"></trkpt><trkpt lat="46.56993" lon="8.33793"></trkpt><trkpt lat="46.56985" lon="8.33772"></trkpt><trkpt lat="46.56977" lon="8.3375"></trkpt><trkpt lat="46.56975" lon="8.33743"></trkpt><trkpt lat="46.56972" lon="8.33734"></trkpt><trkpt lat="46.5697" lon="8.33727"></trkpt><trkpt lat="46.56966" lon="8.33721"></trkpt><trkpt lat="46.5696" lon="8.3371"></trkpt><trkpt lat="46.56954" lon="8.33695"></trkpt><trkpt lat="46.56952" lon="8.33688"></trkpt><trkpt lat="46.56949" lon="8.33684"></trkpt><trkpt lat="46.56945" lon="8.33671"></trkpt><trkpt lat="46.56942" lon="8.33667"></trkpt><trkpt lat="46.56942" lon="8.33658"></trkpt><trkpt lat="46.56941" lon="8.33656"></trkpt><trkpt lat="46.56936" lon="8.33653"></trkpt><trkpt lat="46.56933" lon="8.33649"></trkpt><trkpt lat="46.56928" lon="8.33642"></trkpt><trkpt lat="46.56925" lon="8.33633"></trkpt><trkpt lat="46.56922" lon="8.33628"></trkpt><trkpt lat="46.56921" lon="8.33631"></trkpt><trkpt lat="46.56919" lon="8.33632"></trkpt><trkpt lat="46.56916" lon="8.33629"></trkpt><trkpt lat="46.56914" lon="8.33625"></trkpt><trkpt lat="46.56912" lon="8.33619"></trkpt><trkpt lat="46.56909" lon="8.33615"></trkpt><trkpt lat="46.56907" lon="8.33615"></trkpt><trkpt lat="46.56907" lon="8.33617"></trkpt><trkpt lat="46.56903" lon="8.3361"></trkpt><trkpt lat="46.56896" lon="8.33598"></trkpt><trkpt lat="46.5689" lon="8.33593"></trkpt><trkpt lat="46.56885" lon="8.33578"></trkpt><trkpt lat="46.5688" lon="8.3357"></trkpt><trkpt lat="46.56876" lon="8.33563"></trkpt><trkpt lat="46.5687" lon="8.33554"></trkpt><trkpt lat="46.56865" lon="8.33547"></trkpt><trkpt lat="46.56861" lon="8.33537"></trkpt><trkpt lat="46.56856" lon="8.33527"></trkpt><trkpt lat="46.56852" lon="8.33519"></trkpt><trkpt lat="46.56848" lon="8.33512"></trkpt><trkpt lat="46.56845" lon="8.33498"></trkpt><trkpt lat="46.56841" lon="8.33478"></trkpt><trkpt lat="46.56841" lon="8.33463"></trkpt><trkpt lat="46.56839" lon="8.33453"></trkpt><trkpt lat="46.56834" lon="8.33448"></trkpt><trkpt lat="46.56833" lon="8.33444"></trkpt><trkpt lat="46.56834" lon="8.33433"></trkpt><trkpt lat="46.5683" lon="8.33429"></trkpt><trkpt lat="46.56823" lon="8.33428"></trkpt><trkpt lat="46.56817" lon="8.33417"></trkpt><trkpt lat="46.56813" lon="8.33404"></trkpt><trkpt lat="46.56811" lon="8.33403"></trkpt><trkpt lat="46.56801" lon="8.33386"></trkpt><trkpt lat="46.56798" lon="8.33381"></trkpt><trkpt lat="46.56797" lon="8.33373"></trkpt><trkpt lat="46.56795" lon="8.33369"></trkpt><trkpt lat="46.56794" lon="8.33358"></trkpt><trkpt lat="46.5679" lon="8.33352"></trkpt><trkpt lat="46.56788" lon="8.33349"></trkpt><trkpt lat="46.56787" lon="8.33348"></trkpt><trkpt lat="46.56781" lon="8.33338"></trkpt><trkpt lat="46.56778" lon="8.33331"></trkpt><trkpt lat="46.56776" lon="8.33323"></trkpt><trkpt lat="46.56771" lon="8.33317"></trkpt><trkpt lat="46.5677" lon="8.33312"></trkpt><trkpt lat="46.56763" lon="8.33304"></trkpt><trkpt lat="46.56759" lon="8.33295"></trkpt><trkpt lat="46.56755" lon="8.33291"></trkpt><trkpt lat="46.56753" lon="8.33288"></trkpt><trkpt lat="46.5675" lon="8.33274"></trkpt><trkpt lat="46.56748" lon="8.33268"></trkpt><trkpt lat="46.56743" lon="8.33258"></trkpt><trkpt lat="46.56734" lon="8.33241"></trkpt><trkpt lat="46.56728" lon="8.33227"></trkpt><trkpt lat="46.56719" lon="8.33203"></trkpt><trkpt lat="46.56715" lon="8.33189"></trkpt><trkpt lat="46.56711" lon="8.33171"></trkpt><trkpt lat="46.56705" lon="8.33158"></trkpt><trkpt lat="46.56705" lon="8.33149"></trkpt><trkpt lat="46.567" lon="8.33133"></trkpt><trkpt lat="46.56696" lon="8.33122"></trkpt><trkpt lat="46.56689" lon="8.33107"></trkpt><trkpt lat="46.56685" lon="8.33095"></trkpt><trkpt lat="46.56684" lon="8.3308"></trkpt><trkpt lat="46.56683" lon="8.33077"></trkpt><trkpt lat="46.56683" lon="8.33065"></trkpt><trkpt lat="46.56683" lon="8.33052"></trkpt><trkpt lat="46.56681" lon="8.33043"></trkpt><trkpt lat="46.56677" lon="8.33035"></trkpt><trkpt lat="46.56676" lon="8.33031"></trkpt><trkpt lat="46.56674" lon="8.33022"></trkpt><trkpt lat="46.5667" lon="8.33015"></trkpt><trkpt lat="46.56668" lon="8.33015"></trkpt><trkpt lat="46.56668" lon="8.33019"></trkpt><trkpt lat="46.56667" lon="8.33018"></trkpt><trkpt lat="46.56666" lon="8.33018"></trkpt><trkpt lat="46.56663" lon="8.33018"></trkpt><trkpt lat="46.56661" lon="8.33015"></trkpt><trkpt lat="46.5666" lon="8.33012"></trkpt><trkpt lat="46.56658" lon="8.33003"></trkpt><trkpt lat="46.56654" lon="8.32983"></trkpt><trkpt lat="46.56653" lon="8.32983"></trkpt><trkpt lat="46.56651" lon="8.32984"></trkpt><trkpt lat="46.56651" lon="8.32985"></trkpt><trkpt lat="46.5665" lon="8.32988"></trkpt><trkpt lat="46.56649" lon="8.32994"></trkpt><trkpt lat="46.56648" lon="8.33"></trkpt><trkpt lat="46.56647" lon="8.33007"></trkpt><trkpt lat="46.56647" lon="8.33014"></trkpt><trkpt lat="46.56647" lon="8.3302"></trkpt><trkpt lat="46.56648" lon="8.33024"></trkpt><trkpt lat="46.56648" lon="8.33027"></trkpt><trkpt lat="46.56648" lon="8.33032"></trkpt><trkpt lat="46.56648" lon="8.33034"></trkpt><trkpt lat="46.56648" lon="8.33037"></trkpt><trkpt lat="46.56649" lon="8.3304"></trkpt><trkpt lat="46.56648" lon="8.33042"></trkpt><trkpt lat="46.56648" lon="8.33042"></trkpt><trkpt lat="46.56647" lon="8.33042"></trkpt><trkpt lat="46.56646" lon="8.3304"></trkpt><trkpt lat="46.56645" lon="8.33037"></trkpt><trkpt lat="46.56644" lon="8.33034"></trkpt><trkpt lat="46.56643" lon="8.33033"></trkpt><trkpt lat="46.56642" lon="8.33032"></trkpt><trkpt lat="46.56641" lon="8.33029"></trkpt><trkpt lat="46.5664" lon="8.33026"></trkpt><trkpt lat="46.5664" lon="8.33022"></trkpt><trkpt lat="46.56639" lon="8.3302"></trkpt><trkpt lat="46.56639" lon="8.3302"></trkpt><trkpt lat="46.56638" lon="8.3302"></trkpt><trkpt lat="46.56637" lon="8.33021"></trkpt><trkpt lat="46.56637" lon="8.33023"></trkpt><trkpt lat="46.56637" lon="8.33027"></trkpt><trkpt lat="46.56637" lon="8.3303"></trkpt><trkpt lat="46.56638" lon="8.33033"></trkpt><trkpt lat="46.56639" lon="8.33038"></trkpt><trkpt lat="46.56639" lon="8.33041"></trkpt><trkpt lat="46.56639" lon="8.33046"></trkpt><trkpt lat="46.56639" lon="8.33051"></trkpt><trkpt lat="46.5664" lon="8.33056"></trkpt><trkpt lat="46.5664" lon="8.33061"></trkpt><trkpt lat="46.5664" lon="8.33064"></trkpt><trkpt lat="46.56639" lon="8.33069"></trkpt><trkpt lat="46.56638" lon="8.33073"></trkpt><trkpt lat="46.56638" lon="8.33076"></trkpt><trkpt lat="46.56637" lon="8.33079"></trkpt><trkpt lat="46.56637" lon="8.33081"></trkpt><trkpt lat="46.56636" lon="8.33084"></trkpt><trkpt lat="46.56635" lon="8.33086"></trkpt><trkpt lat="46.56635" lon="8.33087"></trkpt><trkpt lat="46.56634" lon="8.33089"></trkpt><trkpt lat="46.56635" lon="8.33091"></trkpt><trkpt lat="46.56636" lon="8.33095"></trkpt><trkpt lat="46.56636" lon="8.331"></trkpt><trkpt lat="46.56636" lon="8.33106"></trkpt><trkpt lat="46.56636" lon="8.33112"></trkpt><trkpt lat="46.56635" lon="8.33118"></trkpt><trkpt lat="46.56634" lon="8.33125"></trkpt><trkpt lat="46.56632" lon="8.33132"></trkpt><trkpt lat="46.56632" lon="8.33136"></trkpt><trkpt lat="46.56632" lon="8.33139"></trkpt><trkpt lat="46.56632" lon="8.33142"></trkpt><trkpt lat="46.56631" lon="8.33145"></trkpt><trkpt lat="46.5663" lon="8.3315"></trkpt><trkpt lat="46.56629" lon="8.33153"></trkpt><trkpt lat="46.56628" lon="8.33157"></trkpt><trkpt lat="46.56627" lon="8.33159"></trkpt><trkpt lat="46.56627" lon="8.33162"></trkpt><trkpt lat="46.56626" lon="8.33167"></trkpt><trkpt lat="46.56626" lon="8.33174"></trkpt><trkpt lat="46.56626" lon="8.33179"></trkpt><trkpt lat="46.56626" lon="8.33184"></trkpt><trkpt lat="46.56626" lon="8.3319"></trkpt><trkpt lat="46.56626" lon="8.33198"></trkpt><trkpt lat="46.56627" lon="8.33208"></trkpt><trkpt lat="46.56627" lon="8.33215"></trkpt><trkpt lat="46.56627" lon="8.33221"></trkpt><trkpt lat="46.56626" lon="8.33225"></trkpt><trkpt lat="46.56627" lon="8.33228"></trkpt><trkpt lat="46.56627" lon="8.33232"></trkpt><trkpt lat="46.56628" lon="8.33236"></trkpt><trkpt lat="46.56628" lon="8.33239"></trkpt><trkpt lat="46.56628" lon="8.33242"></trkpt><trkpt lat="46.56628" lon="8.33245"></trkpt><trkpt lat="46.56629" lon="8.33248"></trkpt><trkpt lat="46.56628" lon="8.33251"></trkpt><trkpt lat="46.56627" lon="8.33253"></trkpt><trkpt lat="46.56626" lon="8.33254"></trkpt><trkpt lat="46.56624" lon="8.33254"></trkpt><trkpt lat="46.56623" lon="8.33253"></trkpt><trkpt lat="46.56621" lon="8.3325"></trkpt><trkpt lat="46.5662" lon="8.33248"></trkpt><trkpt lat="46.56619" lon="8.33247"></trkpt><trkpt lat="46.56618" lon="8.33248"></trkpt><trkpt lat="46.56617" lon="8.3325"></trkpt><trkpt lat="46.56616" lon="8.33253"></trkpt><trkpt lat="46.56615" lon="8.33258"></trkpt><trkpt lat="46.56616" lon="8.33261"></trkpt><trkpt lat="46.56616" lon="8.33265"></trkpt><trkpt lat="46.56615" lon="8.33269"></trkpt><trkpt lat="46.56615" lon="8.33271"></trkpt><trkpt lat="46.56616" lon="8.33274"></trkpt><trkpt lat="46.56616" lon="8.33276"></trkpt><trkpt lat="46.56616" lon="8.33281"></trkpt><trkpt lat="46.56617" lon="8.33286"></trkpt><trkpt lat="46.56616" lon="8.33289"></trkpt><trkpt lat="46.56617" lon="8.33295"></trkpt><trkpt lat="46.56617" lon="8.333"></trkpt><trkpt lat="46.56617" lon="8.33301"></trkpt><trkpt lat="46.56617" lon="8.33304"></trkpt><trkpt lat="46.56616" lon="8.33307"></trkpt><trkpt lat="46.56616" lon="8.33309"></trkpt><trkpt lat="46.56615" lon="8.33311"></trkpt><trkpt lat="46.56615" lon="8.33314"></trkpt><trkpt lat="46.56615" lon="8.33317"></trkpt><trkpt lat="46.56615" lon="8.3332"></trkpt><trkpt lat="46.56616" lon="8.33323"></trkpt><trkpt lat="46.56617" lon="8.33326"></trkpt><trkpt lat="46.56618" lon="8.33329"></trkpt><trkpt lat="46.56618" lon="8.33332"></trkpt><trkpt lat="46.56618" lon="8.33339"></trkpt><trkpt lat="46.56618" lon="8.33347"></trkpt><trkpt lat="46.56618" lon="8.3335"></trkpt><trkpt lat="46.56618" lon="8.33352"></trkpt><trkpt lat="46.56616" lon="8.33358"></trkpt><trkpt lat="46.56615" lon="8.33362"></trkpt><trkpt lat="46.56613" lon="8.33367"></trkpt><trkpt lat="46.56611" lon="8.3337"></trkpt><trkpt lat="46.56609" lon="8.3337"></trkpt><trkpt lat="46.56607" lon="8.33367"></trkpt><trkpt lat="46.56607" lon="8.33364"></trkpt><trkpt lat="46.56604" lon="8.33354"></trkpt><trkpt lat="46.56604" lon="8.33352"></trkpt><trkpt lat="46.56603" lon="8.33346"></trkpt><trkpt lat="46.56602" lon="8.33341"></trkpt><trkpt lat="46.56601" lon="8.33338"></trkpt><trkpt lat="46.56599" lon="8.33335"></trkpt><trkpt lat="46.56598" lon="8.33334"></trkpt><trkpt lat="46.56596" lon="8.33335"></trkpt><trkpt lat="46.56595" lon="8.33338"></trkpt><trkpt lat="46.56594" lon="8.33343"></trkpt><trkpt lat="46.56594" lon="8.33349"></trkpt><trkpt lat="46.56595" lon="8.33356"></trkpt><trkpt lat="46.56595" lon="8.33362"></trkpt><trkpt lat="46.56596" lon="8.33367"></trkpt><trkpt lat="46.56597" lon="8.33373"></trkpt><trkpt lat="46.56597" lon="8.33376"></trkpt><trkpt lat="46.56596" lon="8.33381"></trkpt><trkpt lat="46.56594" lon="8.3339"></trkpt><trkpt lat="46.56593" lon="8.3339"></trkpt><trkpt lat="46.56592" lon="8.3339"></trkpt><trkpt lat="46.5659" lon="8.33386"></trkpt><trkpt lat="46.56589" lon="8.3338"></trkpt><trkpt lat="46.56588" lon="8.33378"></trkpt><trkpt lat="46.56586" lon="8.33377"></trkpt><trkpt lat="46.56585" lon="8.33379"></trkpt><trkpt lat="46.56582" lon="8.33385"></trkpt><trkpt lat="46.5658" lon="8.33393"></trkpt><trkpt lat="46.56579" lon="8.33394"></trkpt><trkpt lat="46.56577" lon="8.33398"></trkpt><trkpt lat="46.56576" lon="8.33402"></trkpt><trkpt lat="46.56574" lon="8.33408"></trkpt><trkpt lat="46.56573" lon="8.33412"></trkpt><trkpt lat="46.56573" lon="8.33414"></trkpt><trkpt lat="46.56573" lon="8.33416"></trkpt><trkpt lat="46.56572" lon="8.33419"></trkpt><trkpt lat="46.56571" lon="8.33423"></trkpt><trkpt lat="46.5657" lon="8.33427"></trkpt><trkpt lat="46.56568" lon="8.33433"></trkpt><trkpt lat="46.56564" lon="8.33445"></trkpt><trkpt lat="46.56564" lon="8.33448"></trkpt><trkpt lat="46.56564" lon="8.33452"></trkpt><trkpt lat="46.56563" lon="8.33455"></trkpt><trkpt lat="46.56562" lon="8.33456"></trkpt><trkpt lat="46.56561" lon="8.33457"></trkpt><trkpt lat="46.5656" lon="8.33459"></trkpt><trkpt lat="46.56559" lon="8.33461"></trkpt><trkpt lat="46.56558" lon="8.33462"></trkpt><trkpt lat="46.56558" lon="8.33464"></trkpt><trkpt lat="46.56557" lon="8.33467"></trkpt><trkpt lat="46.56556" lon="8.33468"></trkpt><trkpt lat="46.56555" lon="8.3347"></trkpt><trkpt lat="46.56553" lon="8.33473"></trkpt><trkpt lat="46.56552" lon="8.33475"></trkpt><trkpt lat="46.56552" lon="8.33477"></trkpt><trkpt lat="46.56552" lon="8.33478"></trkpt><trkpt lat="46.56551" lon="8.3348"></trkpt><trkpt lat="46.5655" lon="8.33482"></trkpt><trkpt lat="46.56549" lon="8.33485"></trkpt><trkpt lat="46.56549" lon="8.33488"></trkpt><trkpt lat="46.56548" lon="8.33491"></trkpt><trkpt lat="46.56547" lon="8.33494"></trkpt><trkpt lat="46.56546" lon="8.33495"></trkpt><trkpt lat="46.56545" lon="8.33496"></trkpt><trkpt lat="46.56541" lon="8.33498"></trkpt><trkpt lat="46.56536" lon="8.33496"></trkpt><trkpt lat="46.56534" lon="8.33493"></trkpt><trkpt lat="46.56533" lon="8.3349"></trkpt><trkpt lat="46.56531" lon="8.33489"></trkpt><trkpt lat="46.5653" lon="8.33491"></trkpt><trkpt lat="46.56529" lon="8.33492"></trkpt><trkpt lat="46.56528" lon="8.33491"></trkpt><trkpt lat="46.56527" lon="8.33489"></trkpt><trkpt lat="46.56526" lon="8.33488"></trkpt><trkpt lat="46.56524" lon="8.33486"></trkpt><trkpt lat="46.56524" lon="8.33483"></trkpt><trkpt lat="46.56523" lon="8.33479"></trkpt><trkpt lat="46.56523" lon="8.33476"></trkpt><trkpt lat="46.56523" lon="8.33475"></trkpt><trkpt lat="46.56523" lon="8.33475"></trkpt><trkpt lat="46.56522" lon="8.33475"></trkpt><trkpt lat="46.56521" lon="8.33477"></trkpt><trkpt lat="46.56521" lon="8.33477"></trkpt><trkpt lat="46.5652" lon="8.3348"></trkpt><trkpt lat="46.5652" lon="8.33483"></trkpt><trkpt lat="46.56519" lon="8.33486"></trkpt><trkpt lat="46.56518" lon="8.33487"></trkpt><trkpt lat="46.56517" lon="8.33489"></trkpt><trkpt lat="46.56515" lon="8.33492"></trkpt><trkpt lat="46.56513" lon="8.33496"></trkpt><trkpt lat="46.56512" lon="8.33498"></trkpt><trkpt lat="46.56512" lon="8.335"></trkpt><trkpt lat="46.56511" lon="8.33503"></trkpt><trkpt lat="46.56511" lon="8.33505"></trkpt><trkpt lat="46.5651" lon="8.33508"></trkpt><trkpt lat="46.56509" lon="8.33509"></trkpt><trkpt lat="46.56508" lon="8.33509"></trkpt><trkpt lat="46.56507" lon="8.33514"></trkpt><trkpt lat="46.56506" lon="8.33519"></trkpt><trkpt lat="46.56505" lon="8.33521"></trkpt><trkpt lat="46.56504" lon="8.33521"></trkpt><trkpt lat="46.56502" lon="8.33521"></trkpt><trkpt lat="46.56501" lon="8.33519"></trkpt><trkpt lat="46.565" lon="8.33516"></trkpt><trkpt lat="46.56498" lon="8.33513"></trkpt><trkpt lat="46.56497" lon="8.33511"></trkpt><trkpt lat="46.56496" lon="8.33508"></trkpt><trkpt lat="46.56496" lon="8.33506"></trkpt><trkpt lat="46.56496" lon="8.33504"></trkpt><trkpt lat="46.56496" lon="8.33503"></trkpt><trkpt lat="46.56495" lon="8.33502"></trkpt><trkpt lat="46.56494" lon="8.33501"></trkpt><trkpt lat="46.56493" lon="8.33502"></trkpt><trkpt lat="46.56492" lon="8.33505"></trkpt><trkpt lat="46.56492" lon="8.33508"></trkpt><trkpt lat="46.56492" lon="8.33512"></trkpt><trkpt lat="46.56491" lon="8.33514"></trkpt><trkpt lat="46.5649" lon="8.33518"></trkpt><trkpt lat="46.56489" lon="8.33521"></trkpt><trkpt lat="46.56488" lon="8.33522"></trkpt><trkpt lat="46.56487" lon="8.33521"></trkpt><trkpt lat="46.56486" lon="8.33521"></trkpt><trkpt lat="46.56485" lon="8.33518"></trkpt><trkpt lat="46.56484" lon="8.33516"></trkpt><trkpt lat="46.56483" lon="8.33513"></trkpt><trkpt lat="46.56481" lon="8.33511"></trkpt><trkpt lat="46.5648" lon="8.33507"></trkpt><trkpt lat="46.5648" lon="8.33505"></trkpt><trkpt lat="46.56479" lon="8.33504"></trkpt><trkpt lat="46.56478" lon="8.33503"></trkpt><trkpt lat="46.56477" lon="8.33503"></trkpt><trkpt lat="46.56476" lon="8.33505"></trkpt><trkpt lat="46.56475" lon="8.3351"></trkpt><trkpt lat="46.56473" lon="8.33517"></trkpt><trkpt lat="46.56472" lon="8.33523"></trkpt><trkpt lat="46.56471" lon="8.33527"></trkpt><trkpt lat="46.56465" lon="8.33535"></trkpt><trkpt lat="46.5646" lon="8.33539"></trkpt><trkpt lat="46.56458" lon="8.3354"></trkpt><trkpt lat="46.56457" lon="8.33543"></trkpt><trkpt lat="46.56454" lon="8.33547"></trkpt><trkpt lat="46.56451" lon="8.33554"></trkpt><trkpt lat="46.56449" lon="8.33557"></trkpt><trkpt lat="46.56448" lon="8.33558"></trkpt><trkpt lat="46.56446" lon="8.33557"></trkpt><trkpt lat="46.56445" lon="8.33556"></trkpt><trkpt lat="46.56444" lon="8.33553"></trkpt><trkpt lat="46.56442" lon="8.33551"></trkpt><trkpt lat="46.56441" lon="8.33547"></trkpt><trkpt lat="46.5644" lon="8.33544"></trkpt><trkpt lat="46.5644" lon="8.33543"></trkpt><trkpt lat="46.56436" lon="8.33535"></trkpt><trkpt lat="46.56435" lon="8.3353"></trkpt><trkpt lat="46.56432" lon="8.33524"></trkpt><trkpt lat="46.5643" lon="8.33521"></trkpt><trkpt lat="46.56429" lon="8.33519"></trkpt><trkpt lat="46.56428" lon="8.33518"></trkpt><trkpt lat="46.56427" lon="8.33518"></trkpt><trkpt lat="46.56425" lon="8.33519"></trkpt><trkpt lat="46.56422" lon="8.33522"></trkpt><trkpt lat="46.56418" lon="8.33528"></trkpt><trkpt lat="46.56414" lon="8.33534"></trkpt><trkpt lat="46.56411" lon="8.3354"></trkpt><trkpt lat="46.56408" lon="8.33545"></trkpt><trkpt lat="46.56407" lon="8.33547"></trkpt><trkpt lat="46.56405" lon="8.33551"></trkpt><trkpt lat="46.56402" lon="8.33556"></trkpt><trkpt lat="46.56401" lon="8.33557"></trkpt><trkpt lat="46.56399" lon="8.33557"></trkpt><trkpt lat="46.56398" lon="8.33555"></trkpt><trkpt lat="46.56397" lon="8.33553"></trkpt><trkpt lat="46.56397" lon="8.3355"></trkpt><trkpt lat="46.56396" lon="8.33547"></trkpt><trkpt lat="46.56395" lon="8.33544"></trkpt><trkpt lat="46.56393" lon="8.3354"></trkpt><trkpt lat="46.56392" lon="8.33538"></trkpt><trkpt lat="46.56389" lon="8.33535"></trkpt><trkpt lat="46.56377" lon="8.33524"></trkpt><trkpt lat="46.56369" lon="8.33516"></trkpt><trkpt lat="46.56364" lon="8.3351"></trkpt><trkpt lat="46.56361" lon="8.33506"></trkpt><trkpt lat="46.56355" lon="8.335"></trkpt><trkpt lat="46.5635" lon="8.33497"></trkpt><trkpt lat="46.56347" lon="8.33495"></trkpt><trkpt lat="46.56344" lon="8.33494"></trkpt><trkpt lat="46.56338" lon="8.33496"></trkpt><trkpt lat="46.56333" lon="8.33497"></trkpt><trkpt lat="46.56328" lon="8.33499"></trkpt><trkpt lat="46.56325" lon="8.33503"></trkpt><trkpt lat="46.56322" lon="8.33506"></trkpt><trkpt lat="46.56321" lon="8.33507"></trkpt><trkpt lat="46.56319" lon="8.3351"></trkpt><trkpt lat="46.56313" lon="8.33515"></trkpt><trkpt lat="46.56312" lon="8.33516"></trkpt><trkpt lat="46.56308" lon="8.33521"></trkpt><trkpt lat="46.56306" lon="8.33524"></trkpt><trkpt lat="46.56301" lon="8.33527"></trkpt><trkpt lat="46.56299" lon="8.33529"></trkpt><trkpt lat="46.56297" lon="8.3353"></trkpt><trkpt lat="46.56296" lon="8.3353"></trkpt><trkpt lat="46.56295" lon="8.33528"></trkpt><trkpt lat="46.56293" lon="8.33525"></trkpt><trkpt lat="46.56291" lon="8.3352"></trkpt><trkpt lat="46.56289" lon="8.33514"></trkpt><trkpt lat="46.56287" lon="8.33508"></trkpt><trkpt lat="46.56286" lon="8.33506"></trkpt><trkpt lat="46.56284" lon="8.33504"></trkpt><trkpt lat="46.56283" lon="8.33505"></trkpt><trkpt lat="46.56282" lon="8.33506"></trkpt><trkpt lat="46.5628" lon="8.33509"></trkpt><trkpt lat="46.56277" lon="8.33513"></trkpt><trkpt lat="46.56276" lon="8.33515"></trkpt><trkpt lat="46.56275" lon="8.33517"></trkpt><trkpt lat="46.56274" lon="8.33522"></trkpt><trkpt lat="46.56272" lon="8.33531"></trkpt><trkpt lat="46.56271" lon="8.33538"></trkpt><trkpt lat="46.5627" lon="8.33543"></trkpt><trkpt lat="46.5627" lon="8.33548"></trkpt><trkpt lat="46.56269" lon="8.33553"></trkpt><trkpt lat="46.56269" lon="8.33558"></trkpt><trkpt lat="46.56269" lon="8.33562"></trkpt><trkpt lat="46.56269" lon="8.33565"></trkpt><trkpt lat="46.56268" lon="8.33568"></trkpt><trkpt lat="46.56266" lon="8.3357"></trkpt><trkpt lat="46.56265" lon="8.33572"></trkpt><trkpt lat="46.56263" lon="8.33574"></trkpt><trkpt lat="46.56261" lon="8.33575"></trkpt><trkpt lat="46.56259" lon="8.33575"></trkpt><trkpt lat="46.56256" lon="8.33575"></trkpt><trkpt lat="46.56254" lon="8.33574"></trkpt><trkpt lat="46.56244" lon="8.3357"></trkpt><trkpt lat="46.56234" lon="8.33564"></trkpt><trkpt lat="46.56224" lon="8.33555"></trkpt><trkpt lat="46.56217" lon="8.33548"></trkpt><trkpt lat="46.56213" lon="8.33545"></trkpt><trkpt lat="46.56203" lon="8.33541"></trkpt><trkpt lat="46.56194" lon="8.33539"></trkpt><trkpt lat="46.56189" lon="8.33539"></trkpt><trkpt lat="46.56187" lon="8.33541"></trkpt><trkpt lat="46.56185" lon="8.33549"></trkpt><trkpt lat="46.56183" lon="8.33555"></trkpt><trkpt lat="46.56182" lon="8.33559"></trkpt><trkpt lat="46.56182" lon="8.33562"></trkpt><trkpt lat="46.56182" lon="8.33569"></trkpt><trkpt lat="46.56181" lon="8.33573"></trkpt><trkpt lat="46.56181" lon="8.33576"></trkpt><trkpt lat="46.56178" lon="8.33583"></trkpt><trkpt lat="46.56176" lon="8.33589"></trkpt><trkpt lat="46.56173" lon="8.33599"></trkpt><trkpt lat="46.56168" lon="8.33615"></trkpt><trkpt lat="46.56165" lon="8.3362"></trkpt><trkpt lat="46.56163" lon="8.33624"></trkpt><trkpt lat="46.56161" lon="8.33628"></trkpt><trkpt lat="46.56158" lon="8.33633"></trkpt><trkpt lat="46.56157" lon="8.33637"></trkpt><trkpt lat="46.56155" lon="8.33642"></trkpt><trkpt lat="46.56153" lon="8.33647"></trkpt><trkpt lat="46.56148" lon="8.33647"></trkpt><trkpt lat="46.56144" lon="8.33648"></trkpt><trkpt lat="46.56139" lon="8.33649"></trkpt><trkpt lat="46.56134" lon="8.33652"></trkpt><trkpt lat="46.56134" lon="8.33639"></trkpt><trkpt lat="46.56134" lon="8.33625"></trkpt><trkpt lat="46.56135" lon="8.33606"></trkpt><trkpt lat="46.56134" lon="8.33598"></trkpt><trkpt lat="46.56134" lon="8.3359"></trkpt><trkpt lat="46.56132" lon="8.33579"></trkpt><trkpt lat="46.56131" lon="8.33568"></trkpt><trkpt lat="46.56129" lon="8.33558"></trkpt><trkpt lat="46.56127" lon="8.33548"></trkpt><trkpt lat="46.56125" lon="8.33541"></trkpt><trkpt lat="46.56124" lon="8.33533"></trkpt><trkpt lat="46.56123" lon="8.33526"></trkpt><trkpt lat="46.56123" lon="8.33519"></trkpt><trkpt lat="46.56123" lon="8.33513"></trkpt><trkpt lat="46.56121" lon="8.33513"></trkpt><trkpt lat="46.56117" lon="8.33515"></trkpt><trkpt lat="46.56115" lon="8.33516"></trkpt><trkpt lat="46.56112" lon="8.33517"></trkpt><trkpt lat="46.56109" lon="8.33518"></trkpt><trkpt lat="46.56104" lon="8.33519"></trkpt><trkpt lat="46.56103" lon="8.3352"></trkpt><trkpt lat="46.56102" lon="8.33521"></trkpt><trkpt lat="46.56093" lon="8.3353"></trkpt><trkpt lat="46.56084" lon="8.33538"></trkpt><trkpt lat="46.56081" lon="8.33539"></trkpt><trkpt lat="46.56077" lon="8.33538"></trkpt><trkpt lat="46.5607" lon="8.33536"></trkpt><trkpt lat="46.56065" lon="8.3353"></trkpt><trkpt lat="46.56062" lon="8.33523"></trkpt><trkpt lat="46.56058" lon="8.33506"></trkpt><trkpt lat="46.56056" lon="8.33502"></trkpt><trkpt lat="46.56054" lon="8.33501"></trkpt><trkpt lat="46.56051" lon="8.335"></trkpt><trkpt lat="46.56048" lon="8.33499"></trkpt><trkpt lat="46.56044" lon="8.33497"></trkpt><trkpt lat="46.56041" lon="8.33495"></trkpt><trkpt lat="46.56039" lon="8.33493"></trkpt><trkpt lat="46.56037" lon="8.3349"></trkpt><trkpt lat="46.56033" lon="8.33481"></trkpt><trkpt lat="46.5603" lon="8.33475"></trkpt><trkpt lat="46.56028" lon="8.33469"></trkpt><trkpt lat="46.56026" lon="8.33465"></trkpt><trkpt lat="46.56022" lon="8.33464"></trkpt><trkpt lat="46.56019" lon="8.33464"></trkpt><trkpt lat="46.56016" lon="8.33465"></trkpt><trkpt lat="46.56009" lon="8.33469"></trkpt><trkpt lat="46.56001" lon="8.33473"></trkpt><trkpt lat="46.55996" lon="8.33476"></trkpt><trkpt lat="46.55997" lon="8.3348"></trkpt><trkpt lat="46.55997" lon="8.33485"></trkpt><trkpt lat="46.55997" lon="8.33489"></trkpt><trkpt lat="46.55997" lon="8.33493"></trkpt><trkpt lat="46.55996" lon="8.33498"></trkpt><trkpt lat="46.55992" lon="8.33512"></trkpt><trkpt lat="46.55985" lon="8.33525"></trkpt><trkpt lat="46.55983" lon="8.33529"></trkpt><trkpt lat="46.55981" lon="8.33531"></trkpt><trkpt lat="46.5598" lon="8.33534"></trkpt><trkpt lat="46.55979" lon="8.33537"></trkpt><trkpt lat="46.5598" lon="8.33541"></trkpt><trkpt lat="46.5598" lon="8.33545"></trkpt><trkpt lat="46.5598" lon="8.33549"></trkpt><trkpt lat="46.55981" lon="8.33553"></trkpt><trkpt lat="46.55982" lon="8.33557"></trkpt><trkpt lat="46.55981" lon="8.33562"></trkpt><trkpt lat="46.55981" lon="8.33567"></trkpt><trkpt lat="46.55979" lon="8.33572"></trkpt><trkpt lat="46.55978" lon="8.33576"></trkpt><trkpt lat="46.55977" lon="8.33579"></trkpt><trkpt lat="46.55977" lon="8.33583"></trkpt><trkpt lat="46.55976" lon="8.3359"></trkpt><trkpt lat="46.55975" lon="8.33592"></trkpt><trkpt lat="46.55974" lon="8.33594"></trkpt><trkpt lat="46.55973" lon="8.33595"></trkpt><trkpt lat="46.55971" lon="8.33597"></trkpt><trkpt lat="46.55968" lon="8.33599"></trkpt><trkpt lat="46.55966" lon="8.33601"></trkpt><trkpt lat="46.55965" lon="8.33603"></trkpt><trkpt lat="46.55962" lon="8.33606"></trkpt><trkpt lat="46.55961" lon="8.33608"></trkpt><trkpt lat="46.55958" lon="8.33612"></trkpt><trkpt lat="46.55957" lon="8.33613"></trkpt><trkpt lat="46.55956" lon="8.33614"></trkpt><trkpt lat="46.55955" lon="8.33613"></trkpt><trkpt lat="46.55954" lon="8.33612"></trkpt><trkpt lat="46.55951" lon="8.33608"></trkpt><trkpt lat="46.5595" lon="8.33606"></trkpt><trkpt lat="46.55947" lon="8.33604"></trkpt><trkpt lat="46.55946" lon="8.33603"></trkpt><trkpt lat="46.55944" lon="8.33602"></trkpt><trkpt lat="46.55942" lon="8.33602"></trkpt><trkpt lat="46.55939" lon="8.33602"></trkpt><trkpt lat="46.55938" lon="8.33601"></trkpt><trkpt lat="46.55937" lon="8.336"></trkpt><trkpt lat="46.55935" lon="8.33597"></trkpt><trkpt lat="46.55932" lon="8.33594"></trkpt><trkpt lat="46.55931" lon="8.33593"></trkpt><trkpt lat="46.55928" lon="8.33592"></trkpt><trkpt lat="46.55924" lon="8.33591"></trkpt><trkpt lat="46.55917" lon="8.33591"></trkpt><trkpt lat="46.55909" lon="8.33595"></trkpt><trkpt lat="46.55906" lon="8.33598"></trkpt><trkpt lat="46.55905" lon="8.33601"></trkpt><trkpt lat="46.55903" lon="8.33605"></trkpt><trkpt lat="46.55902" lon="8.33608"></trkpt><trkpt lat="46.55901" lon="8.3361"></trkpt><trkpt lat="46.559" lon="8.33613"></trkpt><trkpt lat="46.55898" lon="8.33616"></trkpt><trkpt lat="46.55896" lon="8.33619"></trkpt><trkpt lat="46.55893" lon="8.33623"></trkpt><trkpt lat="46.55891" lon="8.33626"></trkpt><trkpt lat="46.55889" lon="8.33629"></trkpt><trkpt lat="46.55888" lon="8.33632"></trkpt><trkpt lat="46.55886" lon="8.33639"></trkpt><trkpt lat="46.55882" lon="8.33649"></trkpt><trkpt lat="46.55877" lon="8.33665"></trkpt><trkpt lat="46.55874" lon="8.33669"></trkpt><trkpt lat="46.5587" lon="8.33671"></trkpt><trkpt lat="46.55865" lon="8.33681"></trkpt><trkpt lat="46.55857" lon="8.33691"></trkpt><trkpt lat="46.55854" lon="8.33699"></trkpt><trkpt lat="46.55853" lon="8.33706"></trkpt><trkpt lat="46.55851" lon="8.33715"></trkpt><trkpt lat="46.55849" lon="8.33722"></trkpt><trkpt lat="46.55848" lon="8.33727"></trkpt><trkpt lat="46.55847" lon="8.33731"></trkpt><trkpt lat="46.55846" lon="8.33735"></trkpt><trkpt lat="46.55846" lon="8.33736"></trkpt><trkpt lat="46.55845" lon="8.33742"></trkpt><trkpt lat="46.55845" lon="8.33743"></trkpt><trkpt lat="46.55844" lon="8.33745"></trkpt><trkpt lat="46.55843" lon="8.33748"></trkpt><trkpt lat="46.55841" lon="8.33752"></trkpt><trkpt lat="46.55839" lon="8.33758"></trkpt><trkpt lat="46.55836" lon="8.33764"></trkpt><trkpt lat="46.55834" lon="8.33768"></trkpt><trkpt lat="46.55832" lon="8.33771"></trkpt><trkpt lat="46.5583" lon="8.33775"></trkpt><trkpt lat="46.55827" lon="8.33779"></trkpt><trkpt lat="46.55825" lon="8.33781"></trkpt><trkpt lat="46.55823" lon="8.33784"></trkpt><trkpt lat="46.5582" lon="8.33788"></trkpt><trkpt lat="46.55817" lon="8.33792"></trkpt><trkpt lat="46.55815" lon="8.33795"></trkpt><trkpt lat="46.55814" lon="8.33797"></trkpt><trkpt lat="46.55813" lon="8.33798"></trkpt><trkpt lat="46.55812" lon="8.33798"></trkpt><trkpt lat="46.55809" lon="8.33799"></trkpt><trkpt lat="46.55807" lon="8.33801"></trkpt><trkpt lat="46.55805" lon="8.33803"></trkpt><trkpt lat="46.55804" lon="8.33806"></trkpt><trkpt lat="46.55803" lon="8.3381"></trkpt><trkpt lat="46.55802" lon="8.33812"></trkpt><trkpt lat="46.55801" lon="8.33814"></trkpt><trkpt lat="46.55799" lon="8.33815"></trkpt><trkpt lat="46.55795" lon="8.33814"></trkpt><trkpt lat="46.55791" lon="8.33815"></trkpt><trkpt lat="46.55788" lon="8.33814"></trkpt><trkpt lat="46.55786" lon="8.33814"></trkpt><trkpt lat="46.55785" lon="8.33815"></trkpt><trkpt lat="46.55783" lon="8.33815"></trkpt><trkpt lat="46.55781" lon="8.33814"></trkpt><trkpt lat="46.55779" lon="8.33812"></trkpt><trkpt lat="46.55777" lon="8.3381"></trkpt><trkpt lat="46.55775" lon="8.33805"></trkpt><trkpt lat="46.55772" lon="8.33801"></trkpt><trkpt lat="46.5577" lon="8.33797"></trkpt><trkpt lat="46.55767" lon="8.33795"></trkpt><trkpt lat="46.55764" lon="8.33794"></trkpt><trkpt lat="46.55763" lon="8.33794"></trkpt><trkpt lat="46.55761" lon="8.33794"></trkpt><trkpt lat="46.55759" lon="8.33796"></trkpt><trkpt lat="46.55756" lon="8.33797"></trkpt><trkpt lat="46.55754" lon="8.33798"></trkpt><trkpt lat="46.55752" lon="8.33799"></trkpt><trkpt lat="46.55751" lon="8.33801"></trkpt><trkpt lat="46.5575" lon="8.33803"></trkpt><trkpt lat="46.55748" lon="8.33805"></trkpt><trkpt lat="46.55746" lon="8.33806"></trkpt><trkpt lat="46.55743" lon="8.33805"></trkpt><trkpt lat="46.55739" lon="8.33802"></trkpt><trkpt lat="46.55735" lon="8.338"></trkpt><trkpt lat="46.55733" lon="8.338"></trkpt><trkpt lat="46.55731" lon="8.338"></trkpt><trkpt lat="46.55729" lon="8.33799"></trkpt><trkpt lat="46.55726" lon="8.33795"></trkpt><trkpt lat="46.55722" lon="8.33792"></trkpt><trkpt lat="46.5572" lon="8.33792"></trkpt><trkpt lat="46.55717" lon="8.33792"></trkpt><trkpt lat="46.55714" lon="8.33793"></trkpt><trkpt lat="46.55713" lon="8.33795"></trkpt><trkpt lat="46.5571" lon="8.33796"></trkpt><trkpt lat="46.55708" lon="8.33796"></trkpt><trkpt lat="46.55705" lon="8.33795"></trkpt><trkpt lat="46.55701" lon="8.33792"></trkpt><trkpt lat="46.55698" lon="8.3379"></trkpt><trkpt lat="46.55696" lon="8.33789"></trkpt><trkpt lat="46.55694" lon="8.33788"></trkpt><trkpt lat="46.55692" lon="8.33789"></trkpt><trkpt lat="46.55689" lon="8.33791"></trkpt><trkpt lat="46.55686" lon="8.33793"></trkpt><trkpt lat="46.55684" lon="8.33795"></trkpt><trkpt lat="46.55682" lon="8.33798"></trkpt><trkpt lat="46.5568" lon="8.338"></trkpt><trkpt lat="46.55679" lon="8.33803"></trkpt><trkpt lat="46.55677" lon="8.33805"></trkpt><trkpt lat="46.55675" lon="8.33806"></trkpt><trkpt lat="46.55673" lon="8.3381"></trkpt><trkpt lat="46.5567" lon="8.33816"></trkpt><trkpt lat="46.55668" lon="8.33819"></trkpt><trkpt lat="46.55666" lon="8.33822"></trkpt><trkpt lat="46.55665" lon="8.33824"></trkpt><trkpt lat="46.55663" lon="8.33827"></trkpt><trkpt lat="46.5566" lon="8.33833"></trkpt><trkpt lat="46.55658" lon="8.33836"></trkpt><trkpt lat="46.55657" lon="8.33839"></trkpt><trkpt lat="46.55655" lon="8.3384"></trkpt><trkpt lat="46.55653" lon="8.33842"></trkpt><trkpt lat="46.55651" lon="8.33845"></trkpt><trkpt lat="46.5565" lon="8.33847"></trkpt><trkpt lat="46.55648" lon="8.33849"></trkpt><trkpt lat="46.55645" lon="8.3385"></trkpt><trkpt lat="46.55641" lon="8.33856"></trkpt><trkpt lat="46.55636" lon="8.33869"></trkpt><trkpt lat="46.55627" lon="8.33882"></trkpt><trkpt lat="46.55621" lon="8.33893"></trkpt><trkpt lat="46.55617" lon="8.33896"></trkpt><trkpt lat="46.55615" lon="8.33896"></trkpt><trkpt lat="46.55612" lon="8.33895"></trkpt><trkpt lat="46.5561" lon="8.33893"></trkpt><trkpt lat="46.55606" lon="8.3389"></trkpt><trkpt lat="46.55603" lon="8.33891"></trkpt><trkpt lat="46.55598" lon="8.33895"></trkpt><trkpt lat="46.55594" lon="8.33901"></trkpt><trkpt lat="46.55592" lon="8.33907"></trkpt><trkpt lat="46.5559" lon="8.33918"></trkpt><trkpt lat="46.5559" lon="8.33923"></trkpt><trkpt lat="46.55588" lon="8.33932"></trkpt><trkpt lat="46.55588" lon="8.33942"></trkpt><trkpt lat="46.55588" lon="8.33947"></trkpt><trkpt lat="46.55588" lon="8.33954"></trkpt><trkpt lat="46.55587" lon="8.33959"></trkpt><trkpt lat="46.55589" lon="8.33966"></trkpt><trkpt lat="46.55592" lon="8.33972"></trkpt><trkpt lat="46.55594" lon="8.33978"></trkpt><trkpt lat="46.55597" lon="8.33988"></trkpt><trkpt lat="46.55601" lon="8.34005"></trkpt><trkpt lat="46.55601" lon="8.34011"></trkpt><trkpt lat="46.556" lon="8.34014"></trkpt><trkpt lat="46.55597" lon="8.34022"></trkpt><trkpt lat="46.55597" lon="8.34024"></trkpt><trkpt lat="46.55599" lon="8.34029"></trkpt><trkpt lat="46.55598" lon="8.34033"></trkpt><trkpt lat="46.55595" lon="8.34041"></trkpt><trkpt lat="46.55592" lon="8.34043"></trkpt><trkpt lat="46.55591" lon="8.34052"></trkpt><trkpt lat="46.55592" lon="8.34059"></trkpt><trkpt lat="46.55591" lon="8.34061"></trkpt><trkpt lat="46.55589" lon="8.34064"></trkpt><trkpt lat="46.55584" lon="8.34067"></trkpt><trkpt lat="46.55578" lon="8.34072"></trkpt><trkpt lat="46.55577" lon="8.34073"></trkpt><trkpt lat="46.55575" lon="8.34071"></trkpt><trkpt lat="46.55574" lon="8.34066"></trkpt><trkpt lat="46.55571" lon="8.34062"></trkpt><trkpt lat="46.55569" lon="8.34055"></trkpt><trkpt lat="46.55568" lon="8.34054"></trkpt><trkpt lat="46.55566" lon="8.34056"></trkpt><trkpt lat="46.55562" lon="8.34055"></trkpt><trkpt lat="46.55558" lon="8.34055"></trkpt><trkpt lat="46.55556" lon="8.34056"></trkpt><trkpt lat="46.55553" lon="8.34057"></trkpt><trkpt lat="46.55549" lon="8.34059"></trkpt><trkpt lat="46.55546" lon="8.34061"></trkpt><trkpt lat="46.55542" lon="8.34065"></trkpt><trkpt lat="46.55536" lon="8.34071"></trkpt><trkpt lat="46.55532" lon="8.34076"></trkpt><trkpt lat="46.55531" lon="8.34078"></trkpt><trkpt lat="46.5553" lon="8.34083"></trkpt><trkpt lat="46.55529" lon="8.34087"></trkpt><trkpt lat="46.55526" lon="8.34091"></trkpt><trkpt lat="46.55523" lon="8.34093"></trkpt><trkpt lat="46.55521" lon="8.34093"></trkpt><trkpt lat="46.55519" lon="8.3409"></trkpt><trkpt lat="46.55516" lon="8.34087"></trkpt><trkpt lat="46.55514" lon="8.34087"></trkpt><trkpt lat="46.55511" lon="8.34087"></trkpt><trkpt lat="46.55509" lon="8.34085"></trkpt><trkpt lat="46.55507" lon="8.34081"></trkpt><trkpt lat="46.55505" lon="8.34079"></trkpt><trkpt lat="46.55501" lon="8.3408"></trkpt><trkpt lat="46.55497" lon="8.34081"></trkpt><trkpt lat="46.55493" lon="8.34082"></trkpt><trkpt lat="46.55488" lon="8.34079"></trkpt><trkpt lat="46.55483" lon="8.34077"></trkpt><trkpt lat="46.55482" lon="8.34078"></trkpt><trkpt lat="46.55476" lon="8.34077"></trkpt><trkpt lat="46.55474" lon="8.34077"></trkpt><trkpt lat="46.5547" lon="8.34073"></trkpt><trkpt lat="46.55467" lon="8.34071"></trkpt><trkpt lat="46.55464" lon="8.34068"></trkpt><trkpt lat="46.55462" lon="8.34067"></trkpt><trkpt lat="46.55459" lon="8.34067"></trkpt><trkpt lat="46.55456" lon="8.34067"></trkpt><trkpt lat="46.55455" lon="8.34069"></trkpt><trkpt lat="46.55453" lon="8.34074"></trkpt><trkpt lat="46.55454" lon="8.3408"></trkpt><trkpt lat="46.55453" lon="8.34082"></trkpt><trkpt lat="46.5545" lon="8.34085"></trkpt><trkpt lat="46.55446" lon="8.34086"></trkpt><trkpt lat="46.55441" lon="8.34089"></trkpt><trkpt lat="46.55439" lon="8.3409"></trkpt><trkpt lat="46.5543" lon="8.34087"></trkpt><trkpt lat="46.5542" lon="8.34093"></trkpt><trkpt lat="46.55417" lon="8.34093"></trkpt><trkpt lat="46.55412" lon="8.34089"></trkpt><trkpt lat="46.55408" lon="8.34088"></trkpt><trkpt lat="46.55401" lon="8.34085"></trkpt><trkpt lat="46.55395" lon="8.3408"></trkpt><trkpt lat="46.55386" lon="8.34074"></trkpt><trkpt lat="46.55383" lon="8.3407"></trkpt><trkpt lat="46.55379" lon="8.34065"></trkpt><trkpt lat="46.55376" lon="8.34061"></trkpt><trkpt lat="46.55373" lon="8.34056"></trkpt><trkpt lat="46.5537" lon="8.34052"></trkpt><trkpt lat="46.55368" lon="8.3405"></trkpt><trkpt lat="46.55366" lon="8.3405"></trkpt><trkpt lat="46.55364" lon="8.34052"></trkpt><trkpt lat="46.55362" lon="8.34052"></trkpt><trkpt lat="46.55357" lon="8.34049"></trkpt><trkpt lat="46.55355" lon="8.34048"></trkpt><trkpt lat="46.55347" lon="8.34047"></trkpt><trkpt lat="46.55341" lon="8.34044"></trkpt><trkpt lat="46.55337" lon="8.34042"></trkpt><trkpt lat="46.55334" lon="8.34041"></trkpt><trkpt lat="46.55331" lon="8.34041"></trkpt><trkpt lat="46.55327" lon="8.3404"></trkpt><trkpt lat="46.55321" lon="8.34035"></trkpt><trkpt lat="46.55309" lon="8.34026"></trkpt><trkpt lat="46.55303" lon="8.34019"></trkpt><trkpt lat="46.55296" lon="8.3401"></trkpt><trkpt lat="46.55287" lon="8.34007"></trkpt><trkpt lat="46.55282" lon="8.34005"></trkpt><trkpt lat="46.55274" lon="8.34"></trkpt><trkpt lat="46.55263" lon="8.33994"></trkpt><trkpt lat="46.55261" lon="8.33993"></trkpt><trkpt lat="46.55258" lon="8.33994"></trkpt><trkpt lat="46.55255" lon="8.33995"></trkpt><trkpt lat="46.55252" lon="8.33996"></trkpt><trkpt lat="46.55247" lon="8.33996"></trkpt><trkpt lat="46.55244" lon="8.33998"></trkpt><trkpt lat="46.55242" lon="8.33999"></trkpt><trkpt lat="46.5524" lon="8.34001"></trkpt><trkpt lat="46.5524" lon="8.34003"></trkpt><trkpt lat="46.55238" lon="8.34004"></trkpt><trkpt lat="46.55237" lon="8.34004"></trkpt><trkpt lat="46.55236" lon="8.34006"></trkpt><trkpt lat="46.55235" lon="8.34009"></trkpt><trkpt lat="46.55234" lon="8.34012"></trkpt><trkpt lat="46.55234" lon="8.34014"></trkpt><trkpt lat="46.55234" lon="8.34015"></trkpt><trkpt lat="46.55233" lon="8.34016"></trkpt><trkpt lat="46.55231" lon="8.34015"></trkpt><trkpt lat="46.55228" lon="8.34012"></trkpt><trkpt lat="46.55226" lon="8.34009"></trkpt><trkpt lat="46.55225" lon="8.34006"></trkpt><trkpt lat="46.55223" lon="8.34002"></trkpt><trkpt lat="46.55222" lon="8.34001"></trkpt><trkpt lat="46.55221" lon="8.33997"></trkpt><trkpt lat="46.55219" lon="8.33992"></trkpt><trkpt lat="46.55218" lon="8.33989"></trkpt><trkpt lat="46.55217" lon="8.33988"></trkpt><trkpt lat="46.55213" lon="8.33983"></trkpt><trkpt lat="46.55208" lon="8.33977"></trkpt><trkpt lat="46.55201" lon="8.33967"></trkpt><trkpt lat="46.55192" lon="8.33954"></trkpt><trkpt lat="46.55186" lon="8.33944"></trkpt><trkpt lat="46.55178" lon="8.33935"></trkpt><trkpt lat="46.55171" lon="8.3393"></trkpt><trkpt lat="46.55163" lon="8.33921"></trkpt><trkpt lat="46.55158" lon="8.33916"></trkpt><trkpt lat="46.55151" lon="8.33912"></trkpt><trkpt lat="46.55147" lon="8.33907"></trkpt><trkpt lat="46.5514" lon="8.33896"></trkpt><trkpt lat="46.55132" lon="8.33886"></trkpt><trkpt lat="46.55122" lon="8.33872"></trkpt><trkpt lat="46.55111" lon="8.33859"></trkpt><trkpt lat="46.55102" lon="8.33846"></trkpt><trkpt lat="46.55099" lon="8.33842"></trkpt><trkpt lat="46.55093" lon="8.33838"></trkpt><trkpt lat="46.55084" lon="8.33834"></trkpt><trkpt lat="46.55071" lon="8.33831"></trkpt><trkpt lat="46.55064" lon="8.33828"></trkpt><trkpt lat="46.5506" lon="8.33824"></trkpt><trkpt lat="46.55054" lon="8.33816"></trkpt><trkpt lat="46.55045" lon="8.33804"></trkpt><trkpt lat="46.55038" lon="8.33794"></trkpt><trkpt lat="46.55032" lon="8.33787"></trkpt><trkpt lat="46.55025" lon="8.3378"></trkpt><trkpt lat="46.55019" lon="8.33774"></trkpt><trkpt lat="46.5501" lon="8.33766"></trkpt><trkpt lat="46.55004" lon="8.33761"></trkpt><trkpt lat="46.54999" lon="8.33758"></trkpt><trkpt lat="46.5499" lon="8.33755"></trkpt><trkpt lat="46.5498" lon="8.33751"></trkpt><trkpt lat="46.54972" lon="8.3375"></trkpt><trkpt lat="46.54965" lon="8.33749"></trkpt><trkpt lat="46.54961" lon="8.33748"></trkpt><trkpt lat="46.54957" lon="8.33745"></trkpt><trkpt lat="46.54953" lon="8.33742"></trkpt><trkpt lat="46.54949" lon="8.33738"></trkpt><trkpt lat="46.54945" lon="8.33731"></trkpt><trkpt lat="46.54943" lon="8.33726"></trkpt><trkpt lat="46.54939" lon="8.33716"></trkpt><trkpt lat="46.54936" lon="8.33709"></trkpt><trkpt lat="46.54933" lon="8.33702"></trkpt><trkpt lat="46.54931" lon="8.33696"></trkpt><trkpt lat="46.5493" lon="8.33691"></trkpt><trkpt lat="46.54928" lon="8.33687"></trkpt><trkpt lat="46.54927" lon="8.33683"></trkpt><trkpt lat="46.54926" lon="8.3368"></trkpt><trkpt lat="46.54924" lon="8.33673"></trkpt><trkpt lat="46.54923" lon="8.33668"></trkpt><trkpt lat="46.54921" lon="8.33664"></trkpt><trkpt lat="46.54919" lon="8.33661"></trkpt><trkpt lat="46.54916" lon="8.33656"></trkpt><trkpt lat="46.54914" lon="8.3365"></trkpt><trkpt lat="46.54911" lon="8.33643"></trkpt><trkpt lat="46.54908" lon="8.33637"></trkpt><trkpt lat="46.54906" lon="8.33632"></trkpt><trkpt lat="46.54904" lon="8.33628"></trkpt><trkpt lat="46.54903" lon="8.33623"></trkpt><trkpt lat="46.54902" lon="8.33619"></trkpt><trkpt lat="46.54901" lon="8.33615"></trkpt><trkpt lat="46.54899" lon="8.33609"></trkpt><trkpt lat="46.54896" lon="8.336"></trkpt><trkpt lat="46.54893" lon="8.33594"></trkpt><trkpt lat="46.5489" lon="8.33591"></trkpt><trkpt lat="46.54889" lon="8.33587"></trkpt><trkpt lat="46.54887" lon="8.33583"></trkpt><trkpt lat="46.54885" lon="8.33578"></trkpt><trkpt lat="46.54884" lon="8.33571"></trkpt><trkpt lat="46.54881" lon="8.33563"></trkpt><trkpt lat="46.54879" lon="8.33556"></trkpt><trkpt lat="46.54877" lon="8.33551"></trkpt><trkpt lat="46.54874" lon="8.33545"></trkpt><trkpt lat="46.54872" lon="8.3354"></trkpt><trkpt lat="46.54869" lon="8.33536"></trkpt><trkpt lat="46.54867" lon="8.33533"></trkpt><trkpt lat="46.54867" lon="8.33532"></trkpt><trkpt lat="46.54866" lon="8.33532"></trkpt><trkpt lat="46.54864" lon="8.33531"></trkpt><trkpt lat="46.54863" lon="8.33531"></trkpt><trkpt lat="46.54861" lon="8.33531"></trkpt><trkpt lat="46.5486" lon="8.33533"></trkpt><trkpt lat="46.54859" lon="8.33533"></trkpt><trkpt lat="46.54857" lon="8.33535"></trkpt><trkpt lat="46.54856" lon="8.33538"></trkpt><trkpt lat="46.54855" lon="8.33543"></trkpt><trkpt lat="46.54854" lon="8.33545"></trkpt><trkpt lat="46.54851" lon="8.33548"></trkpt><trkpt lat="46.54846" lon="8.3355"></trkpt><trkpt lat="46.5484" lon="8.33549"></trkpt><trkpt lat="46.54836" lon="8.33548"></trkpt><trkpt lat="46.54832" lon="8.33544"></trkpt><trkpt lat="46.54826" lon="8.33539"></trkpt><trkpt lat="46.54822" lon="8.33533"></trkpt><trkpt lat="46.5482" lon="8.33529"></trkpt><trkpt lat="46.54817" lon="8.33523"></trkpt><trkpt lat="46.54812" lon="8.33518"></trkpt><trkpt lat="46.54809" lon="8.33511"></trkpt><trkpt lat="46.54806" lon="8.33504"></trkpt><trkpt lat="46.54802" lon="8.33497"></trkpt><trkpt lat="46.54799" lon="8.3349"></trkpt><trkpt lat="46.54797" lon="8.33485"></trkpt><trkpt lat="46.54796" lon="8.33483"></trkpt><trkpt lat="46.54791" lon="8.33477"></trkpt><trkpt lat="46.5479" lon="8.33474"></trkpt><trkpt lat="46.54787" lon="8.33467"></trkpt><trkpt lat="46.54785" lon="8.33463"></trkpt><trkpt lat="46.54781" lon="8.33456"></trkpt><trkpt lat="46.54776" lon="8.33449"></trkpt><trkpt lat="46.54773" lon="8.33442"></trkpt><trkpt lat="46.54769" lon="8.33436"></trkpt><trkpt lat="46.54766" lon="8.33432"></trkpt><trkpt lat="46.54765" lon="8.33429"></trkpt><trkpt lat="46.54764" lon="8.33426"></trkpt><trkpt lat="46.54763" lon="8.33423"></trkpt><trkpt lat="46.5476" lon="8.3342"></trkpt><trkpt lat="46.54758" lon="8.33415"></trkpt><trkpt lat="46.54755" lon="8.33409"></trkpt><trkpt lat="46.54752" lon="8.33403"></trkpt><trkpt lat="46.54745" lon="8.33393"></trkpt><trkpt lat="46.54739" lon="8.33386"></trkpt><trkpt lat="46.54735" lon="8.33378"></trkpt><trkpt lat="46.54731" lon="8.33371"></trkpt><trkpt lat="46.5473" lon="8.33365"></trkpt><trkpt lat="46.54727" lon="8.33361"></trkpt><trkpt lat="46.54725" lon="8.33358"></trkpt><trkpt lat="46.54725" lon="8.33356"></trkpt><trkpt lat="46.54723" lon="8.33352"></trkpt><trkpt lat="46.54721" lon="8.33349"></trkpt><trkpt lat="46.54719" lon="8.33345"></trkpt><trkpt lat="46.54717" lon="8.33341"></trkpt><trkpt lat="46.54715" lon="8.33338"></trkpt><trkpt lat="46.54714" lon="8.33337"></trkpt><trkpt lat="46.54712" lon="8.33337"></trkpt><trkpt lat="46.54711" lon="8.33338"></trkpt><trkpt lat="46.5471" lon="8.33341"></trkpt><trkpt lat="46.5471" lon="8.33345"></trkpt><trkpt lat="46.5471" lon="8.33348"></trkpt><trkpt lat="46.54709" lon="8.33352"></trkpt><trkpt lat="46.54708" lon="8.33358"></trkpt><trkpt lat="46.54708" lon="8.33363"></trkpt><trkpt lat="46.54708" lon="8.33365"></trkpt><trkpt lat="46.54707" lon="8.33366"></trkpt><trkpt lat="46.54706" lon="8.33366"></trkpt><trkpt lat="46.54704" lon="8.33365"></trkpt><trkpt lat="46.54702" lon="8.3336"></trkpt><trkpt lat="46.547" lon="8.33357"></trkpt><trkpt lat="46.54698" lon="8.33354"></trkpt><trkpt lat="46.54696" lon="8.33352"></trkpt><trkpt lat="46.54695" lon="8.33351"></trkpt><trkpt lat="46.54694" lon="8.33348"></trkpt><trkpt lat="46.54692" lon="8.3334"></trkpt><trkpt lat="46.54691" lon="8.33332"></trkpt><trkpt lat="46.5469" lon="8.3333"></trkpt><trkpt lat="46.54687" lon="8.33324"></trkpt><trkpt lat="46.54685" lon="8.33322"></trkpt><trkpt lat="46.54682" lon="8.3332"></trkpt><trkpt lat="46.5468" lon="8.3332"></trkpt><trkpt lat="46.54677" lon="8.3332"></trkpt><trkpt lat="46.54673" lon="8.33318"></trkpt><trkpt lat="46.5467" lon="8.33316"></trkpt><trkpt lat="46.54667" lon="8.33314"></trkpt><trkpt lat="46.54665" lon="8.33311"></trkpt><trkpt lat="46.54663" lon="8.3331"></trkpt><trkpt lat="46.5466" lon="8.33307"></trkpt><trkpt lat="46.54656" lon="8.33303"></trkpt><trkpt lat="46.54654" lon="8.33302"></trkpt><trkpt lat="46.54652" lon="8.33299"></trkpt><trkpt lat="46.54649" lon="8.33294"></trkpt><trkpt lat="46.54648" lon="8.33293"></trkpt><trkpt lat="46.54646" lon="8.33292"></trkpt><trkpt lat="46.54645" lon="8.33292"></trkpt><trkpt lat="46.54644" lon="8.33295"></trkpt><trkpt lat="46.54643" lon="8.33298"></trkpt><trkpt lat="46.54643" lon="8.33301"></trkpt><trkpt lat="46.54644" lon="8.33304"></trkpt><trkpt lat="46.54644" lon="8.33306"></trkpt><trkpt lat="46.54643" lon="8.33307"></trkpt><trkpt lat="46.54642" lon="8.33308"></trkpt><trkpt lat="46.54642" lon="8.33307"></trkpt><trkpt lat="46.54641" lon="8.33305"></trkpt><trkpt lat="46.5464" lon="8.33302"></trkpt><trkpt lat="46.54639" lon="8.33298"></trkpt><trkpt lat="46.54639" lon="8.33296"></trkpt><trkpt lat="46.54637" lon="8.33295"></trkpt><trkpt lat="46.54635" lon="8.33295"></trkpt><trkpt lat="46.54638" lon="8.33313"></trkpt><trkpt lat="46.54639" lon="8.33317"></trkpt><trkpt lat="46.54641" lon="8.33323"></trkpt><trkpt lat="46.54643" lon="8.33328"></trkpt><trkpt lat="46.54648" lon="8.33335"></trkpt><trkpt lat="46.5465" lon="8.33339"></trkpt><trkpt lat="46.54651" lon="8.33341"></trkpt><trkpt lat="46.5465" lon="8.33344"></trkpt><trkpt lat="46.54649" lon="8.33346"></trkpt><trkpt lat="46.54647" lon="8.33346"></trkpt><trkpt lat="46.54645" lon="8.33343"></trkpt><trkpt lat="46.54643" lon="8.3334"></trkpt><trkpt lat="46.54641" lon="8.33337"></trkpt><trkpt lat="46.54636" lon="8.33331"></trkpt><trkpt lat="46.5463" lon="8.33325"></trkpt><trkpt lat="46.54624" lon="8.3332"></trkpt><trkpt lat="46.54619" lon="8.33315"></trkpt><trkpt lat="46.54615" lon="8.33313"></trkpt><trkpt lat="46.54611" lon="8.33311"></trkpt><trkpt lat="46.54608" lon="8.3331"></trkpt><trkpt lat="46.54606" lon="8.33308"></trkpt><trkpt lat="46.54604" lon="8.33305"></trkpt><trkpt lat="46.54602" lon="8.333"></trkpt><trkpt lat="46.54601" lon="8.33295"></trkpt><trkpt lat="46.546" lon="8.33283"></trkpt><trkpt lat="46.54598" lon="8.33275"></trkpt><trkpt lat="46.54597" lon="8.33269"></trkpt><trkpt lat="46.54596" lon="8.33264"></trkpt><trkpt lat="46.54594" lon="8.33261"></trkpt><trkpt lat="46.54592" lon="8.33258"></trkpt><trkpt lat="46.5459" lon="8.33257"></trkpt><trkpt lat="46.54587" lon="8.33256"></trkpt><trkpt lat="46.5458" lon="8.33256"></trkpt><trkpt lat="46.54577" lon="8.33256"></trkpt><trkpt lat="46.54575" lon="8.33255"></trkpt><trkpt lat="46.5457" lon="8.33252"></trkpt><trkpt lat="46.54562" lon="8.3325"></trkpt><trkpt lat="46.54553" lon="8.3325"></trkpt><trkpt lat="46.54545" lon="8.33252"></trkpt><trkpt lat="46.54541" lon="8.33252"></trkpt><trkpt lat="46.54538" lon="8.33251"></trkpt><trkpt lat="46.54532" lon="8.33249"></trkpt><trkpt lat="46.54527" lon="8.33248"></trkpt><trkpt lat="46.54522" lon="8.33247"></trkpt><trkpt lat="46.54517" lon="8.33246"></trkpt><trkpt lat="46.54515" lon="8.33245"></trkpt><trkpt lat="46.54512" lon="8.33243"></trkpt><trkpt lat="46.5451" lon="8.3324"></trkpt><trkpt lat="46.54508" lon="8.33238"></trkpt><trkpt lat="46.54505" lon="8.33233"></trkpt><trkpt lat="46.54503" lon="8.33226"></trkpt><trkpt lat="46.545" lon="8.33218"></trkpt><trkpt lat="46.54498" lon="8.3321"></trkpt><trkpt lat="46.54497" lon="8.33208"></trkpt><trkpt lat="46.54495" lon="8.33202"></trkpt><trkpt lat="46.54494" lon="8.33199"></trkpt><trkpt lat="46.54492" lon="8.33196"></trkpt><trkpt lat="46.5449" lon="8.33192"></trkpt><trkpt lat="46.54488" lon="8.33187"></trkpt><trkpt lat="46.54486" lon="8.33185"></trkpt><trkpt lat="46.54484" lon="8.33183"></trkpt><trkpt lat="46.54482" lon="8.33182"></trkpt><trkpt lat="46.54479" lon="8.33183"></trkpt><trkpt lat="46.54476" lon="8.33183"></trkpt><trkpt lat="46.54474" lon="8.33183"></trkpt><trkpt lat="46.54471" lon="8.33182"></trkpt><trkpt lat="46.54468" lon="8.3318"></trkpt><trkpt lat="46.54466" lon="8.33179"></trkpt><trkpt lat="46.54463" lon="8.33178"></trkpt><trkpt lat="46.54458" lon="8.33176"></trkpt><trkpt lat="46.54452" lon="8.33173"></trkpt><trkpt lat="46.54449" lon="8.3317"></trkpt><trkpt lat="46.54446" lon="8.33168"></trkpt><trkpt lat="46.54444" lon="8.33166"></trkpt><trkpt lat="46.54442" lon="8.33163"></trkpt><trkpt lat="46.54439" lon="8.33159"></trkpt><trkpt lat="46.54437" lon="8.33154"></trkpt><trkpt lat="46.54436" lon="8.33151"></trkpt><trkpt lat="46.54434" lon="8.33149"></trkpt><trkpt lat="46.54433" lon="8.33147"></trkpt><trkpt lat="46.54431" lon="8.33147"></trkpt><trkpt lat="46.54427" lon="8.33144"></trkpt><trkpt lat="46.54424" lon="8.33142"></trkpt><trkpt lat="46.54422" lon="8.33141"></trkpt><trkpt lat="46.54419" lon="8.33142"></trkpt><trkpt lat="46.54417" lon="8.33142"></trkpt><trkpt lat="46.54416" lon="8.33141"></trkpt><trkpt lat="46.54415" lon="8.33137"></trkpt><trkpt lat="46.54414" lon="8.33136"></trkpt><trkpt lat="46.5441" lon="8.33136"></trkpt><trkpt lat="46.54405" lon="8.33129"></trkpt><trkpt lat="46.544" lon="8.33124"></trkpt><trkpt lat="46.54395" lon="8.33119"></trkpt><trkpt lat="46.5439" lon="8.33115"></trkpt><trkpt lat="46.54388" lon="8.33112"></trkpt><trkpt lat="46.54386" lon="8.33109"></trkpt><trkpt lat="46.54384" lon="8.33104"></trkpt><trkpt lat="46.54382" lon="8.33098"></trkpt><trkpt lat="46.5438" lon="8.33087"></trkpt><trkpt lat="46.54379" lon="8.33078"></trkpt><trkpt lat="46.54378" lon="8.33072"></trkpt><trkpt lat="46.54376" lon="8.33068"></trkpt><trkpt lat="46.54374" lon="8.33065"></trkpt><trkpt lat="46.54371" lon="8.33061"></trkpt><trkpt lat="46.54369" lon="8.33059"></trkpt><trkpt lat="46.54368" lon="8.3306"></trkpt><trkpt lat="46.54363" lon="8.33061"></trkpt><trkpt lat="46.5436" lon="8.33061"></trkpt><trkpt lat="46.54358" lon="8.3306"></trkpt><trkpt lat="46.54354" lon="8.33055"></trkpt><trkpt lat="46.54353" lon="8.33054"></trkpt><trkpt lat="46.54348" lon="8.33047"></trkpt><trkpt lat="46.54346" lon="8.33043"></trkpt><trkpt lat="46.54343" lon="8.33041"></trkpt><trkpt lat="46.54341" lon="8.3304"></trkpt><trkpt lat="46.54339" lon="8.33042"></trkpt><trkpt lat="46.54336" lon="8.33045"></trkpt><trkpt lat="46.54333" lon="8.33054"></trkpt><trkpt lat="46.54329" lon="8.33064"></trkpt><trkpt lat="46.54323" lon="8.33081"></trkpt><trkpt lat="46.54316" lon="8.33101"></trkpt><trkpt lat="46.54309" lon="8.33117"></trkpt><trkpt lat="46.54306" lon="8.33123"></trkpt><trkpt lat="46.54304" lon="8.33125"></trkpt><trkpt lat="46.54301" lon="8.33128"></trkpt><trkpt lat="46.54298" lon="8.33131"></trkpt><trkpt lat="46.54295" lon="8.33132"></trkpt><trkpt lat="46.54292" lon="8.33133"></trkpt><trkpt lat="46.5429" lon="8.33133"></trkpt><trkpt lat="46.54289" lon="8.33133"></trkpt><trkpt lat="46.54287" lon="8.33131"></trkpt><trkpt lat="46.54282" lon="8.33125"></trkpt><trkpt lat="46.54277" lon="8.33117"></trkpt><trkpt lat="46.54272" lon="8.33111"></trkpt><trkpt lat="46.54267" lon="8.33104"></trkpt><trkpt lat="46.54263" lon="8.33097"></trkpt><trkpt lat="46.54254" lon="8.33084"></trkpt><trkpt lat="46.54251" lon="8.33077"></trkpt><trkpt lat="46.54243" lon="8.33069"></trkpt><trkpt lat="46.54234" lon="8.33056"></trkpt><trkpt lat="46.5423" lon="8.3305"></trkpt><trkpt lat="46.54227" lon="8.33042"></trkpt><trkpt lat="46.54224" lon="8.33037"></trkpt><trkpt lat="46.54219" lon="8.33031"></trkpt><trkpt lat="46.54215" lon="8.33025"></trkpt><trkpt lat="46.54211" lon="8.33019"></trkpt><trkpt lat="46.5421" lon="8.33018"></trkpt><trkpt lat="46.54208" lon="8.33015"></trkpt><trkpt lat="46.54207" lon="8.33013"></trkpt><trkpt lat="46.54204" lon="8.33008"></trkpt><trkpt lat="46.54202" lon="8.33004"></trkpt><trkpt lat="46.542" lon="8.33001"></trkpt><trkpt lat="46.54199" lon="8.33"></trkpt><trkpt lat="46.54197" lon="8.32999"></trkpt><trkpt lat="46.54194" lon="8.32998"></trkpt><trkpt lat="46.54191" lon="8.32997"></trkpt><trkpt lat="46.54189" lon="8.32997"></trkpt><trkpt lat="46.54184" lon="8.32995"></trkpt><trkpt lat="46.54177" lon="8.32993"></trkpt><trkpt lat="46.54172" lon="8.32991"></trkpt><trkpt lat="46.54169" lon="8.32991"></trkpt><trkpt lat="46.54166" lon="8.32991"></trkpt><trkpt lat="46.54163" lon="8.32991"></trkpt><trkpt lat="46.54158" lon="8.32992"></trkpt><trkpt lat="46.54155" lon="8.32993"></trkpt><trkpt lat="46.54151" lon="8.32997"></trkpt><trkpt lat="46.54148" lon="8.33"></trkpt><trkpt lat="46.54146" lon="8.33"></trkpt><trkpt lat="46.54144" lon="8.33001"></trkpt><trkpt lat="46.54142" lon="8.33003"></trkpt><trkpt lat="46.54139" lon="8.33005"></trkpt><trkpt lat="46.54137" lon="8.33006"></trkpt><trkpt lat="46.54133" lon="8.33007"></trkpt><trkpt lat="46.54131" lon="8.33006"></trkpt><trkpt lat="46.54127" lon="8.33007"></trkpt><trkpt lat="46.54123" lon="8.33006"></trkpt><trkpt lat="46.54119" lon="8.33006"></trkpt><trkpt lat="46.54115" lon="8.33006"></trkpt><trkpt lat="46.54112" lon="8.33006"></trkpt><trkpt lat="46.54109" lon="8.33006"></trkpt><trkpt lat="46.54105" lon="8.33005"></trkpt><trkpt lat="46.54102" lon="8.33004"></trkpt><trkpt lat="46.54098" lon="8.33002"></trkpt><trkpt lat="46.54095" lon="8.33"></trkpt><trkpt lat="46.54093" lon="8.33"></trkpt><trkpt lat="46.5409" lon="8.32999"></trkpt><trkpt lat="46.54086" lon="8.32999"></trkpt><trkpt lat="46.54082" lon="8.32999"></trkpt><trkpt lat="46.5408" lon="8.32999"></trkpt><trkpt lat="46.54075" lon="8.32997"></trkpt><trkpt lat="46.54071" lon="8.32997"></trkpt><trkpt lat="46.54068" lon="8.32995"></trkpt><trkpt lat="46.54065" lon="8.32992"></trkpt><trkpt lat="46.54064" lon="8.32991"></trkpt><trkpt lat="46.54062" lon="8.32991"></trkpt><trkpt lat="46.5406" lon="8.32992"></trkpt><trkpt lat="46.54057" lon="8.3299"></trkpt><trkpt lat="46.54053" lon="8.3299"></trkpt><trkpt lat="46.5405" lon="8.32989"></trkpt><trkpt lat="46.54047" lon="8.32989"></trkpt><trkpt lat="46.54042" lon="8.32989"></trkpt><trkpt lat="46.54041" lon="8.32988"></trkpt><trkpt lat="46.54039" lon="8.32986"></trkpt><trkpt lat="46.54037" lon="8.32984"></trkpt><trkpt lat="46.54035" lon="8.32982"></trkpt><trkpt lat="46.54031" lon="8.32978"></trkpt><trkpt lat="46.54027" lon="8.32975"></trkpt><trkpt lat="46.54024" lon="8.32975"></trkpt><trkpt lat="46.54018" lon="8.32978"></trkpt><trkpt lat="46.54012" lon="8.32981"></trkpt><trkpt lat="46.54009" lon="8.32981"></trkpt><trkpt lat="46.54006" lon="8.3298"></trkpt><trkpt lat="46.53999" lon="8.32975"></trkpt><trkpt lat="46.5399" lon="8.32969"></trkpt><trkpt lat="46.53985" lon="8.32966"></trkpt><trkpt lat="46.53979" lon="8.32964"></trkpt><trkpt lat="46.53973" lon="8.32963"></trkpt><trkpt lat="46.53969" lon="8.3296"></trkpt><trkpt lat="46.53966" lon="8.32955"></trkpt><trkpt lat="46.53963" lon="8.3295"></trkpt><trkpt lat="46.5396" lon="8.32946"></trkpt><trkpt lat="46.53959" lon="8.32945"></trkpt><trkpt lat="46.53957" lon="8.32946"></trkpt><trkpt lat="46.5395" lon="8.32947"></trkpt><trkpt lat="46.53945" lon="8.32952"></trkpt><trkpt lat="46.53937" lon="8.32963"></trkpt><trkpt lat="46.53934" lon="8.32971"></trkpt><trkpt lat="46.53932" lon="8.32972"></trkpt><trkpt lat="46.5393" lon="8.3297"></trkpt><trkpt lat="46.53919" lon="8.32961"></trkpt><trkpt lat="46.53915" lon="8.32961"></trkpt><trkpt lat="46.5391" lon="8.32964"></trkpt><trkpt lat="46.53908" lon="8.32962"></trkpt><trkpt lat="46.53896" lon="8.32955"></trkpt><trkpt lat="46.53892" lon="8.32953"></trkpt><trkpt lat="46.5389" lon="8.32954"></trkpt><trkpt lat="46.5389" lon="8.32957"></trkpt><trkpt lat="46.53892" lon="8.32959"></trkpt><trkpt lat="46.53893" lon="8.32961"></trkpt><trkpt lat="46.53892" lon="8.32962"></trkpt><trkpt lat="46.53892" lon="8.32965"></trkpt><trkpt lat="46.53879" lon="8.3296"></trkpt><trkpt lat="46.53862" lon="8.32952"></trkpt><trkpt lat="46.53848" lon="8.32945"></trkpt><trkpt lat="46.53831" lon="8.32934"></trkpt><trkpt lat="46.53819" lon="8.32927"></trkpt><trkpt lat="46.53804" lon="8.32922"></trkpt><trkpt lat="46.53799" lon="8.32918"></trkpt><trkpt lat="46.53795" lon="8.32916"></trkpt><trkpt lat="46.53791" lon="8.32915"></trkpt><trkpt lat="46.53784" lon="8.32913"></trkpt><trkpt lat="46.53777" lon="8.32911"></trkpt><trkpt lat="46.53772" lon="8.32909"></trkpt><trkpt lat="46.53767" lon="8.32907"></trkpt><trkpt lat="46.53759" lon="8.32902"></trkpt><trkpt lat="46.5375" lon="8.32897"></trkpt><trkpt lat="46.53743" lon="8.32892"></trkpt><trkpt lat="46.53742" lon="8.32894"></trkpt><trkpt lat="46.53742" lon="8.32896"></trkpt><trkpt lat="46.53742" lon="8.32898"></trkpt><trkpt lat="46.53743" lon="8.32899"></trkpt><trkpt lat="46.53744" lon="8.32901"></trkpt><trkpt lat="46.53746" lon="8.32904"></trkpt><trkpt lat="46.53747" lon="8.32905"></trkpt><trkpt lat="46.53748" lon="8.32908"></trkpt><trkpt lat="46.5375" lon="8.32912"></trkpt><trkpt lat="46.5375" lon="8.32914"></trkpt><trkpt lat="46.5375" lon="8.32915"></trkpt><trkpt lat="46.53749" lon="8.32916"></trkpt><trkpt lat="46.53747" lon="8.32916"></trkpt><trkpt lat="46.53745" lon="8.32915"></trkpt><trkpt lat="46.53742" lon="8.32912"></trkpt><trkpt lat="46.53738" lon="8.32909"></trkpt><trkpt lat="46.53736" lon="8.32907"></trkpt><trkpt lat="46.53733" lon="8.32905"></trkpt><trkpt lat="46.5373" lon="8.32904"></trkpt><trkpt lat="46.53728" lon="8.329"></trkpt><trkpt lat="46.53726" lon="8.32898"></trkpt><trkpt lat="46.53723" lon="8.32896"></trkpt><trkpt lat="46.53721" lon="8.32894"></trkpt><trkpt lat="46.53719" lon="8.32892"></trkpt><trkpt lat="46.53718" lon="8.32892"></trkpt><trkpt lat="46.53717" lon="8.32893"></trkpt><trkpt lat="46.53717" lon="8.32895"></trkpt><trkpt lat="46.53717" lon="8.32897"></trkpt><trkpt lat="46.53718" lon="8.329"></trkpt><trkpt lat="46.53718" lon="8.32903"></trkpt><trkpt lat="46.53717" lon="8.32912"></trkpt><trkpt lat="46.53716" lon="8.32922"></trkpt><trkpt lat="46.53716" lon="8.32928"></trkpt><trkpt lat="46.53715" lon="8.32932"></trkpt><trkpt lat="46.53716" lon="8.32936"></trkpt><trkpt lat="46.53717" lon="8.3294"></trkpt><trkpt lat="46.53717" lon="8.32941"></trkpt><trkpt lat="46.53716" lon="8.32942"></trkpt><trkpt lat="46.53715" lon="8.32943"></trkpt><trkpt lat="46.53711" lon="8.32942"></trkpt><trkpt lat="46.53709" lon="8.32941"></trkpt><trkpt lat="46.53708" lon="8.3294"></trkpt><trkpt lat="46.53707" lon="8.32937"></trkpt><trkpt lat="46.53706" lon="8.32935"></trkpt><trkpt lat="46.53704" lon="8.32929"></trkpt><trkpt lat="46.53703" lon="8.32927"></trkpt><trkpt lat="46.53701" lon="8.32924"></trkpt><trkpt lat="46.53698" lon="8.32922"></trkpt><trkpt lat="46.53697" lon="8.32922"></trkpt><trkpt lat="46.53696" lon="8.32923"></trkpt><trkpt lat="46.53696" lon="8.32925"></trkpt><trkpt lat="46.53696" lon="8.3293"></trkpt><trkpt lat="46.53695" lon="8.32934"></trkpt><trkpt lat="46.53694" lon="8.32938"></trkpt><trkpt lat="46.53693" lon="8.32942"></trkpt><trkpt lat="46.53692" lon="8.32944"></trkpt><trkpt lat="46.53692" lon="8.32946"></trkpt><trkpt lat="46.53695" lon="8.32951"></trkpt><trkpt lat="46.53697" lon="8.32955"></trkpt><trkpt lat="46.53698" lon="8.32958"></trkpt><trkpt lat="46.53698" lon="8.3296"></trkpt><trkpt lat="46.53696" lon="8.32961"></trkpt><trkpt lat="46.53694" lon="8.32963"></trkpt><trkpt lat="46.53686" lon="8.32964"></trkpt><trkpt lat="46.53682" lon="8.32963"></trkpt><trkpt lat="46.53679" lon="8.32961"></trkpt><trkpt lat="46.53676" lon="8.3296"></trkpt><trkpt lat="46.53675" lon="8.32957"></trkpt><trkpt lat="46.53674" lon="8.32954"></trkpt><trkpt lat="46.53673" lon="8.32946"></trkpt><trkpt lat="46.53671" lon="8.32942"></trkpt><trkpt lat="46.5367" lon="8.32941"></trkpt><trkpt lat="46.53669" lon="8.3294"></trkpt><trkpt lat="46.53667" lon="8.32942"></trkpt><trkpt lat="46.53666" lon="8.32944"></trkpt><trkpt lat="46.53664" lon="8.32955"></trkpt><trkpt lat="46.53663" lon="8.32962"></trkpt><trkpt lat="46.53663" lon="8.32966"></trkpt><trkpt lat="46.53662" lon="8.32967"></trkpt><trkpt lat="46.53661" lon="8.32968"></trkpt><trkpt lat="46.53659" lon="8.32967"></trkpt><trkpt lat="46.53658" lon="8.32965"></trkpt><trkpt lat="46.53655" lon="8.3296"></trkpt><trkpt lat="46.53651" lon="8.32954"></trkpt><trkpt lat="46.53649" lon="8.32951"></trkpt><trkpt lat="46.53648" lon="8.32947"></trkpt><trkpt lat="46.53647" lon="8.32945"></trkpt><trkpt lat="46.53646" lon="8.32944"></trkpt><trkpt lat="46.53644" lon="8.32945"></trkpt><trkpt lat="46.53643" lon="8.32948"></trkpt><trkpt lat="46.53642" lon="8.32953"></trkpt><trkpt lat="46.53642" lon="8.32958"></trkpt><trkpt lat="46.53642" lon="8.32965"></trkpt><trkpt lat="46.53643" lon="8.32977"></trkpt><trkpt lat="46.53644" lon="8.32984"></trkpt><trkpt lat="46.53645" lon="8.32987"></trkpt><trkpt lat="46.53649" lon="8.32995"></trkpt><trkpt lat="46.53651" lon="8.32999"></trkpt><trkpt lat="46.53652" lon="8.33002"></trkpt><trkpt lat="46.53652" lon="8.33003"></trkpt><trkpt lat="46.53651" lon="8.33005"></trkpt><trkpt lat="46.53649" lon="8.33005"></trkpt><trkpt lat="46.53644" lon="8.33004"></trkpt><trkpt lat="46.53639" lon="8.33004"></trkpt><trkpt lat="46.53628" lon="8.33003"></trkpt><trkpt lat="46.53624" lon="8.33002"></trkpt><trkpt lat="46.53621" lon="8.33003"></trkpt><trkpt lat="46.53618" lon="8.33004"></trkpt><trkpt lat="46.53614" lon="8.33004"></trkpt><trkpt lat="46.53611" lon="8.33002"></trkpt><trkpt lat="46.53608" lon="8.33"></trkpt><trkpt lat="46.53606" lon="8.32998"></trkpt><trkpt lat="46.53605" lon="8.32994"></trkpt><trkpt lat="46.53603" lon="8.32985"></trkpt><trkpt lat="46.53603" lon="8.32983"></trkpt><trkpt lat="46.53602" lon="8.32978"></trkpt><trkpt lat="46.53601" lon="8.32968"></trkpt><trkpt lat="46.536" lon="8.32956"></trkpt><trkpt lat="46.536" lon="8.32947"></trkpt><trkpt lat="46.53601" lon="8.32938"></trkpt><trkpt lat="46.536" lon="8.32927"></trkpt><trkpt lat="46.53601" lon="8.32919"></trkpt><trkpt lat="46.53603" lon="8.32913"></trkpt><trkpt lat="46.53605" lon="8.32907"></trkpt><trkpt lat="46.53607" lon="8.32901"></trkpt><trkpt lat="46.53608" lon="8.32897"></trkpt><trkpt lat="46.53608" lon="8.32894"></trkpt><trkpt lat="46.53608" lon="8.32892"></trkpt><trkpt lat="46.53607" lon="8.32888"></trkpt><trkpt lat="46.53604" lon="8.32885"></trkpt><trkpt lat="46.536" lon="8.32883"></trkpt><trkpt lat="46.53593" lon="8.32882"></trkpt><trkpt lat="46.53589" lon="8.32883"></trkpt><trkpt lat="46.53586" lon="8.32883"></trkpt><trkpt lat="46.53581" lon="8.32881"></trkpt><trkpt lat="46.53573" lon="8.32879"></trkpt><trkpt lat="46.5357" lon="8.32879"></trkpt><trkpt lat="46.53566" lon="8.32877"></trkpt><trkpt lat="46.53564" lon="8.32875"></trkpt><trkpt lat="46.53562" lon="8.32872"></trkpt><trkpt lat="46.53561" lon="8.32867"></trkpt><trkpt lat="46.5356" lon="8.32864"></trkpt><trkpt lat="46.53559" lon="8.32863"></trkpt><trkpt lat="46.53558" lon="8.32863"></trkpt><trkpt lat="46.53556" lon="8.32863"></trkpt><trkpt lat="46.53554" lon="8.32862"></trkpt><trkpt lat="46.53552" lon="8.32861"></trkpt><trkpt lat="46.53549" lon="8.32861"></trkpt><trkpt lat="46.53544" lon="8.32861"></trkpt><trkpt lat="46.53536" lon="8.32864"></trkpt><trkpt lat="46.53533" lon="8.32865"></trkpt><trkpt lat="46.5353" lon="8.32866"></trkpt><trkpt lat="46.53527" lon="8.32866"></trkpt><trkpt lat="46.53523" lon="8.32865"></trkpt><trkpt lat="46.5352" lon="8.32865"></trkpt><trkpt lat="46.53515" lon="8.32867"></trkpt><trkpt lat="46.53513" lon="8.3287"></trkpt><trkpt lat="46.53512" lon="8.32873"></trkpt><trkpt lat="46.53513" lon="8.32874"></trkpt><trkpt lat="46.5352" lon="8.32877"></trkpt><trkpt lat="46.53521" lon="8.32878"></trkpt><trkpt lat="46.53523" lon="8.3288"></trkpt><trkpt lat="46.53523" lon="8.32882"></trkpt><trkpt lat="46.53523" lon="8.32884"></trkpt><trkpt lat="46.53518" lon="8.32886"></trkpt><trkpt lat="46.53511" lon="8.32885"></trkpt><trkpt lat="46.53508" lon="8.32885"></trkpt><trkpt lat="46.53503" lon="8.32884"></trkpt><trkpt lat="46.53502" lon="8.32885"></trkpt><trkpt lat="46.53501" lon="8.32888"></trkpt><trkpt lat="46.53501" lon="8.32889"></trkpt><trkpt lat="46.53502" lon="8.32891"></trkpt><trkpt lat="46.53505" lon="8.32892"></trkpt><trkpt lat="46.53506" lon="8.32893"></trkpt><trkpt lat="46.53506" lon="8.32895"></trkpt><trkpt lat="46.53505" lon="8.32896"></trkpt><trkpt lat="46.53503" lon="8.32897"></trkpt><trkpt lat="46.53498" lon="8.32898"></trkpt><trkpt lat="46.53489" lon="8.32899"></trkpt><trkpt lat="46.53486" lon="8.32899"></trkpt><trkpt lat="46.53483" lon="8.32897"></trkpt><trkpt lat="46.5348" lon="8.32894"></trkpt><trkpt lat="46.53477" lon="8.32891"></trkpt><trkpt lat="46.53476" lon="8.32889"></trkpt><trkpt lat="46.53474" lon="8.3289"></trkpt><trkpt lat="46.53472" lon="8.32891"></trkpt><trkpt lat="46.53469" lon="8.32891"></trkpt><trkpt lat="46.53466" lon="8.32891"></trkpt><trkpt lat="46.53463" lon="8.32888"></trkpt><trkpt lat="46.53459" lon="8.32885"></trkpt><trkpt lat="46.53455" lon="8.32884"></trkpt><trkpt lat="46.53452" lon="8.32883"></trkpt><trkpt lat="46.5345" lon="8.32885"></trkpt><trkpt lat="46.53448" lon="8.32886"></trkpt><trkpt lat="46.53445" lon="8.32885"></trkpt><trkpt lat="46.53441" lon="8.32886"></trkpt><trkpt lat="46.53438" lon="8.32888"></trkpt><trkpt lat="46.53418" lon="8.32894"></trkpt><trkpt lat="46.53414" lon="8.32895"></trkpt><trkpt lat="46.5341" lon="8.32893"></trkpt><trkpt lat="46.53406" lon="8.32892"></trkpt><trkpt lat="46.53402" lon="8.32891"></trkpt><trkpt lat="46.53398" lon="8.32889"></trkpt><trkpt lat="46.53394" lon="8.32887"></trkpt><trkpt lat="46.5339" lon="8.32882"></trkpt><trkpt lat="46.53387" lon="8.32879"></trkpt><trkpt lat="46.53384" lon="8.32877"></trkpt><trkpt lat="46.53382" lon="8.32877"></trkpt><trkpt lat="46.5338" lon="8.32877"></trkpt><trkpt lat="46.53378" lon="8.32874"></trkpt><trkpt lat="46.53374" lon="8.32872"></trkpt><trkpt lat="46.53373" lon="8.3287"></trkpt><trkpt lat="46.53371" lon="8.32866"></trkpt><trkpt lat="46.53369" lon="8.32865"></trkpt><trkpt lat="46.53367" lon="8.32864"></trkpt><trkpt lat="46.53364" lon="8.32863"></trkpt><trkpt lat="46.53361" lon="8.32866"></trkpt><trkpt lat="46.53357" lon="8.32869"></trkpt><trkpt lat="46.53356" lon="8.32871"></trkpt><trkpt lat="46.53351" lon="8.32877"></trkpt><trkpt lat="46.53348" lon="8.3288"></trkpt><trkpt lat="46.53345" lon="8.32884"></trkpt><trkpt lat="46.53342" lon="8.32886"></trkpt><trkpt lat="46.53339" lon="8.32888"></trkpt><trkpt lat="46.53334" lon="8.32891"></trkpt><trkpt lat="46.53324" lon="8.32897"></trkpt><trkpt lat="46.53316" lon="8.32901"></trkpt><trkpt lat="46.53308" lon="8.32904"></trkpt><trkpt lat="46.53304" lon="8.32905"></trkpt><trkpt lat="46.53299" lon="8.32904"></trkpt><trkpt lat="46.53294" lon="8.32903"></trkpt><trkpt lat="46.53289" lon="8.32902"></trkpt><trkpt lat="46.53282" lon="8.329"></trkpt><trkpt lat="46.53274" lon="8.32899"></trkpt><trkpt lat="46.53266" lon="8.32898"></trkpt><trkpt lat="46.53259" lon="8.32897"></trkpt><trkpt lat="46.53254" lon="8.32896"></trkpt><trkpt lat="46.53248" lon="8.32893"></trkpt><trkpt lat="46.53242" lon="8.32889"></trkpt><trkpt lat="46.53234" lon="8.32883"></trkpt><trkpt lat="46.5323" lon="8.32878"></trkpt><trkpt lat="46.5322" lon="8.3287"></trkpt><trkpt lat="46.53217" lon="8.3287"></trkpt><trkpt lat="46.53215" lon="8.3287"></trkpt><trkpt lat="46.53213" lon="8.3287"></trkpt><trkpt lat="46.5321" lon="8.3287"></trkpt><trkpt lat="46.53209" lon="8.3287"></trkpt><trkpt lat="46.53207" lon="8.32868"></trkpt><trkpt lat="46.53205" lon="8.32866"></trkpt><trkpt lat="46.53201" lon="8.32866"></trkpt><trkpt lat="46.53197" lon="8.32865"></trkpt><trkpt lat="46.5319" lon="8.32862"></trkpt><trkpt lat="46.53183" lon="8.32857"></trkpt><trkpt lat="46.53177" lon="8.32851"></trkpt><trkpt lat="46.53167" lon="8.3284"></trkpt><trkpt lat="46.53163" lon="8.32836"></trkpt><trkpt lat="46.53157" lon="8.32836"></trkpt><trkpt lat="46.53147" lon="8.32836"></trkpt><trkpt lat="46.53135" lon="8.32834"></trkpt><trkpt lat="46.53132" lon="8.32834"></trkpt><trkpt lat="46.5313" lon="8.32832"></trkpt><trkpt lat="46.53129" lon="8.32831"></trkpt><trkpt lat="46.53128" lon="8.32828"></trkpt><trkpt lat="46.53126" lon="8.32823"></trkpt><trkpt lat="46.53125" lon="8.32819"></trkpt><trkpt lat="46.53124" lon="8.32817"></trkpt><trkpt lat="46.53123" lon="8.32814"></trkpt><trkpt lat="46.53121" lon="8.32812"></trkpt><trkpt lat="46.53116" lon="8.32809"></trkpt><trkpt lat="46.53112" lon="8.32807"></trkpt><trkpt lat="46.53108" lon="8.32805"></trkpt><trkpt lat="46.53105" lon="8.32804"></trkpt><trkpt lat="46.53103" lon="8.32801"></trkpt><trkpt lat="46.53102" lon="8.328"></trkpt><trkpt lat="46.53101" lon="8.32801"></trkpt><trkpt lat="46.531" lon="8.32802"></trkpt><trkpt lat="46.531" lon="8.32804"></trkpt><trkpt lat="46.53101" lon="8.32807"></trkpt><trkpt lat="46.53102" lon="8.32809"></trkpt><trkpt lat="46.53102" lon="8.32813"></trkpt><trkpt lat="46.53103" lon="8.32816"></trkpt><trkpt lat="46.53103" lon="8.32818"></trkpt><trkpt lat="46.53104" lon="8.32819"></trkpt><trkpt lat="46.53105" lon="8.32822"></trkpt><trkpt lat="46.53104" lon="8.32824"></trkpt><trkpt lat="46.53102" lon="8.32825"></trkpt><trkpt lat="46.531" lon="8.32825"></trkpt><trkpt lat="46.53097" lon="8.32823"></trkpt><trkpt lat="46.53095" lon="8.32821"></trkpt><trkpt lat="46.53091" lon="8.32818"></trkpt><trkpt lat="46.53087" lon="8.32813"></trkpt><trkpt lat="46.53083" lon="8.32808"></trkpt><trkpt lat="46.53077" lon="8.328"></trkpt><trkpt lat="46.53073" lon="8.32796"></trkpt><trkpt lat="46.5307" lon="8.32795"></trkpt><trkpt lat="46.53067" lon="8.32794"></trkpt><trkpt lat="46.53063" lon="8.32794"></trkpt><trkpt lat="46.5306" lon="8.32793"></trkpt><trkpt lat="46.53058" lon="8.32791"></trkpt><trkpt lat="46.53056" lon="8.32787"></trkpt><trkpt lat="46.53055" lon="8.32783"></trkpt><trkpt lat="46.53054" lon="8.32782"></trkpt><trkpt lat="46.53052" lon="8.32781"></trkpt><trkpt lat="46.53051" lon="8.32779"></trkpt><trkpt lat="46.53051" lon="8.32776"></trkpt><trkpt lat="46.53051" lon="8.32772"></trkpt><trkpt lat="46.53049" lon="8.32769"></trkpt><trkpt lat="46.53047" lon="8.32767"></trkpt><trkpt lat="46.53042" lon="8.32764"></trkpt><trkpt lat="46.53034" lon="8.32763"></trkpt><trkpt lat="46.53023" lon="8.32759"></trkpt><trkpt lat="46.53014" lon="8.32755"></trkpt><trkpt lat="46.53005" lon="8.3275"></trkpt><trkpt lat="46.52999" lon="8.32746"></trkpt><trkpt lat="46.52996" lon="8.32743"></trkpt><trkpt lat="46.52991" lon="8.32736"></trkpt><trkpt lat="46.52989" lon="8.32732"></trkpt><trkpt lat="46.52984" lon="8.32727"></trkpt><trkpt lat="46.52978" lon="8.32723"></trkpt><trkpt lat="46.52972" lon="8.32719"></trkpt><trkpt lat="46.52964" lon="8.32708"></trkpt><trkpt lat="46.52956" lon="8.32699"></trkpt><trkpt lat="46.52947" lon="8.32686"></trkpt><trkpt lat="46.52944" lon="8.32682"></trkpt><trkpt lat="46.52942" lon="8.32681"></trkpt><trkpt lat="46.5294" lon="8.3268"></trkpt><trkpt lat="46.5294" lon="8.32679"></trkpt><trkpt lat="46.52938" lon="8.32678"></trkpt><trkpt lat="46.52936" lon="8.32677"></trkpt><trkpt lat="46.52934" lon="8.32676"></trkpt><trkpt lat="46.52931" lon="8.32673"></trkpt><trkpt lat="46.52928" lon="8.32671"></trkpt><trkpt lat="46.52922" lon="8.32667"></trkpt><trkpt lat="46.52917" lon="8.32663"></trkpt><trkpt lat="46.52914" lon="8.3266"></trkpt><trkpt lat="46.5291" lon="8.32655"></trkpt><trkpt lat="46.52907" lon="8.32652"></trkpt><trkpt lat="46.52895" lon="8.32641"></trkpt><trkpt lat="46.52879" lon="8.32625"></trkpt><trkpt lat="46.52864" lon="8.32608"></trkpt><trkpt lat="46.52854" lon="8.32598"></trkpt><trkpt lat="46.52844" lon="8.32592"></trkpt><trkpt lat="46.52839" lon="8.32591"></trkpt><trkpt lat="46.52832" lon="8.32585"></trkpt><trkpt lat="46.52826" lon="8.3258"></trkpt><trkpt lat="46.52824" lon="8.32576"></trkpt><trkpt lat="46.52821" lon="8.32572"></trkpt><trkpt lat="46.52817" lon="8.32568"></trkpt><trkpt lat="46.52814" lon="8.32565"></trkpt><trkpt lat="46.52811" lon="8.32563"></trkpt><trkpt lat="46.52807" lon="8.32561"></trkpt><trkpt lat="46.52803" lon="8.32558"></trkpt><trkpt lat="46.52802" lon="8.32558"></trkpt><trkpt lat="46.52801" lon="8.32559"></trkpt><trkpt lat="46.52801" lon="8.32561"></trkpt><trkpt lat="46.52801" lon="8.32563"></trkpt><trkpt lat="46.52802" lon="8.32565"></trkpt><trkpt lat="46.52803" lon="8.32569"></trkpt><trkpt lat="46.52804" lon="8.32573"></trkpt><trkpt lat="46.52804" lon="8.32575"></trkpt><trkpt lat="46.52806" lon="8.32579"></trkpt><trkpt lat="46.52808" lon="8.3259"></trkpt><trkpt lat="46.52812" lon="8.32618"></trkpt><trkpt lat="46.52814" lon="8.32627"></trkpt><trkpt lat="46.52815" lon="8.32632"></trkpt><trkpt lat="46.52816" lon="8.32639"></trkpt><trkpt lat="46.52818" lon="8.32648"></trkpt><trkpt lat="46.5282" lon="8.3266"></trkpt><trkpt lat="46.52822" lon="8.32665"></trkpt><trkpt lat="46.52824" lon="8.32672"></trkpt><trkpt lat="46.52826" lon="8.32675"></trkpt><trkpt lat="46.52827" lon="8.32682"></trkpt><trkpt lat="46.5283" lon="8.32689"></trkpt><trkpt lat="46.52833" lon="8.32696"></trkpt><trkpt lat="46.52836" lon="8.32704"></trkpt><trkpt lat="46.52838" lon="8.3271"></trkpt><trkpt lat="46.52838" lon="8.32716"></trkpt><trkpt lat="46.52839" lon="8.3272"></trkpt><trkpt lat="46.52842" lon="8.32729"></trkpt><trkpt lat="46.52848" lon="8.32749"></trkpt><trkpt lat="46.52854" lon="8.32769"></trkpt><trkpt lat="46.52857" lon="8.32781"></trkpt><trkpt lat="46.52863" lon="8.32792"></trkpt><trkpt lat="46.52866" lon="8.32797"></trkpt><trkpt lat="46.52868" lon="8.32804"></trkpt><trkpt lat="46.5287" lon="8.32811"></trkpt><trkpt lat="46.52871" lon="8.32816"></trkpt><trkpt lat="46.5287" lon="8.32819"></trkpt><trkpt lat="46.52871" lon="8.32822"></trkpt><trkpt lat="46.52873" lon="8.32827"></trkpt><trkpt lat="46.52876" lon="8.32831"></trkpt><trkpt lat="46.52877" lon="8.32836"></trkpt><trkpt lat="46.52878" lon="8.32842"></trkpt><trkpt lat="46.52877" lon="8.32846"></trkpt><trkpt lat="46.52877" lon="8.32849"></trkpt><trkpt lat="46.52878" lon="8.32854"></trkpt><trkpt lat="46.5288" lon="8.32858"></trkpt><trkpt lat="46.52883" lon="8.32865"></trkpt><trkpt lat="46.52887" lon="8.32876"></trkpt><trkpt lat="46.52889" lon="8.32883"></trkpt><trkpt lat="46.52895" lon="8.3289"></trkpt><trkpt lat="46.529" lon="8.32896"></trkpt><trkpt lat="46.52906" lon="8.329"></trkpt><trkpt lat="46.52911" lon="8.32903"></trkpt><trkpt lat="46.52915" lon="8.32905"></trkpt><trkpt lat="46.52918" lon="8.32908"></trkpt><trkpt lat="46.5292" lon="8.32911"></trkpt><trkpt lat="46.52921" lon="8.32915"></trkpt><trkpt lat="46.52921" lon="8.32925"></trkpt><trkpt lat="46.5292" lon="8.32934"></trkpt><trkpt lat="46.5292" lon="8.3294"></trkpt><trkpt lat="46.52922" lon="8.32948"></trkpt><trkpt lat="46.52925" lon="8.32961"></trkpt><trkpt lat="46.52927" lon="8.32969"></trkpt><trkpt lat="46.52931" lon="8.32979"></trkpt><trkpt lat="46.52937" lon="8.32993"></trkpt><trkpt lat="46.52941" lon="8.33004"></trkpt><trkpt lat="46.52944" lon="8.33014"></trkpt><trkpt lat="46.52947" lon="8.3302"></trkpt><trkpt lat="46.5295" lon="8.33035"></trkpt><trkpt lat="46.5295" lon="8.33045"></trkpt><trkpt lat="46.52941" lon="8.33035"></trkpt><trkpt lat="46.52933" lon="8.33028"></trkpt><trkpt lat="46.52923" lon="8.33017"></trkpt><trkpt lat="46.52916" lon="8.33009"></trkpt><trkpt lat="46.52911" lon="8.33005"></trkpt><trkpt lat="46.52907" lon="8.33003"></trkpt><trkpt lat="46.52903" lon="8.33"></trkpt><trkpt lat="46.529" lon="8.32993"></trkpt><trkpt lat="46.52899" lon="8.32987"></trkpt><trkpt lat="46.52899" lon="8.32972"></trkpt><trkpt lat="46.52899" lon="8.32966"></trkpt><trkpt lat="46.52899" lon="8.3296"></trkpt><trkpt lat="46.52898" lon="8.32957"></trkpt><trkpt lat="46.52896" lon="8.32955"></trkpt><trkpt lat="46.52893" lon="8.32955"></trkpt><trkpt lat="46.5289" lon="8.32954"></trkpt><trkpt lat="46.52884" lon="8.32956"></trkpt><trkpt lat="46.52876" lon="8.32957"></trkpt><trkpt lat="46.5287" lon="8.32959"></trkpt><trkpt lat="46.52866" lon="8.32961"></trkpt><trkpt lat="46.52856" lon="8.32967"></trkpt><trkpt lat="46.52844" lon="8.32966"></trkpt><trkpt lat="46.52835" lon="8.3296"></trkpt><trkpt lat="46.52812" lon="8.32943"></trkpt><trkpt lat="46.52808" lon="8.32939"></trkpt><trkpt lat="46.52803" lon="8.32935"></trkpt><trkpt lat="46.52801" lon="8.32933"></trkpt><trkpt lat="46.52794" lon="8.32928"></trkpt><trkpt lat="46.52789" lon="8.32924"></trkpt><trkpt lat="46.52784" lon="8.32921"></trkpt><trkpt lat="46.5278" lon="8.32919"></trkpt><trkpt lat="46.52776" lon="8.32917"></trkpt><trkpt lat="46.52774" lon="8.32914"></trkpt><trkpt lat="46.52763" lon="8.32896"></trkpt><trkpt lat="46.52761" lon="8.32896"></trkpt><trkpt lat="46.52759" lon="8.32895"></trkpt><trkpt lat="46.52757" lon="8.32894"></trkpt><trkpt lat="46.52754" lon="8.32892"></trkpt><trkpt lat="46.52751" lon="8.32888"></trkpt><trkpt lat="46.52749" lon="8.32885"></trkpt><trkpt lat="46.52746" lon="8.32881"></trkpt><trkpt lat="46.52744" lon="8.32876"></trkpt><trkpt lat="46.52743" lon="8.32873"></trkpt><trkpt lat="46.52741" lon="8.32872"></trkpt><trkpt lat="46.52737" lon="8.3287"></trkpt><trkpt lat="46.52734" lon="8.32866"></trkpt><trkpt lat="46.52732" lon="8.32866"></trkpt><trkpt lat="46.52729" lon="8.32864"></trkpt><trkpt lat="46.52726" lon="8.3286"></trkpt><trkpt lat="46.52723" lon="8.32858"></trkpt><trkpt lat="46.5272" lon="8.32855"></trkpt><trkpt lat="46.52717" lon="8.32852"></trkpt><trkpt lat="46.52712" lon="8.32848"></trkpt><trkpt lat="46.52709" lon="8.32845"></trkpt><trkpt lat="46.52707" lon="8.32839"></trkpt><trkpt lat="46.52704" lon="8.32835"></trkpt><trkpt lat="46.527" lon="8.32831"></trkpt><trkpt lat="46.52698" lon="8.32827"></trkpt><trkpt lat="46.52695" lon="8.32824"></trkpt><trkpt lat="46.52692" lon="8.3282"></trkpt><trkpt lat="46.5269" lon="8.32815"></trkpt><trkpt lat="46.52688" lon="8.3281"></trkpt><trkpt lat="46.52688" lon="8.32807"></trkpt><trkpt lat="46.52688" lon="8.32803"></trkpt><trkpt lat="46.52686" lon="8.32799"></trkpt><trkpt lat="46.52684" lon="8.32796"></trkpt><trkpt lat="46.52682" lon="8.32794"></trkpt><trkpt lat="46.52679" lon="8.32794"></trkpt><trkpt lat="46.52675" lon="8.32794"></trkpt><trkpt lat="46.52671" lon="8.32796"></trkpt><trkpt lat="46.52668" lon="8.32797"></trkpt><trkpt lat="46.52664" lon="8.32796"></trkpt><trkpt lat="46.52661" lon="8.32794"></trkpt><trkpt lat="46.52656" lon="8.3279"></trkpt><trkpt lat="46.52651" lon="8.32787"></trkpt><trkpt lat="46.52647" lon="8.32783"></trkpt><trkpt lat="46.52643" lon="8.32778"></trkpt><trkpt lat="46.52639" lon="8.32772"></trkpt><trkpt lat="46.52637" lon="8.32768"></trkpt><trkpt lat="46.52635" lon="8.32764"></trkpt><trkpt lat="46.52632" lon="8.3276"></trkpt><trkpt lat="46.5263" lon="8.32757"></trkpt><trkpt lat="46.52627" lon="8.32756"></trkpt><trkpt lat="46.52624" lon="8.32753"></trkpt><trkpt lat="46.5262" lon="8.32748"></trkpt><trkpt lat="46.52616" lon="8.32743"></trkpt><trkpt lat="46.52612" lon="8.32736"></trkpt><trkpt lat="46.52608" lon="8.32731"></trkpt><trkpt lat="46.52606" lon="8.32727"></trkpt><trkpt lat="46.52603" lon="8.32723"></trkpt><trkpt lat="46.52601" lon="8.32718"></trkpt><trkpt lat="46.52597" lon="8.32711"></trkpt><trkpt lat="46.52595" lon="8.32707"></trkpt><trkpt lat="46.52592" lon="8.32705"></trkpt><trkpt lat="46.52589" lon="8.32701"></trkpt><trkpt lat="46.52585" lon="8.32699"></trkpt><trkpt lat="46.52582" lon="8.32696"></trkpt><trkpt lat="46.52578" lon="8.32693"></trkpt><trkpt lat="46.52574" lon="8.32688"></trkpt><trkpt lat="46.5257" lon="8.32685"></trkpt><trkpt lat="46.52566" lon="8.32682"></trkpt><trkpt lat="46.52562" lon="8.3268"></trkpt><trkpt lat="46.52556" lon="8.32676"></trkpt><trkpt lat="46.52553" lon="8.32673"></trkpt><trkpt lat="46.5255" lon="8.32672"></trkpt><trkpt lat="46.52547" lon="8.32671"></trkpt><trkpt lat="46.52545" lon="8.32668"></trkpt><trkpt lat="46.5254" lon="8.32662"></trkpt><trkpt lat="46.52536" lon="8.32655"></trkpt><trkpt lat="46.52531" lon="8.32647"></trkpt><trkpt lat="46.52529" lon="8.32644"></trkpt><trkpt lat="46.52525" lon="8.32642"></trkpt><trkpt lat="46.52518" lon="8.32639"></trkpt><trkpt lat="46.52513" lon="8.32636"></trkpt><trkpt lat="46.52505" lon="8.32629"></trkpt><trkpt lat="46.52498" lon="8.32623"></trkpt><trkpt lat="46.5249" lon="8.32616"></trkpt><trkpt lat="46.52482" lon="8.32609"></trkpt><trkpt lat="46.52473" lon="8.32601"></trkpt><trkpt lat="46.52465" lon="8.32595"></trkpt><trkpt lat="46.52453" lon="8.32588"></trkpt><trkpt lat="46.52442" lon="8.32581"></trkpt><trkpt lat="46.52435" lon="8.32576"></trkpt><trkpt lat="46.5243" lon="8.32573"></trkpt><trkpt lat="46.52425" lon="8.32569"></trkpt><trkpt lat="46.52421" lon="8.32567"></trkpt><trkpt lat="46.52417" lon="8.32566"></trkpt><trkpt lat="46.52411" lon="8.32563"></trkpt><trkpt lat="46.52407" lon="8.3256"></trkpt><trkpt lat="46.52399" lon="8.32551"></trkpt><trkpt lat="46.52388" lon="8.32542"></trkpt><trkpt lat="46.52383" lon="8.32538"></trkpt><trkpt lat="46.52378" lon="8.32537"></trkpt><trkpt lat="46.52376" lon="8.32538"></trkpt><trkpt lat="46.52365" lon="8.3253"></trkpt><trkpt lat="46.52357" lon="8.32525"></trkpt><trkpt lat="46.52351" lon="8.32519"></trkpt><trkpt lat="46.52344" lon="8.32516"></trkpt><trkpt lat="46.52337" lon="8.32511"></trkpt><trkpt lat="46.52331" lon="8.32508"></trkpt><trkpt lat="46.52322" lon="8.32507"></trkpt><trkpt lat="46.52318" lon="8.32506"></trkpt><trkpt lat="46.52316" lon="8.32508"></trkpt><trkpt lat="46.52313" lon="8.32511"></trkpt><trkpt lat="46.52312" lon="8.32514"></trkpt><trkpt lat="46.5231" lon="8.32518"></trkpt><trkpt lat="46.52309" lon="8.3252"></trkpt><trkpt lat="46.52309" lon="8.32522"></trkpt><trkpt lat="46.52309" lon="8.32528"></trkpt><trkpt lat="46.52308" lon="8.32539"></trkpt><trkpt lat="46.52307" lon="8.32541"></trkpt><trkpt lat="46.52306" lon="8.32542"></trkpt><trkpt lat="46.52301" lon="8.32545"></trkpt><trkpt lat="46.52296" lon="8.3255"></trkpt><trkpt lat="46.52293" lon="8.3255"></trkpt><trkpt lat="46.5229" lon="8.32551"></trkpt><trkpt lat="46.52288" lon="8.32552"></trkpt><trkpt lat="46.52287" lon="8.32551"></trkpt><trkpt lat="46.52284" lon="8.3255"></trkpt><trkpt lat="46.52282" lon="8.3255"></trkpt><trkpt lat="46.52279" lon="8.3255"></trkpt><trkpt lat="46.52275" lon="8.32549"></trkpt><trkpt lat="46.52271" lon="8.32549"></trkpt><trkpt lat="46.52264" lon="8.32545"></trkpt><trkpt lat="46.52259" lon="8.32539"></trkpt><trkpt lat="46.52255" lon="8.32532"></trkpt><trkpt lat="46.52253" lon="8.32522"></trkpt><trkpt lat="46.5225" lon="8.32507"></trkpt><trkpt lat="46.5225" lon="8.325"></trkpt><trkpt lat="46.52252" lon="8.32489"></trkpt><trkpt lat="46.52251" lon="8.32478"></trkpt><trkpt lat="46.52253" lon="8.32465"></trkpt><trkpt lat="46.52255" lon="8.32449"></trkpt><trkpt lat="46.52255" lon="8.32444"></trkpt><trkpt lat="46.52254" lon="8.32439"></trkpt><trkpt lat="46.52253" lon="8.32429"></trkpt><trkpt lat="46.52249" lon="8.32409"></trkpt><trkpt lat="46.52249" lon="8.324"></trkpt><trkpt lat="46.52247" lon="8.32392"></trkpt><trkpt lat="46.52245" lon="8.32379"></trkpt><trkpt lat="46.52243" lon="8.32382"></trkpt><trkpt lat="46.52239" lon="8.32383"></trkpt><trkpt lat="46.5223" lon="8.32384"></trkpt><trkpt lat="46.52224" lon="8.32383"></trkpt><trkpt lat="46.52218" lon="8.32381"></trkpt><trkpt lat="46.52214" lon="8.32379"></trkpt><trkpt lat="46.52212" lon="8.3238"></trkpt><trkpt lat="46.5221" lon="8.32382"></trkpt><trkpt lat="46.5221" lon="8.32385"></trkpt><trkpt lat="46.52211" lon="8.32388"></trkpt><trkpt lat="46.52212" lon="8.32393"></trkpt><trkpt lat="46.52217" lon="8.32401"></trkpt><trkpt lat="46.52221" lon="8.32407"></trkpt><trkpt lat="46.52224" lon="8.32412"></trkpt><trkpt lat="46.52225" lon="8.32415"></trkpt><trkpt lat="46.52225" lon="8.32417"></trkpt><trkpt lat="46.52225" lon="8.3242"></trkpt><trkpt lat="46.52224" lon="8.32423"></trkpt><trkpt lat="46.52223" lon="8.32425"></trkpt><trkpt lat="46.52221" lon="8.32426"></trkpt><trkpt lat="46.52219" lon="8.32425"></trkpt><trkpt lat="46.52215" lon="8.32424"></trkpt><trkpt lat="46.52211" lon="8.32423"></trkpt><trkpt lat="46.52203" lon="8.32422"></trkpt><trkpt lat="46.52199" lon="8.32421"></trkpt><trkpt lat="46.52195" lon="8.3242"></trkpt><trkpt lat="46.5219" lon="8.32418"></trkpt><trkpt lat="46.52188" lon="8.32417"></trkpt><trkpt lat="46.52185" lon="8.32418"></trkpt><trkpt lat="46.52183" lon="8.3242"></trkpt><trkpt lat="46.52182" lon="8.32423"></trkpt><trkpt lat="46.52181" lon="8.32427"></trkpt><trkpt lat="46.52182" lon="8.3243"></trkpt><trkpt lat="46.52188" lon="8.32442"></trkpt><trkpt lat="46.5219" lon="8.32446"></trkpt><trkpt lat="46.52192" lon="8.32453"></trkpt><trkpt lat="46.52194" lon="8.32461"></trkpt><trkpt lat="46.52197" lon="8.32467"></trkpt><trkpt lat="46.52198" lon="8.32471"></trkpt><trkpt lat="46.52199" lon="8.32476"></trkpt><trkpt lat="46.52198" lon="8.32479"></trkpt><trkpt lat="46.52196" lon="8.32481"></trkpt><trkpt lat="46.52194" lon="8.32482"></trkpt><trkpt lat="46.52192" lon="8.32482"></trkpt><trkpt lat="46.52187" lon="8.32479"></trkpt><trkpt lat="46.52177" lon="8.32475"></trkpt><trkpt lat="46.52167" lon="8.3247"></trkpt><trkpt lat="46.52162" lon="8.32469"></trkpt><trkpt lat="46.52159" lon="8.3247"></trkpt><trkpt lat="46.52157" lon="8.32473"></trkpt><trkpt lat="46.52156" lon="8.32477"></trkpt><trkpt lat="46.52156" lon="8.32482"></trkpt><trkpt lat="46.52159" lon="8.32488"></trkpt><trkpt lat="46.52161" lon="8.32494"></trkpt><trkpt lat="46.52162" lon="8.32505"></trkpt><trkpt lat="46.52163" lon="8.32522"></trkpt><trkpt lat="46.52164" lon="8.32529"></trkpt><trkpt lat="46.52167" lon="8.32544"></trkpt><trkpt lat="46.52171" lon="8.32566"></trkpt><trkpt lat="46.52175" lon="8.3258"></trkpt><trkpt lat="46.52175" lon="8.32585"></trkpt><trkpt lat="46.52175" lon="8.32589"></trkpt><trkpt lat="46.52175" lon="8.32593"></trkpt><trkpt lat="46.52172" lon="8.326"></trkpt><trkpt lat="46.52169" lon="8.32597"></trkpt><trkpt lat="46.52163" lon="8.32592"></trkpt><trkpt lat="46.52159" lon="8.3259"></trkpt><trkpt lat="46.52153" lon="8.32589"></trkpt><trkpt lat="46.52135" lon="8.32588"></trkpt><trkpt lat="46.52116" lon="8.32584"></trkpt><trkpt lat="46.52101" lon="8.3258"></trkpt><trkpt lat="46.52082" lon="8.32576"></trkpt><trkpt lat="46.52078" lon="8.32575"></trkpt><trkpt lat="46.52072" lon="8.32573"></trkpt><trkpt lat="46.52064" lon="8.32569"></trkpt><trkpt lat="46.52059" lon="8.32567"></trkpt><trkpt lat="46.52055" lon="8.32565"></trkpt><trkpt lat="46.52049" lon="8.32565"></trkpt><trkpt lat="46.52046" lon="8.32563"></trkpt><trkpt lat="46.52042" lon="8.32561"></trkpt><trkpt lat="46.5204" lon="8.32557"></trkpt><trkpt lat="46.52039" lon="8.32549"></trkpt><trkpt lat="46.52037" lon="8.3254"></trkpt><trkpt lat="46.52036" lon="8.32537"></trkpt><trkpt lat="46.52033" lon="8.32535"></trkpt><trkpt lat="46.5203" lon="8.32535"></trkpt><trkpt lat="46.52028" lon="8.32536"></trkpt><trkpt lat="46.52026" lon="8.32543"></trkpt><trkpt lat="46.52022" lon="8.32557"></trkpt><trkpt lat="46.52019" lon="8.32564"></trkpt><trkpt lat="46.52016" lon="8.32581"></trkpt><trkpt lat="46.52012" lon="8.32615"></trkpt><trkpt lat="46.52009" lon="8.3263"></trkpt><trkpt lat="46.52007" lon="8.32635"></trkpt><trkpt lat="46.52005" lon="8.32637"></trkpt><trkpt lat="46.52002" lon="8.32638"></trkpt><trkpt lat="46.51998" lon="8.32638"></trkpt><trkpt lat="46.51995" lon="8.32636"></trkpt><trkpt lat="46.51987" lon="8.32626"></trkpt><trkpt lat="46.51976" lon="8.32614"></trkpt><trkpt lat="46.51968" lon="8.32606"></trkpt><trkpt lat="46.5196" lon="8.326"></trkpt><trkpt lat="46.51934" lon="8.32586"></trkpt><trkpt lat="46.51918" lon="8.32575"></trkpt><trkpt lat="46.519" lon="8.32562"></trkpt><trkpt lat="46.51892" lon="8.32555"></trkpt><trkpt lat="46.51886" lon="8.32551"></trkpt><trkpt lat="46.51878" lon="8.32548"></trkpt><trkpt lat="46.51866" lon="8.32544"></trkpt><trkpt lat="46.51856" lon="8.32543"></trkpt><trkpt lat="46.51846" lon="8.32542"></trkpt><trkpt lat="46.51839" lon="8.3254"></trkpt><trkpt lat="46.51835" lon="8.32538"></trkpt><trkpt lat="46.51827" lon="8.32533"></trkpt><trkpt lat="46.51818" lon="8.32528"></trkpt><trkpt lat="46.51814" lon="8.32527"></trkpt><trkpt lat="46.51808" lon="8.32526"></trkpt><trkpt lat="46.518" lon="8.32526"></trkpt><trkpt lat="46.51796" lon="8.32526"></trkpt><trkpt lat="46.51788" lon="8.32528"></trkpt><trkpt lat="46.51782" lon="8.3253"></trkpt><trkpt lat="46.51782" lon="8.32531"></trkpt><trkpt lat="46.51773" lon="8.32533"></trkpt><trkpt lat="46.5177" lon="8.32533"></trkpt><trkpt lat="46.51766" lon="8.32531"></trkpt><trkpt lat="46.51754" lon="8.32519"></trkpt><trkpt lat="46.51746" lon="8.32509"></trkpt><trkpt lat="46.51742" lon="8.32508"></trkpt><trkpt lat="46.51738" lon="8.3251"></trkpt><trkpt lat="46.51725" lon="8.32519"></trkpt><trkpt lat="46.5171" lon="8.3253"></trkpt><trkpt lat="46.51695" lon="8.32541"></trkpt><trkpt lat="46.51687" lon="8.32546"></trkpt><trkpt lat="46.51682" lon="8.32549"></trkpt><trkpt lat="46.51673" lon="8.32551"></trkpt><trkpt lat="46.51652" lon="8.32555"></trkpt><trkpt lat="46.51626" lon="8.32559"></trkpt><trkpt lat="46.51608" lon="8.32562"></trkpt><trkpt lat="46.51601" lon="8.32553"></trkpt><trkpt lat="46.51595" lon="8.32546"></trkpt><trkpt lat="46.51587" lon="8.32539"></trkpt><trkpt lat="46.51582" lon="8.32535"></trkpt><trkpt lat="46.51578" lon="8.32532"></trkpt><trkpt lat="46.51571" lon="8.32529"></trkpt><trkpt lat="46.51562" lon="8.32526"></trkpt><trkpt lat="46.51554" lon="8.32525"></trkpt><trkpt lat="46.51541" lon="8.32524"></trkpt><trkpt lat="46.51513" lon="8.32526"></trkpt><trkpt lat="46.51496" lon="8.32528"></trkpt><trkpt lat="46.51466" lon="8.3253"></trkpt><trkpt lat="46.51462" lon="8.32529"></trkpt><trkpt lat="46.51456" lon="8.32527"></trkpt><trkpt lat="46.51455" lon="8.32531"></trkpt><trkpt lat="46.51454" lon="8.32536"></trkpt><trkpt lat="46.51453" lon="8.32541"></trkpt><trkpt lat="46.51451" lon="8.32547"></trkpt><trkpt lat="46.5145" lon="8.32551"></trkpt><trkpt lat="46.51448" lon="8.32557"></trkpt><trkpt lat="46.51446" lon="8.32563"></trkpt><trkpt lat="46.51443" lon="8.3257"></trkpt><trkpt lat="46.51442" lon="8.32574"></trkpt><trkpt lat="46.51441" lon="8.32575"></trkpt><trkpt lat="46.51439" lon="8.32578"></trkpt><trkpt lat="46.51437" lon="8.32581"></trkpt><trkpt lat="46.51428" lon="8.32591"></trkpt><trkpt lat="46.51422" lon="8.32598"></trkpt><trkpt lat="46.51416" lon="8.32605"></trkpt><trkpt lat="46.51403" lon="8.32619"></trkpt><trkpt lat="46.5139" lon="8.32631"></trkpt><trkpt lat="46.5138" lon="8.32641"></trkpt><trkpt lat="46.51374" lon="8.32649"></trkpt><trkpt lat="46.51369" lon="8.32656"></trkpt><trkpt lat="46.51366" lon="8.32661"></trkpt><trkpt lat="46.51363" lon="8.3267"></trkpt></trkseg></trk></gpx>
