<?xml version="1.0" encoding="UTF-8"?>
<gpx version="1.1" creator="Good Shit" xmlns="http://www.topografix.com/GPX/1/1"><trk><name>Mariager Fjord Panoramarute — Complete 2026 Mariager Fjord Panoramarute</name><desc>Complete marked 2026 loop through Bramslev Bakker, Bramslevgaard, woodland, pasture and the fjord shore. The publisher starts the same loop at Hobro Lystbådehavn; Bramslev Bakker remains an official access point. Route data: @geodanmark — GeoFA, Panoramaruten Mariagerfjord (11 km rundtur), https://udinaturen.dk/rute/vandrerute/?routeid=c457ae0e-bf1f-11e7-9498-0242ac120015. CC BY 4.0 https://creativecommons.org/licenses/by/4.0/; terms https://www.geodanmark.dk/home/vejledninger/vilkaar-for-data-anvendelse/. Changes: exact complete coordinates transformed from EPSG:25832 to WGS84; canonical display simplified; route course and all original positions retained in this default.

Route geometry: @geodanmark — GeoFA geographical specialist route data; https://www.geodanmark.dk/home/vejledninger/vilkaar-for-data-anvendelse/ — GeoFA geographical specialist route data. Licence: CC-BY-4.0 (https://creativecommons.org/licenses/by/4.0/). Source: https://udinaturen.dk/rute/vandrerute/?routeid=c457ae0e-bf1f-11e7-9498-0242ac120015. Dataset: https://www.geodanmark.dk/home/vejledninger/geofa/.</desc><trkseg><trkpt lat="56.64377900000043" lon="9.810823000000207"></trkpt><trkpt lat="56.6438010000003" lon="9.810791000000636"></trkpt><trkpt lat="56.6438570000001" lon="9.810747999999768"></trkpt><trkpt lat="56.643995999999845" lon="9.810600999999405"></trkpt><trkpt lat="56.64423699999994" lon="9.810310999999565"></trkpt><trkpt lat="56.644256000000325" lon="9.810385000000238"></trkpt><trkpt lat="56.644276000000296" lon="9.810482000000802"></trkpt><trkpt lat="56.64429499999969" lon="9.810558999999907"></trkpt><trkpt lat="56.644324000000225" lon="9.810652999999212"></trkpt><trkpt lat="56.644362999999636" lon="9.810785999999899"></trkpt><trkpt lat="56.64440100000027" lon="9.810942999999714"></trkpt><trkpt lat="56.64442500000036" lon="9.811070999999462"></trkpt><trkpt lat="56.64444599999977" lon="9.81115900000008"></trkpt><trkpt lat="56.64446499999962" lon="9.81125999999933"></trkpt><trkpt lat="56.6444840000004" lon="9.811340000000362"></trkpt><trkpt lat="56.64449700000005" lon="9.811437999999937"></trkpt><trkpt lat="56.64452300000007" lon="9.811520999999498"></trkpt><trkpt lat="56.644559000000214" lon="9.811653000000087"></trkpt><trkpt lat="56.64459600000022" lon="9.811769000000046"></trkpt><trkpt lat="56.644623000000024" lon="9.811848000000438"></trkpt><trkpt lat="56.644656999999924" lon="9.811936000000266"></trkpt><trkpt lat="56.64469300000002" lon="9.812021999999596"></trkpt><trkpt lat="56.64473400000032" lon="9.812116999999247"></trkpt><trkpt lat="56.644775999999744" lon="9.812211000000298"></trkpt><trkpt lat="56.64482199999975" lon="9.8123169999997"></trkpt><trkpt lat="56.644871999999964" lon="9.81241699999976"></trkpt><trkpt lat="56.644930999999865" lon="9.812510000000351"></trkpt><trkpt lat="56.64497099999966" lon="9.812578999999593"></trkpt><trkpt lat="56.64500499999991" lon="9.81262199999997"></trkpt><trkpt lat="56.64502799999958" lon="9.812681999999741"></trkpt><trkpt lat="56.645050999999654" lon="9.812750000000591"></trkpt><trkpt lat="56.645072000000255" lon="9.812839000000121"></trkpt><trkpt lat="56.6450880000003" lon="9.812918999999997"></trkpt><trkpt lat="56.645105999999686" lon="9.813016000000482"></trkpt><trkpt lat="56.645133999999985" lon="9.813152000000422"></trkpt><trkpt lat="56.64515199999978" lon="9.813260999999818"></trkpt><trkpt lat="56.645173999999756" lon="9.813417999999912"></trkpt><trkpt lat="56.645187000000234" lon="9.813548999999357"></trkpt><trkpt lat="56.64519200000011" lon="9.813669999999274"></trkpt><trkpt lat="56.64519799999994" lon="9.81374100000042"></trkpt><trkpt lat="56.64520700000044" lon="9.813856999999956"></trkpt><trkpt lat="56.645226000000385" lon="9.81401299999927"></trkpt><trkpt lat="56.64523799999977" lon="9.814158000000647"></trkpt><trkpt lat="56.645264000000225" lon="9.814269000000275"></trkpt><trkpt lat="56.64528199999998" lon="9.814380000000469"></trkpt><trkpt lat="56.64529499999972" lon="9.81448800000009"></trkpt><trkpt lat="56.64530499999967" lon="9.814617000000274"></trkpt><trkpt lat="56.645323999999974" lon="9.814740999999568"></trkpt><trkpt lat="56.64532700000013" lon="9.814788999999466"></trkpt><trkpt lat="56.64534399999993" lon="9.814919999999333"></trkpt><trkpt lat="56.64536399999992" lon="9.815049000000668"></trkpt><trkpt lat="56.6453900000002" lon="9.815207000000672"></trkpt><trkpt lat="56.64540400000035" lon="9.815297000000347"></trkpt><trkpt lat="56.64542800000021" lon="9.815416999999451"></trkpt><trkpt lat="56.64545400000031" lon="9.81553799999933"></trkpt><trkpt lat="56.645476999999886" lon="9.815616999999543"></trkpt><trkpt lat="56.64549500000019" lon="9.815669999999812"></trkpt><trkpt lat="56.645520000000396" lon="9.815733000000249"></trkpt><trkpt lat="56.64554999999985" lon="9.81578999999928"></trkpt><trkpt lat="56.64557300000022" lon="9.815845999999192"></trkpt><trkpt lat="56.645594000000095" lon="9.815884000000338"></trkpt><trkpt lat="56.64562900000016" lon="9.815966999999665"></trkpt><trkpt lat="56.645669000000204" lon="9.816060999999932"></trkpt><trkpt lat="56.64571000000019" lon="9.816149999999961"></trkpt><trkpt lat="56.64575899999965" lon="9.816271999999223"></trkpt><trkpt lat="56.64579700000006" lon="9.816367999999441"></trkpt><trkpt lat="56.64583399999957" lon="9.816450000000652"></trkpt><trkpt lat="56.64589300000025" lon="9.816545000000195"></trkpt><trkpt lat="56.64591600000021" lon="9.816595000000094"></trkpt><trkpt lat="56.64595400000032" lon="9.816724000000647"></trkpt><trkpt lat="56.64598499999993" lon="9.816791000000103"></trkpt><trkpt lat="56.64602100000017" lon="9.816860000000093"></trkpt><trkpt lat="56.64607100000039" lon="9.816950999999927"></trkpt><trkpt lat="56.64610999999985" lon="9.81702600000044"></trkpt><trkpt lat="56.64615699999982" lon="9.817111000000194"></trkpt><trkpt lat="56.64620900000015" lon="9.817194999999346"></trkpt><trkpt lat="56.646262999999855" lon="9.817269999999816"></trkpt><trkpt lat="56.64631800000005" lon="9.817342999999223"></trkpt><trkpt lat="56.64642299999993" lon="9.817471000000104"></trkpt><trkpt lat="56.64647100000011" lon="9.817504999999425"></trkpt><trkpt lat="56.64651500000005" lon="9.817521000000603"></trkpt><trkpt lat="56.64656199999962" lon="9.817503000000194"></trkpt><trkpt lat="56.646607999999674" lon="9.81749899999962"></trkpt><trkpt lat="56.64664699999971" lon="9.817546999999324"></trkpt><trkpt lat="56.64671499999997" lon="9.81765600000023"></trkpt><trkpt lat="56.64675000000015" lon="9.817712999999806"></trkpt><trkpt lat="56.646844999999914" lon="9.81782099999975"></trkpt><trkpt lat="56.64692799999981" lon="9.81791599999951"></trkpt><trkpt lat="56.647004999999716" lon="9.817982000000676"></trkpt><trkpt lat="56.647025999999826" lon="9.817999000000215"></trkpt><trkpt lat="56.64711099999966" lon="9.818054999999795"></trkpt><trkpt lat="56.64716299999961" lon="9.818075000000379"></trkpt><trkpt lat="56.64723800000027" lon="9.818107000000738"></trkpt><trkpt lat="56.64730799999968" lon="9.818123999999202"></trkpt><trkpt lat="56.64737700000025" lon="9.818126999999976"></trkpt><trkpt lat="56.647442999999896" lon="9.81812200000074"></trkpt><trkpt lat="56.647496999999966" lon="9.818118000000482"></trkpt><trkpt lat="56.64754799999972" lon="9.818119000000808"></trkpt><trkpt lat="56.64759799999965" lon="9.81811200000079"></trkpt><trkpt lat="56.64765899999986" lon="9.818104000000398"></trkpt><trkpt lat="56.64774400000013" lon="9.81807700000018"></trkpt><trkpt lat="56.647839999999974" lon="9.81803699999936"></trkpt><trkpt lat="56.64791099999973" lon="9.818004000000407"></trkpt><trkpt lat="56.647980999999724" lon="9.817974999999759"></trkpt><trkpt lat="56.64803699999966" lon="9.817938999999495"></trkpt><trkpt lat="56.64810100000022" lon="9.817902999999465"></trkpt><trkpt lat="56.64816499999983" lon="9.817875999999474"></trkpt><trkpt lat="56.64822000000036" lon="9.817858000000177"></trkpt><trkpt lat="56.6482980000003" lon="9.81780699999978"></trkpt><trkpt lat="56.6483719999999" lon="9.817774999999482"></trkpt><trkpt lat="56.648445000000414" lon="9.817741000000705"></trkpt><trkpt lat="56.64853300000032" lon="9.817714000000104"></trkpt><trkpt lat="56.648655000000026" lon="9.817656999999299"></trkpt><trkpt lat="56.64873399999976" lon="9.817602999999933"></trkpt><trkpt lat="56.64877500000019" lon="9.817577000000055"></trkpt><trkpt lat="56.64879799999972" lon="9.817576999999654"></trkpt><trkpt lat="56.648809000000156" lon="9.817593999999351"></trkpt><trkpt lat="56.64883300000041" lon="9.817643999999511"></trkpt><trkpt lat="56.64886900000009" lon="9.817688999999465"></trkpt><trkpt lat="56.64889500000023" lon="9.817746000000488"></trkpt><trkpt lat="56.64892000000032" lon="9.817814000000382"></trkpt><trkpt lat="56.64897599999985" lon="9.817876999999246"></trkpt><trkpt lat="56.64902100000022" lon="9.817943999999427"></trkpt><trkpt lat="56.649057000000404" lon="9.818016000000746"></trkpt><trkpt lat="56.649108000000126" lon="9.81807599999997"></trkpt><trkpt lat="56.64916399999955" lon="9.818130000000112"></trkpt><trkpt lat="56.6492209999997" lon="9.818205999999265"></trkpt><trkpt lat="56.64927999999983" lon="9.81828399999998"></trkpt><trkpt lat="56.64931599999992" lon="9.818334000000077"></trkpt><trkpt lat="56.649358000000085" lon="9.81840800000044"></trkpt><trkpt lat="56.64940700000023" lon="9.818496999999873"></trkpt><trkpt lat="56.64945100000043" lon="9.818546000000676"></trkpt><trkpt lat="56.64949900000008" lon="9.818618000000368"></trkpt><trkpt lat="56.64954000000003" lon="9.81868500000027"></trkpt><trkpt lat="56.64958600000027" lon="9.818758000000422"></trkpt><trkpt lat="56.64963299999958" lon="9.818820999999295"></trkpt><trkpt lat="56.64970499999981" lon="9.818876000000037"></trkpt><trkpt lat="56.64972200000019" lon="9.818892999999605"></trkpt><trkpt lat="56.64979899999971" lon="9.818925999999891"></trkpt><trkpt lat="56.64983300000008" lon="9.818939000000757"></trkpt><trkpt lat="56.64986500000024" lon="9.818946999999545"></trkpt><trkpt lat="56.6499020000003" lon="9.818962999999284"></trkpt><trkpt lat="56.64994700000009" lon="9.819035000000673"></trkpt><trkpt lat="56.64997700000034" lon="9.819110999999474"></trkpt><trkpt lat="56.64999699999963" lon="9.81915700000016"></trkpt><trkpt lat="56.65002900000007" lon="9.81918799999924"></trkpt><trkpt lat="56.65004499999961" lon="9.819194999999445"></trkpt><trkpt lat="56.6500780000002" lon="9.81920599999952"></trkpt><trkpt lat="56.65010499999979" lon="9.819241999999683"></trkpt><trkpt lat="56.650119999999696" lon="9.819293999999559"></trkpt><trkpt lat="56.65012100000038" lon="9.819404000000262"></trkpt><trkpt lat="56.650130999999774" lon="9.819503000000443"></trkpt><trkpt lat="56.650148999999836" lon="9.819582000000647"></trkpt><trkpt lat="56.65018000000029" lon="9.819673999999994"></trkpt><trkpt lat="56.65020900000042" lon="9.819741999999792"></trkpt><trkpt lat="56.650236999999564" lon="9.819822999999722"></trkpt><trkpt lat="56.6502669999998" lon="9.819938999999177"></trkpt><trkpt lat="56.65028799999992" lon="9.820035999999273"></trkpt><trkpt lat="56.650306999999685" lon="9.820123000000684"></trkpt><trkpt lat="56.650326000000426" lon="9.820229000000825"></trkpt><trkpt lat="56.650342999999566" lon="9.820321000000096"></trkpt><trkpt lat="56.65034900000035" lon="9.820409000000764"></trkpt><trkpt lat="56.65035800000033" lon="9.820483000000468"></trkpt><trkpt lat="56.65036700000031" lon="9.820538999999481"></trkpt><trkpt lat="56.650381000000365" lon="9.820598999999243"></trkpt><trkpt lat="56.65041500000031" lon="9.820749000000768"></trkpt><trkpt lat="56.650423000000096" lon="9.820805000000078"></trkpt><trkpt lat="56.65043999999994" lon="9.820898999999368"></trkpt><trkpt lat="56.6504609999997" lon="9.821005999999697"></trkpt><trkpt lat="56.650482999999895" lon="9.821116999999333"></trkpt><trkpt lat="56.65050600000032" lon="9.821241999999337"></trkpt><trkpt lat="56.650525999999594" lon="9.821346000000805"></trkpt><trkpt lat="56.65054399999995" lon="9.821420999999873"></trkpt><trkpt lat="56.650573999999715" lon="9.821578999999673"></trkpt><trkpt lat="56.65059400000011" lon="9.821699999999513"></trkpt><trkpt lat="56.650603999999824" lon="9.821801000000209"></trkpt><trkpt lat="56.65061600000022" lon="9.821908000000702"></trkpt><trkpt lat="56.650634999999745" lon="9.822050999999336"></trkpt><trkpt lat="56.65066600000036" lon="9.822235000000026"></trkpt><trkpt lat="56.65066900000012" lon="9.822340999999604"></trkpt><trkpt lat="56.65066400000036" lon="9.822397000000468"></trkpt><trkpt lat="56.65068700000015" lon="9.822539999999409"></trkpt><trkpt lat="56.65072300000014" lon="9.822822999999616"></trkpt><trkpt lat="56.650762018999714" lon="9.822969624999653"></trkpt><trkpt lat="56.650795541000164" lon="9.823031955999998"></trkpt><trkpt lat="56.65084900599958" lon="9.823049331999622"></trkpt><trkpt lat="56.65089896300022" lon="9.823056904999229"></trkpt><trkpt lat="56.65092022099987" lon="9.823083306000703"></trkpt><trkpt lat="56.65091656999974" lon="9.823365298000354"></trkpt><trkpt lat="56.6509055619998" lon="9.823679552000781"></trkpt><trkpt lat="56.65090059600034" lon="9.823890186999217"></trkpt><trkpt lat="56.65091036699958" lon="9.824033057999243"></trkpt><trkpt lat="56.65092719400036" lon="9.82418905000021"></trkpt><trkpt lat="56.65096082699986" lon="9.824504279000749"></trkpt><trkpt lat="56.65101388699972" lon="9.824852353999535"></trkpt><trkpt lat="56.65105319800035" lon="9.825119074000124"></trkpt><trkpt lat="56.651104168000074" lon="9.82524339199995"></trkpt><trkpt lat="56.651180310000356" lon="9.825342321999472"></trkpt><trkpt lat="56.65124575899965" lon="9.825437776000683"></trkpt><trkpt lat="56.65131645799972" lon="9.825549557000265"></trkpt><trkpt lat="56.65135385100027" lon="9.82556658600038"></trkpt><trkpt lat="56.651398537000155" lon="9.825561077999206"></trkpt><trkpt lat="56.65149333200005" lon="9.82554045300081"></trkpt><trkpt lat="56.65151919400034" lon="9.825680434999342"></trkpt><trkpt lat="56.651551919000255" lon="9.825862716999673"></trkpt><trkpt lat="56.65156201000011" lon="9.82595696400074"></trkpt><trkpt lat="56.651587000000184" lon="9.826024000000375"></trkpt><trkpt lat="56.65159599999984" lon="9.826167000000284"></trkpt><trkpt lat="56.651601000000234" lon="9.826299999999282"></trkpt><trkpt lat="56.65160199999995" lon="9.826381000000238"></trkpt><trkpt lat="56.65160800000039" lon="9.82654499999976"></trkpt><trkpt lat="56.65160899999986" lon="9.826615000000745"></trkpt><trkpt lat="56.651605999999674" lon="9.826786999999914"></trkpt><trkpt lat="56.651596999999725" lon="9.826951000000113"></trkpt><trkpt lat="56.651586000000265" lon="9.827121000000151"></trkpt><trkpt lat="56.651580999999624" lon="9.827233000000401"></trkpt><trkpt lat="56.65157499999974" lon="9.82740400000004"></trkpt><trkpt lat="56.651579" lon="9.827550999999298"></trkpt><trkpt lat="56.65158399999957" lon="9.82766199999933"></trkpt><trkpt lat="56.65159800000027" lon="9.827805000000573"></trkpt><trkpt lat="56.65161099999989" lon="9.827897000000275"></trkpt><trkpt lat="56.65165499999962" lon="9.828069999999318"></trkpt><trkpt lat="56.65170299999956" lon="9.828267999999463"></trkpt><trkpt lat="56.65177500000039" lon="9.828623000000167"></trkpt><trkpt lat="56.65180600000043" lon="9.828845999999643"></trkpt><trkpt lat="56.65181999999979" lon="9.829010000000126"></trkpt><trkpt lat="56.65182700000002" lon="9.829155999999584"></trkpt><trkpt lat="56.651826000000206" lon="9.829287999999439"></trkpt><trkpt lat="56.65182199999961" lon="9.82941399999972"></trkpt><trkpt lat="56.651813000000395" lon="9.829588999999931"></trkpt><trkpt lat="56.651801999999684" lon="9.82974500000075"></trkpt><trkpt lat="56.6517850000004" lon="9.829953000000346"></trkpt><trkpt lat="56.65175399999957" lon="9.83024800000024"></trkpt><trkpt lat="56.65173999999991" lon="9.830375000000219"></trkpt><trkpt lat="56.65172799999957" lon="9.830465000000633"></trkpt><trkpt lat="56.651704000000166" lon="9.830625000000412"></trkpt><trkpt lat="56.651672999999846" lon="9.830796000000554"></trkpt><trkpt lat="56.65164600000023" lon="9.83091599999934"></trkpt><trkpt lat="56.651637000000115" lon="9.830950999999208"></trkpt><trkpt lat="56.65158899999968" lon="9.831128000000016"></trkpt><trkpt lat="56.65158299999966" lon="9.831150999999236"></trkpt><trkpt lat="56.65156800000027" lon="9.831205999999712"></trkpt><trkpt lat="56.651554999999924" lon="9.8313330000002"></trkpt><trkpt lat="56.651550999999586" lon="9.831445000000558"></trkpt><trkpt lat="56.65156100000031" lon="9.831578000000299"></trkpt><trkpt lat="56.651583999999716" lon="9.831702000000812"></trkpt><trkpt lat="56.651640999999586" lon="9.83192099999998"></trkpt><trkpt lat="56.65166999999982" lon="9.832031999999517"></trkpt><trkpt lat="56.65168999999994" lon="9.832116000000674"></trkpt><trkpt lat="56.65170099999963" lon="9.83216400000014"></trkpt><trkpt lat="56.651723000000175" lon="9.83227200000042"></trkpt><trkpt lat="56.65173999999957" lon="9.83237200000032"></trkpt><trkpt lat="56.651760000000195" lon="9.832523000000478"></trkpt><trkpt lat="56.65176999999963" lon="9.832665000000194"></trkpt><trkpt lat="56.65177800000011" lon="9.832843999999763"></trkpt><trkpt lat="56.65177699999962" lon="9.83297700000021"></trkpt><trkpt lat="56.6517700000003" lon="9.833093000000236"></trkpt><trkpt lat="56.65175500000019" lon="9.833245000000602"></trkpt><trkpt lat="56.65173500000022" lon="9.833362000000603"></trkpt><trkpt lat="56.65170999999964" lon="9.833507000000393"></trkpt><trkpt lat="56.65168000000028" lon="9.833621000000605"></trkpt><trkpt lat="56.65162100000027" lon="9.833806000000335"></trkpt><trkpt lat="56.65152099999966" lon="9.834111000000489"></trkpt><trkpt lat="56.65149299999965" lon="9.834212000000464"></trkpt><trkpt lat="56.651473999999936" lon="9.83429800000076"></trkpt><trkpt lat="56.651467999999845" lon="9.834327999999568"></trkpt><trkpt lat="56.651447999999796" lon="9.834410000000226"></trkpt><trkpt lat="56.65139899999995" lon="9.834566999999913"></trkpt><trkpt lat="56.65131000000021" lon="9.834810000000086"></trkpt><trkpt lat="56.6512480000004" lon="9.834958999999245"></trkpt><trkpt lat="56.651197000000444" lon="9.835092000000284"></trkpt><trkpt lat="56.65115399999963" lon="9.835201999999578"></trkpt><trkpt lat="56.65108900000028" lon="9.835389999999835"></trkpt><trkpt lat="56.65107699999987" lon="9.835437000000464"></trkpt><trkpt lat="56.651067000000076" lon="9.835477000000603"></trkpt><trkpt lat="56.65101900000026" lon="9.835661999999532"></trkpt><trkpt lat="56.65095300000025" lon="9.83592100000055"></trkpt><trkpt lat="56.6508769999999" lon="9.836174999999589"></trkpt><trkpt lat="56.65081499999996" lon="9.836346999999439"></trkpt><trkpt lat="56.65076999999961" lon="9.83647200000081"></trkpt><trkpt lat="56.65070600000035" lon="9.836629000000578"></trkpt><trkpt lat="56.65068299999993" lon="9.836689999999995"></trkpt><trkpt lat="56.6506589999999" lon="9.836761000000482"></trkpt><trkpt lat="56.650633999999954" lon="9.836843000000485"></trkpt><trkpt lat="56.650618000000236" lon="9.8368969999998"></trkpt><trkpt lat="56.65060300000002" lon="9.836961000000606"></trkpt><trkpt lat="56.650583000000005" lon="9.837055000000722"></trkpt><trkpt lat="56.65056200000036" lon="9.83718000000048"></trkpt><trkpt lat="56.650543000000155" lon="9.837317000000544"></trkpt><trkpt lat="56.650526999999826" lon="9.837457000000152"></trkpt><trkpt lat="56.65051499999992" lon="9.837607999999761"></trkpt><trkpt lat="56.65050399999973" lon="9.837821999999553"></trkpt><trkpt lat="56.65049999999993" lon="9.83792499999923"></trkpt><trkpt lat="56.650496999999945" lon="9.83809599999954"></trkpt><trkpt lat="56.65049300000016" lon="9.838323000000104"></trkpt><trkpt lat="56.650493000000246" lon="9.838447000000503"></trkpt><trkpt lat="56.650497000000115" lon="9.838574000000678"></trkpt><trkpt lat="56.65050199999962" lon="9.838647999999237"></trkpt><trkpt lat="56.65051200000017" lon="9.838751999999872"></trkpt><trkpt lat="56.65052199999993" lon="9.83882000000018"></trkpt><trkpt lat="56.65054200000031" lon="9.838940000000207"></trkpt><trkpt lat="56.65057900000041" lon="9.839120999999786"></trkpt><trkpt lat="56.65060200000027" lon="9.839229000000538"></trkpt><trkpt lat="56.650617999999895" lon="9.83933299999969"></trkpt><trkpt lat="56.6506300000002" lon="9.839459000000025"></trkpt><trkpt lat="56.650637000000216" lon="9.839578000000413"></trkpt><trkpt lat="56.65063900000023" lon="9.839688000000713"></trkpt><trkpt lat="56.65063799999965" lon="9.839730999999421"></trkpt><trkpt lat="56.6506329999997" lon="9.839795000000073"></trkpt><trkpt lat="56.65062699999998" lon="9.839846000000698"></trkpt><trkpt lat="56.650610000000405" lon="9.839924000000615"></trkpt><trkpt lat="56.650592999999596" lon="9.83997999999943"></trkpt><trkpt lat="56.65057600000016" lon="9.84002200000076"></trkpt><trkpt lat="56.650557000000084" lon="9.840059000000531"></trkpt><trkpt lat="56.650513000000295" lon="9.840133000000145"></trkpt><trkpt lat="56.65046300000025" lon="9.84020699999953"></trkpt><trkpt lat="56.650429000000294" lon="9.84025899999969"></trkpt><trkpt lat="56.65037399999964" lon="9.840318000000726"></trkpt><trkpt lat="56.65037900000015" lon="9.840345999999657"></trkpt><trkpt lat="56.65038599999962" lon="9.840385000000218"></trkpt><trkpt lat="56.650397000000424" lon="9.840433000000724"></trkpt><trkpt lat="56.65042099999988" lon="9.840509000000464"></trkpt><trkpt lat="56.650446000000365" lon="9.840569000000169"></trkpt><trkpt lat="56.650462999999554" lon="9.840604999999895"></trkpt><trkpt lat="56.650550999999936" lon="9.84075200000009"></trkpt><trkpt lat="56.650647999999606" lon="9.840879999999476"></trkpt><trkpt lat="56.65077499999986" lon="9.8410360000008"></trkpt><trkpt lat="56.65088099999989" lon="9.841173999999501"></trkpt><trkpt lat="56.65089499999989" lon="9.84118900000011"></trkpt><trkpt lat="56.65097899999972" lon="9.841278000000694"></trkpt><trkpt lat="56.651204000000135" lon="9.841597000000789"></trkpt><trkpt lat="56.65132899999958" lon="9.84178399999922"></trkpt><trkpt lat="56.65141300000025" lon="9.84189300000078"></trkpt><trkpt lat="56.65147500000017" lon="9.84195400000014"></trkpt><trkpt lat="56.65155800000002" lon="9.842008000000142"></trkpt><trkpt lat="56.65164700000029" lon="9.842041000000506"></trkpt><trkpt lat="56.65175200000008" lon="9.842061999999968"></trkpt><trkpt lat="56.65192499999965" lon="9.842073999999714"></trkpt><trkpt lat="56.65207600000039" lon="9.842083000000628"></trkpt><trkpt lat="56.652358" lon="9.842109000000795"></trkpt><trkpt lat="56.65266300000026" lon="9.842140999999422"></trkpt><trkpt lat="56.653023999999846" lon="9.842190999999652"></trkpt><trkpt lat="56.653314999999836" lon="9.842238999999584"></trkpt><trkpt lat="56.65375399999984" lon="9.842318999999756"></trkpt><trkpt lat="56.65399500000018" lon="9.842353000000069"></trkpt><trkpt lat="56.654072999999656" lon="9.84235799999998"></trkpt><trkpt lat="56.65415299999995" lon="9.842352000000407"></trkpt><trkpt lat="56.65423399999971" lon="9.842342000000732"></trkpt><trkpt lat="56.654325000000334" lon="9.843412999999561"></trkpt><trkpt lat="56.65437699999995" lon="9.84404899999935"></trkpt><trkpt lat="56.654448000000365" lon="9.844603000000253"></trkpt><trkpt lat="56.65445799999987" lon="9.844728999999642"></trkpt><trkpt lat="56.65445399999987" lon="9.844967999999652"></trkpt><trkpt lat="56.65440199999989" lon="9.84596099999991"></trkpt><trkpt lat="56.65438399999991" lon="9.846400000000386"></trkpt><trkpt lat="56.65435299999981" lon="9.846868000000319"></trkpt><trkpt lat="56.654318000000046" lon="9.847118999999836"></trkpt><trkpt lat="56.654286999999876" lon="9.847317999999387"></trkpt><trkpt lat="56.6542910000002" lon="9.847374000000642"></trkpt><trkpt lat="56.65432199999959" lon="9.84744200000019"></trkpt><trkpt lat="56.65449499999974" lon="9.847701999999783"></trkpt><trkpt lat="56.65467000000046" lon="9.847967999999636"></trkpt><trkpt lat="56.654678999999895" lon="9.848028999999373"></trkpt><trkpt lat="56.65464999999967" lon="9.848088000000487"></trkpt><trkpt lat="56.65453300000043" lon="9.848157000000487"></trkpt><trkpt lat="56.654342000000014" lon="9.848226999999577"></trkpt><trkpt lat="56.65420600000041" lon="9.848319999999578"></trkpt><trkpt lat="56.65412900000036" lon="9.848396999999732"></trkpt><trkpt lat="56.65401199999964" lon="9.848564999999853"></trkpt><trkpt lat="56.65395699999968" lon="9.848575999999422"></trkpt><trkpt lat="56.65390200000036" lon="9.848572000000729"></trkpt><trkpt lat="56.65385100000001" lon="9.848768000000142"></trkpt><trkpt lat="56.65376200000036" lon="9.849190999999815"></trkpt><trkpt lat="56.653698999999555" lon="9.849677999999725"></trkpt><trkpt lat="56.653687000000396" lon="9.84981799999966"></trkpt><trkpt lat="56.65369099999973" lon="9.850002999999349"></trkpt><trkpt lat="56.65368500000042" lon="9.850194999999381"></trkpt><trkpt lat="56.653658" lon="9.850374999999374"></trkpt><trkpt lat="56.65360399999984" lon="9.850655000000268"></trkpt><trkpt lat="56.653587000000364" lon="9.850911000000082"></trkpt><trkpt lat="56.65358199999979" lon="9.851065999999213"></trkpt><trkpt lat="56.65359600000012" lon="9.85144500000038"></trkpt><trkpt lat="56.65359399999972" lon="9.85162799999978"></trkpt><trkpt lat="56.65359499999956" lon="9.851764000000014"></trkpt><trkpt lat="56.65359500000021" lon="9.85189300000007"></trkpt><trkpt lat="56.653591999999705" lon="9.851999999999896"></trkpt><trkpt lat="56.65357699999995" lon="9.85210899999972"></trkpt><trkpt lat="56.65354800000032" lon="9.852213000000296"></trkpt><trkpt lat="56.65350499999992" lon="9.852270000000082"></trkpt><trkpt lat="56.653457999999674" lon="9.852314999999917"></trkpt><trkpt lat="56.65342900000043" lon="9.852375000000038"></trkpt><trkpt lat="56.653396999999764" lon="9.852423999999942"></trkpt><trkpt lat="56.653385000000185" lon="9.852539000000817"></trkpt><trkpt lat="56.65337299999972" lon="9.852641999999337"></trkpt><trkpt lat="56.653353000000436" lon="9.852798000000448"></trkpt><trkpt lat="56.65333400000005" lon="9.852945000000606"></trkpt><trkpt lat="56.65333399999956" lon="9.852990000000526"></trkpt><trkpt lat="56.65334300000037" lon="9.853039000000706"></trkpt><trkpt lat="56.653360000000376" lon="9.853111000000384"></trkpt><trkpt lat="56.65337099999996" lon="9.853173000000163"></trkpt><trkpt lat="56.65337400000012" lon="9.853217000000253"></trkpt><trkpt lat="56.653378999999575" lon="9.853251999999404"></trkpt><trkpt lat="56.653389999999916" lon="9.853293000000237"></trkpt><trkpt lat="56.653406000000025" lon="9.853332999999514"></trkpt><trkpt lat="56.65342000000013" lon="9.853438999999653"></trkpt><trkpt lat="56.65341500000009" lon="9.853541999999361"></trkpt><trkpt lat="56.653381999999624" lon="9.853697000000752"></trkpt><trkpt lat="56.653359000000044" lon="9.853758000000433"></trkpt><trkpt lat="56.653340999999976" lon="9.853777000000147"></trkpt><trkpt lat="56.65334946300022" lon="9.853838006000458"></trkpt><trkpt lat="56.65337737200024" lon="9.85385973399956"></trkpt><trkpt lat="56.65341566200028" lon="9.853862885999776"></trkpt><trkpt lat="56.65345046199982" lon="9.853842696000141"></trkpt><trkpt lat="56.65347124300031" lon="9.853831419999606"></trkpt><trkpt lat="56.65349685100028" lon="9.853817524999947"></trkpt><trkpt lat="56.65353760699966" lon="9.853771250000591"></trkpt><trkpt lat="56.65356944800044" lon="9.853761481999921"></trkpt><trkpt lat="56.653615763999845" lon="9.853746796000461"></trkpt><trkpt lat="56.653654393999865" lon="9.853747669000038"></trkpt><trkpt lat="56.653683569000265" lon="9.853748328999643"></trkpt><trkpt lat="56.653708182000344" lon="9.853748885000728"></trkpt><trkpt lat="56.65377729099969" lon="9.853770030999703"></trkpt><trkpt lat="56.65381619200004" lon="9.853777983000043"></trkpt><trkpt lat="56.65384651800007" lon="9.85378418199932"></trkpt><trkpt lat="56.65389144200014" lon="9.853804075000204"></trkpt><trkpt lat="56.653919503000424" lon="9.853816194999643"></trkpt><trkpt lat="56.65395890300013" lon="9.853833212000383"></trkpt><trkpt lat="56.65398393799985" lon="9.853841700999848"></trkpt><trkpt lat="56.65402518400039" lon="9.853855686999816"></trkpt><trkpt lat="56.65405814999999" lon="9.853848190000027"></trkpt><trkpt lat="56.65410908199965" lon="9.853836607000813"></trkpt><trkpt lat="56.654175970999695" lon="9.8537601629997"></trkpt><trkpt lat="56.654232069000166" lon="9.853667036999765"></trkpt><trkpt lat="56.6542672860004" lon="9.853586024999734"></trkpt><trkpt lat="56.65431285700042" lon="9.853511540000373"></trkpt><trkpt lat="56.65435847200043" lon="9.853430761999642"></trkpt><trkpt lat="56.6543899209996" lon="9.85339371500024"></trkpt><trkpt lat="56.65444575500024" lon="9.853378114000087"></trkpt><trkpt lat="56.654473269999954" lon="9.85337042600016"></trkpt><trkpt lat="56.65450855900031" lon="9.853389596999277"></trkpt><trkpt lat="56.654545790000064" lon="9.853409822000318"></trkpt><trkpt lat="56.654570346000305" lon="9.85342958999927"></trkpt><trkpt lat="56.65461088400016" lon="9.853462220999269"></trkpt><trkpt lat="56.6546321650002" lon="9.853479351999827"></trkpt><trkpt lat="56.654666441000366" lon="9.853506943000122"></trkpt><trkpt lat="56.654735710999844" lon="9.85351480100077"></trkpt><trkpt lat="56.65478067800009" lon="9.853528403000634"></trkpt><trkpt lat="56.65484626699958" lon="9.853567642999401"></trkpt><trkpt lat="56.65487707000032" lon="9.853624975999798"></trkpt><trkpt lat="56.654918269999804" lon="9.85368254499969"></trkpt><trkpt lat="56.6549595989996" lon="9.85372123699942"></trkpt><trkpt lat="56.6550046519998" lon="9.853722255000271"></trkpt><trkpt lat="56.6550420580002" lon="9.853719083000176"></trkpt><trkpt lat="56.65510512400008" lon="9.853713734999534"></trkpt><trkpt lat="56.65514550899971" lon="9.853711715999808"></trkpt><trkpt lat="56.65517736100026" lon="9.85371012299933"></trkpt><trkpt lat="56.65521276600015" lon="9.853719322999698"></trkpt><trkpt lat="56.655243678000154" lon="9.853727354999403"></trkpt><trkpt lat="56.655289743000125" lon="9.853749372999244"></trkpt><trkpt lat="56.655329995999985" lon="9.85377650400019"></trkpt><trkpt lat="56.65537270600003" lon="9.853866620999307"></trkpt><trkpt lat="56.65539527100005" lon="9.853945795000154"></trkpt><trkpt lat="56.65541556400027" lon="9.854021833999422"></trkpt><trkpt lat="56.655432672000224" lon="9.854082883000537"></trkpt><trkpt lat="56.65545199900035" lon="9.854146102999987"></trkpt><trkpt lat="56.65546015000019" lon="9.854172765000317"></trkpt><trkpt lat="56.65549430299998" lon="9.854246957000592"></trkpt><trkpt lat="56.65552817599971" lon="9.854298567000473"></trkpt><trkpt lat="56.655557191999854" lon="9.854342776999474"></trkpt><trkpt lat="56.65558995900044" lon="9.854381276999987"></trkpt><trkpt lat="56.65563455799988" lon="9.854433678999966"></trkpt><trkpt lat="56.65567755500001" lon="9.854481850999571"></trkpt><trkpt lat="56.65571795100016" lon="9.854488008999901"></trkpt><trkpt lat="56.655760136000154" lon="9.85450358800064"></trkpt><trkpt lat="56.65581021100013" lon="9.854526501000759"></trkpt><trkpt lat="56.65584907699979" lon="9.854546262999547"></trkpt><trkpt lat="56.65587912500005" lon="9.854563286999591"></trkpt><trkpt lat="56.65591657899983" lon="9.854586900000765"></trkpt><trkpt lat="56.6559626080003" lon="9.854614163000099"></trkpt><trkpt lat="56.656006037000445" lon="9.854637303999626"></trkpt><trkpt lat="56.65605879100045" lon="9.854666156999727"></trkpt><trkpt lat="56.65610687300035" lon="9.854693252000102"></trkpt><trkpt lat="56.65613833800022" lon="9.85471098399955"></trkpt><trkpt lat="56.656172167000044" lon="9.854730046999595"></trkpt><trkpt lat="56.65623252800007" lon="9.854773367999458"></trkpt><trkpt lat="56.65627808200032" lon="9.85478658599965"></trkpt><trkpt lat="56.65633054099965" lon="9.854801807999602"></trkpt><trkpt lat="56.656383451999915" lon="9.85480866099978"></trkpt><trkpt lat="56.6564286630002" lon="9.854814516999527"></trkpt><trkpt lat="56.65646950100039" lon="9.854832604000208"></trkpt><trkpt lat="56.65650021299975" lon="9.854846205999499"></trkpt><trkpt lat="56.656529911999606" lon="9.854859359000274"></trkpt><trkpt lat="56.65655469200028" lon="9.85487033399944"></trkpt><trkpt lat="56.65658751800042" lon="9.854885887000632"></trkpt><trkpt lat="56.656615488000135" lon="9.854901387999305"></trkpt><trkpt lat="56.6566474710003" lon="9.85491911300047"></trkpt><trkpt lat="56.65666649599981" lon="9.854931108000413"></trkpt><trkpt lat="56.6567021929996" lon="9.854953614000113"></trkpt><trkpt lat="56.656759636999645" lon="9.85498982999925"></trkpt><trkpt lat="56.65679728099974" lon="9.85502672399952"></trkpt><trkpt lat="56.65685369100039" lon="9.855082009999489"></trkpt><trkpt lat="56.65696339799997" lon="9.855204285999744"></trkpt><trkpt lat="56.65702342800011" lon="9.855273758000786"></trkpt><trkpt lat="56.65715523399963" lon="9.855428832999188"></trkpt><trkpt lat="56.65724101099969" lon="9.855556643999556"></trkpt><trkpt lat="56.65735485400036" lon="9.855740962000645"></trkpt><trkpt lat="56.6574058809997" lon="9.855828795000331"></trkpt><trkpt lat="56.65749512800035" lon="9.855987208999515"></trkpt><trkpt lat="56.6575659060003" lon="9.85616165600008"></trkpt><trkpt lat="56.657605278999654" lon="9.856260193000127"></trkpt><trkpt lat="56.65764057500025" lon="9.856350356999403"></trkpt><trkpt lat="56.65769900799979" lon="9.85649962699976"></trkpt><trkpt lat="56.65775239700017" lon="9.856599016000256"></trkpt><trkpt lat="56.65781836600019" lon="9.856683585999336"></trkpt><trkpt lat="56.657909132000256" lon="9.85679137600068"></trkpt><trkpt lat="56.65798326300041" lon="9.856898789000248"></trkpt><trkpt lat="56.6580365469998" lon="9.857013282000727"></trkpt><trkpt lat="56.658055425999855" lon="9.857141037999556"></trkpt><trkpt lat="56.658033918000214" lon="9.857276400999549"></trkpt><trkpt lat="56.65802957000025" lon="9.857364604999715"></trkpt><trkpt lat="56.65802316399996" lon="9.857479932999434"></trkpt><trkpt lat="56.658003432999934" lon="9.857628920999263"></trkpt><trkpt lat="56.657991556999846" lon="9.857723746999822"></trkpt><trkpt lat="56.65797762300004" lon="9.857845696000558"></trkpt><trkpt lat="56.65797131100016" lon="9.85794744099969"></trkpt><trkpt lat="56.65796703199963" lon="9.85802545799926"></trkpt><trkpt lat="56.65796256599987" lon="9.858130641000225"></trkpt><trkpt lat="56.65795406200033" lon="9.858255818999254"></trkpt><trkpt lat="56.65791693100027" lon="9.858327073000314"></trkpt><trkpt lat="56.65785236499962" lon="9.85847397000056"></trkpt><trkpt lat="56.657839103000335" lon="9.858504142000738"></trkpt><trkpt lat="56.65777226000005" lon="9.858770782000425"></trkpt><trkpt lat="56.65775353200027" lon="9.85884959799934"></trkpt><trkpt lat="56.65772229599967" lon="9.858986389999396"></trkpt><trkpt lat="56.657702799000155" lon="9.859074442999832"></trkpt><trkpt lat="56.65767948599991" lon="9.859184482000229"></trkpt><trkpt lat="56.6576638620002" lon="9.859295861000497"></trkpt><trkpt lat="56.657658392000286" lon="9.85937608800058"></trkpt><trkpt lat="56.65767039899961" lon="9.859444330000054"></trkpt><trkpt lat="56.65774808700042" lon="9.859471049999275"></trkpt><trkpt lat="56.65781148499985" lon="9.859492854000642"></trkpt><trkpt lat="56.6578737619996" lon="9.859509376000773"></trkpt><trkpt lat="56.65795741299972" lon="9.859543035000437"></trkpt><trkpt lat="56.65802005599957" lon="9.859572989000544"></trkpt><trkpt lat="56.658069541999694" lon="9.85955781399978"></trkpt><trkpt lat="56.65813485000015" lon="9.859526696000332"></trkpt><trkpt lat="56.658170926999695" lon="9.859503062999288"></trkpt><trkpt lat="56.65820905199988" lon="9.859508005999938"></trkpt><trkpt lat="56.658231466000444" lon="9.859512591999271"></trkpt><trkpt lat="56.65823988100005" lon="9.859594293999187"></trkpt><trkpt lat="56.65823917700025" lon="9.859696166999475"></trkpt><trkpt lat="56.658238726999585" lon="9.859761366000113"></trkpt><trkpt lat="56.65823801999968" lon="9.859797753000608"></trkpt><trkpt lat="56.658258752999686" lon="9.859810455999343"></trkpt><trkpt lat="56.658271494999624" lon="9.859827423999365"></trkpt><trkpt lat="56.65828118399956" lon="9.859843211000058"></trkpt><trkpt lat="56.65828592099959" lon="9.859866669000763"></trkpt><trkpt lat="56.658288208999714" lon="9.859890069999382"></trkpt><trkpt lat="56.658290428000136" lon="9.859923476999656"></trkpt><trkpt lat="56.65829089399965" lon="9.859944613999847"></trkpt><trkpt lat="56.658290725000185" lon="9.859969071000117"></trkpt><trkpt lat="56.65828930100003" lon="9.859997947999263"></trkpt><trkpt lat="56.65828835899983" lon="9.86004573699952"></trkpt><trkpt lat="56.65828863300012" lon="9.860094665999506"></trkpt><trkpt lat="56.658293223999614" lon="9.860139246000129"></trkpt><trkpt lat="56.658299728999566" lon="9.860172751000055"></trkpt><trkpt lat="56.65830629499969" lon="9.860197361999836"></trkpt><trkpt lat="56.65831639699955" lon="9.860215521000464"></trkpt><trkpt lat="56.65832865700013" lon="9.860240122999603"></trkpt><trkpt lat="56.65834325199994" lon="9.860254910000434"></trkpt><trkpt lat="56.658374990000084" lon="9.86027008699974"></trkpt><trkpt lat="56.65837227300033" lon="9.860356347999454"></trkpt><trkpt lat="56.658354083999704" lon="9.8608384979996"></trkpt><trkpt lat="56.658084212000176" lon="9.860726295000479"></trkpt><trkpt lat="56.6577279829999" lon="9.860562769999468"></trkpt><trkpt lat="56.65741973899982" lon="9.860421275999926"></trkpt><trkpt lat="56.65669784499992" lon="9.860043945999285"></trkpt><trkpt lat="56.655819150999776" lon="9.85957869599992"></trkpt><trkpt lat="56.6551622479996" lon="9.859267787999206"></trkpt><trkpt lat="56.654950965999596" lon="9.85916779200045"></trkpt><trkpt lat="56.654853667000175" lon="9.859203336999535"></trkpt><trkpt lat="56.654735835000416" lon="9.859200656999404"></trkpt><trkpt lat="56.654614928000115" lon="9.859141270000299"></trkpt><trkpt lat="56.65452638399965" lon="9.858912709999487"></trkpt><trkpt lat="56.65438641800019" lon="9.858368351000363"></trkpt><trkpt lat="56.654299813000016" lon="9.858031530000478"></trkpt><trkpt lat="56.65425377099988" lon="9.857797793999659"></trkpt><trkpt lat="56.65423387600002" lon="9.857777794000764"></trkpt><trkpt lat="56.65420704800006" lon="9.857792017000616"></trkpt><trkpt lat="56.65418099999998" lon="9.857804000000135"></trkpt><trkpt lat="56.65414600000038" lon="9.857780999999541"></trkpt><trkpt lat="56.6541050000004" lon="9.857737999999708"></trkpt><trkpt lat="56.65406200000046" lon="9.857701999999595"></trkpt><trkpt lat="56.65402699999965" lon="9.857665999999192"></trkpt><trkpt lat="56.65399600000038" lon="9.857652999999212"></trkpt><trkpt lat="56.65395700000037" lon="9.857649000000412"></trkpt><trkpt lat="56.653931000000426" lon="9.8576630000003"></trkpt><trkpt lat="56.653898000000055" lon="9.857687999999378"></trkpt><trkpt lat="56.65386700000044" lon="9.857691000000106"></trkpt><trkpt lat="56.653823000000145" lon="9.857672999999878"></trkpt><trkpt lat="56.65379199999965" lon="9.857668999999376"></trkpt><trkpt lat="56.653753999999914" lon="9.857698999999265"></trkpt><trkpt lat="56.65372799999986" lon="9.85774199999963"></trkpt><trkpt lat="56.653706000000135" lon="9.857806000000755"></trkpt><trkpt lat="56.653686000000256" lon="9.857846999999918"></trkpt><trkpt lat="56.65365800000027" lon="9.85791400000027"></trkpt><trkpt lat="56.65363700000029" lon="9.857983000000546"></trkpt><trkpt lat="56.65362099999991" lon="9.85805300000007"></trkpt><trkpt lat="56.653597999999604" lon="9.858136000000439"></trkpt><trkpt lat="56.653585000000184" lon="9.858193999999457"></trkpt><trkpt lat="56.653551999999856" lon="9.858306000000448"></trkpt><trkpt lat="56.6535389999999" lon="9.858333000000648"></trkpt><trkpt lat="56.65353000000008" lon="9.858361000000642"></trkpt><trkpt lat="56.65351800000032" lon="9.858405000000412"></trkpt><trkpt lat="56.65349900000014" lon="9.858434999999465"></trkpt><trkpt lat="56.65347899999958" lon="9.858483999999805"></trkpt><trkpt lat="56.65346700000018" lon="9.858503000000011"></trkpt><trkpt lat="56.653456999999655" lon="9.858536999999638"></trkpt><trkpt lat="56.65345500000006" lon="9.858565999999625"></trkpt><trkpt lat="56.65344500000012" lon="9.858612999999783"></trkpt><trkpt lat="56.653429000000195" lon="9.858683000000227"></trkpt><trkpt lat="56.65338900000009" lon="9.85882700000077"></trkpt><trkpt lat="56.65337000000013" lon="9.858892000000301"></trkpt><trkpt lat="56.65335299999955" lon="9.858940000000574"></trkpt><trkpt lat="56.65333900000025" lon="9.858979999999471"></trkpt><trkpt lat="56.65333299999992" lon="9.859006000000214"></trkpt><trkpt lat="56.65331900000013" lon="9.859047999999435"></trkpt><trkpt lat="56.653298999999734" lon="9.859088000000423"></trkpt><trkpt lat="56.65328000000031" lon="9.859121000000796"></trkpt><trkpt lat="56.65324099999982" lon="9.859169000000502"></trkpt><trkpt lat="56.65322000000023" lon="9.859180000000302"></trkpt><trkpt lat="56.653193000000115" lon="9.859196999999941"></trkpt><trkpt lat="56.65315999999959" lon="9.859221000000487"></trkpt><trkpt lat="56.65314100000016" lon="9.859227999999964"></trkpt><trkpt lat="56.653110000000325" lon="9.859225999999712"></trkpt><trkpt lat="56.653081000000356" lon="9.859215000000766"></trkpt><trkpt lat="56.65304899999954" lon="9.859212000000399"></trkpt><trkpt lat="56.65302299999962" lon="9.85921300000005"></trkpt><trkpt lat="56.653004999999986" lon="9.85921399999995"></trkpt><trkpt lat="56.65298299999976" lon="9.859204000000664"></trkpt><trkpt lat="56.652964000000146" lon="9.85918599999993"></trkpt><trkpt lat="56.652943999999806" lon="9.85916900000015"></trkpt><trkpt lat="56.652923999999956" lon="9.859167000000093"></trkpt><trkpt lat="56.652904999999805" lon="9.859179999999851"></trkpt><trkpt lat="56.65287899999986" lon="9.859192999999484"></trkpt><trkpt lat="56.652860999999994" lon="9.859193999999247"></trkpt><trkpt lat="56.652815000000366" lon="9.859181000000522"></trkpt><trkpt lat="56.65277899999968" lon="9.859164000000748"></trkpt><trkpt lat="56.65275100000007" lon="9.859139000000642"></trkpt><trkpt lat="56.652717999999574" lon="9.859117000000087"></trkpt><trkpt lat="56.65269400000024" lon="9.859112999999974"></trkpt><trkpt lat="56.65267999999963" lon="9.85911499999933"></trkpt><trkpt lat="56.65266000000027" lon="9.859125000000084"></trkpt><trkpt lat="56.65264100000019" lon="9.859124000000206"></trkpt><trkpt lat="56.65262699999979" lon="9.859120000000148"></trkpt><trkpt lat="56.65260200000043" lon="9.859101999999362"></trkpt><trkpt lat="56.652584999999945" lon="9.859100000000806"></trkpt><trkpt lat="56.652573999999866" lon="9.859103999999341"></trkpt><trkpt lat="56.65254999999974" lon="9.859133999999594"></trkpt><trkpt lat="56.65253499999999" lon="9.859139000000248"></trkpt><trkpt lat="56.65251499999987" lon="9.859139000000573"></trkpt><trkpt lat="56.65248700000045" lon="9.859149000000015"></trkpt><trkpt lat="56.65247699999961" lon="9.859166999999841"></trkpt><trkpt lat="56.65245400000025" lon="9.859203000000635"></trkpt><trkpt lat="56.65243799999994" lon="9.859212000000305"></trkpt><trkpt lat="56.652420999999734" lon="9.859210000000804"></trkpt><trkpt lat="56.65240499999971" lon="9.859205999999446"></trkpt><trkpt lat="56.652380000000036" lon="9.859194000000752"></trkpt><trkpt lat="56.652367000000105" lon="9.859178000000476"></trkpt><trkpt lat="56.652345000000246" lon="9.85914699999933"></trkpt><trkpt lat="56.65230699999959" lon="9.859105000000731"></trkpt><trkpt lat="56.65229400000042" lon="9.859086000000332"></trkpt><trkpt lat="56.6522809999997" lon="9.859063000000752"></trkpt><trkpt lat="56.652265999999976" lon="9.859035000000722"></trkpt><trkpt lat="56.65224900000027" lon="9.859013999999906"></trkpt><trkpt lat="56.65223300000012" lon="9.8590000000002"></trkpt><trkpt lat="56.65220699999974" lon="9.858984999999386"></trkpt><trkpt lat="56.65215500000017" lon="9.858985999999495"></trkpt><trkpt lat="56.652116999999876" lon="9.858966000000486"></trkpt><trkpt lat="56.65207299999963" lon="9.85895699999957"></trkpt><trkpt lat="56.65202900000014" lon="9.85897799999937"></trkpt><trkpt lat="56.651985000000344" lon="9.858986999999797"></trkpt><trkpt lat="56.651947000000405" lon="9.85897899999942"></trkpt><trkpt lat="56.651922" lon="9.858959999999405"></trkpt><trkpt lat="56.65190899999991" lon="9.858917999999289"></trkpt><trkpt lat="56.651902000000156" lon="9.858897000000436"></trkpt><trkpt lat="56.651891000000106" lon="9.85885700000062"></trkpt><trkpt lat="56.65188299999975" lon="9.858825000000037"></trkpt><trkpt lat="56.651881999999986" lon="9.858797999999716"></trkpt><trkpt lat="56.65187500000019" lon="9.858771999999833"></trkpt><trkpt lat="56.651864000000266" lon="9.858747000000761"></trkpt><trkpt lat="56.65184900000007" lon="9.858728999999192"></trkpt><trkpt lat="56.65183100000044" lon="9.858723000000797"></trkpt><trkpt lat="56.65181100000018" lon="9.858724000000795"></trkpt><trkpt lat="56.651795999999834" lon="9.858728000000239"></trkpt><trkpt lat="56.651776999999846" lon="9.858722999999374"></trkpt><trkpt lat="56.6517650000003" lon="9.858722000000139"></trkpt><trkpt lat="56.65175200000024" lon="9.858714000000353"></trkpt><trkpt lat="56.65173799999957" lon="9.85870700000042"></trkpt><trkpt lat="56.65172100000006" lon="9.858716999999901"></trkpt><trkpt lat="56.651701999999595" lon="9.858768000000783"></trkpt><trkpt lat="56.651673999999886" lon="9.85879600000014"></trkpt><trkpt lat="56.65164599999958" lon="9.85879599999928"></trkpt><trkpt lat="56.6516140000002" lon="9.858796999999297"></trkpt><trkpt lat="56.65159000000007" lon="9.858796999999676"></trkpt><trkpt lat="56.65155700000012" lon="9.85881700000079"></trkpt><trkpt lat="56.65154100000032" lon="9.858819999999893"></trkpt><trkpt lat="56.651525999999855" lon="9.858809000000539"></trkpt><trkpt lat="56.65151899999992" lon="9.858793000000508"></trkpt><trkpt lat="56.65151199999993" lon="9.85878200000024"></trkpt><trkpt lat="56.651494999999784" lon="9.858757999999606"></trkpt><trkpt lat="56.651473999999595" lon="9.858749000000357"></trkpt><trkpt lat="56.65141699999988" lon="9.858764999999911"></trkpt><trkpt lat="56.651391999999746" lon="9.858773000000449"></trkpt><trkpt lat="56.651381999999835" lon="9.858786000000004"></trkpt><trkpt lat="56.65137700000005" lon="9.858805999999797"></trkpt><trkpt lat="56.651367000000214" lon="9.858830999999363"></trkpt><trkpt lat="56.651357000000196" lon="9.858842999999364"></trkpt><trkpt lat="56.651342999999635" lon="9.858838999999632"></trkpt><trkpt lat="56.651333000000115" lon="9.858820999999535"></trkpt><trkpt lat="56.65132700000039" lon="9.858807999999822"></trkpt><trkpt lat="56.65131599999983" lon="9.858805999999772"></trkpt><trkpt lat="56.651305999999856" lon="9.858815000000261"></trkpt><trkpt lat="56.651291000000086" lon="9.858832999999887"></trkpt><trkpt lat="56.65125199999975" lon="9.858858999999846"></trkpt><trkpt lat="56.65120999999956" lon="9.85890399999935"></trkpt><trkpt lat="56.651163000000345" lon="9.858981999999648"></trkpt><trkpt lat="56.65111199999989" lon="9.85904400000057"></trkpt><trkpt lat="56.651081000000175" lon="9.859056000000216"></trkpt><trkpt lat="56.65102599999996" lon="9.859038999999303"></trkpt><trkpt lat="56.65096800000037" lon="9.859057000000742"></trkpt><trkpt lat="56.65092200000026" lon="9.859059000000638"></trkpt><trkpt lat="56.65089199999964" lon="9.85895699999943"></trkpt><trkpt lat="56.65087299999986" lon="9.85888900000012"></trkpt><trkpt lat="56.650860999999956" lon="9.858809000000726"></trkpt><trkpt lat="56.650872999999805" lon="9.85868500000023"></trkpt><trkpt lat="56.65086000000018" lon="9.858587000000714"></trkpt><trkpt lat="56.65086500000035" lon="9.858535000000778"></trkpt><trkpt lat="56.650880999999906" lon="9.858424999999372"></trkpt><trkpt lat="56.65088099999983" lon="9.858322000000337"></trkpt><trkpt lat="56.650858000000305" lon="9.858217000000769"></trkpt><trkpt lat="56.650862999999646" lon="9.858148000000387"></trkpt><trkpt lat="56.65085000000005" lon="9.858083000000269"></trkpt><trkpt lat="56.65082000000019" lon="9.858016000000092"></trkpt><trkpt lat="56.650813999999606" lon="9.857930000000092"></trkpt><trkpt lat="56.650829000000265" lon="9.857815000000809"></trkpt><trkpt lat="56.65083400000032" lon="9.857708999999696"></trkpt><trkpt lat="56.65082200000011" lon="9.857625000000331"></trkpt><trkpt lat="56.650802999999875" lon="9.857576999999486"></trkpt><trkpt lat="56.65077599999973" lon="9.857554000000258"></trkpt><trkpt lat="56.650742999999714" lon="9.857577000000603"></trkpt><trkpt lat="56.65071300000032" lon="9.857602999999937"></trkpt><trkpt lat="56.65066400000011" lon="9.85762899999981"></trkpt><trkpt lat="56.65060600000018" lon="9.857640000000051"></trkpt><trkpt lat="56.65057699999989" lon="9.85766500000037"></trkpt><trkpt lat="56.650541999999845" lon="9.857709000000295"></trkpt><trkpt lat="56.65050799999958" lon="9.857753999999783"></trkpt><trkpt lat="56.65050499999997" lon="9.857819999999808"></trkpt><trkpt lat="56.65049099999976" lon="9.857863000000725"></trkpt><trkpt lat="56.65046800000038" lon="9.857918999999317"></trkpt><trkpt lat="56.65043399999958" lon="9.85798300000018"></trkpt><trkpt lat="56.65040599999961" lon="9.8580460000001"></trkpt><trkpt lat="56.65037599999991" lon="9.85813400000069"></trkpt><trkpt lat="56.65035500000043" lon="9.858252999999543"></trkpt><trkpt lat="56.65034700000035" lon="9.858360000000282"></trkpt><trkpt lat="56.65032899999982" lon="9.858391000000086"></trkpt><trkpt lat="56.65031800000026" lon="9.858475000000503"></trkpt><trkpt lat="56.65030000000023" lon="9.858539999999529"></trkpt><trkpt lat="56.650273999999655" lon="9.85860599999954"></trkpt><trkpt lat="56.65024300000007" lon="9.858710999999964"></trkpt><trkpt lat="56.650204000000016" lon="9.858829000000407"></trkpt><trkpt lat="56.650177999999784" lon="9.85896300000001"></trkpt><trkpt lat="56.65016600000017" lon="9.859080000000553"></trkpt><trkpt lat="56.650146000000085" lon="9.859159999999518"></trkpt><trkpt lat="56.65012200000004" lon="9.859212999999832"></trkpt><trkpt lat="56.65009100000043" lon="9.859247999999852"></trkpt><trkpt lat="56.650043999999625" lon="9.85931900000068"></trkpt><trkpt lat="56.650003999999804" lon="9.859410999999698"></trkpt><trkpt lat="56.64999299999975" lon="9.85948999999958"></trkpt><trkpt lat="56.649995000000146" lon="9.85954699999996"></trkpt><trkpt lat="56.65000799999966" lon="9.859603999999917"></trkpt><trkpt lat="56.65002500000012" lon="9.859656000000697"></trkpt><trkpt lat="56.65005300000009" lon="9.859709000000557"></trkpt><trkpt lat="56.6500649999997" lon="9.85973500000067"></trkpt><trkpt lat="56.650068999999725" lon="9.859750000000805"></trkpt><trkpt lat="56.650090999999925" lon="9.859804000000317"></trkpt><trkpt lat="56.65009199999976" lon="9.859870000000216"></trkpt><trkpt lat="56.65007999999969" lon="9.85992899999991"></trkpt><trkpt lat="56.65007000000024" lon="9.85997299999999"></trkpt><trkpt lat="56.65003700000017" lon="9.860015000000345"></trkpt><trkpt lat="56.65000400000001" lon="9.860092000000625"></trkpt><trkpt lat="56.64995000000004" lon="9.860237000000634"></trkpt><trkpt lat="56.649922000000416" lon="9.86025299999952"></trkpt><trkpt lat="56.649884000000405" lon="9.860289999999507"></trkpt><trkpt lat="56.649863000000245" lon="9.86038300000072"></trkpt><trkpt lat="56.64984000000027" lon="9.86048100000013"></trkpt><trkpt lat="56.64982200000012" lon="9.860579999999889"></trkpt><trkpt lat="56.64981200000011" lon="9.860659000000277"></trkpt><trkpt lat="56.64980800000003" lon="9.860707999999434"></trkpt><trkpt lat="56.649811000000255" lon="9.860808000000652"></trkpt><trkpt lat="56.649817" lon="9.860909999999476"></trkpt><trkpt lat="56.64981899999975" lon="9.860990000000337"></trkpt><trkpt lat="56.64981400000004" lon="9.861097999999762"></trkpt><trkpt lat="56.64981299999997" lon="9.861202000000032"></trkpt><trkpt lat="56.64981899999999" lon="9.861312000000185"></trkpt><trkpt lat="56.64982000000035" lon="9.861415000000374"></trkpt><trkpt lat="56.649826999999966" lon="9.861514999999383"></trkpt><trkpt lat="56.64982600000035" lon="9.861576999999341"></trkpt><trkpt lat="56.64985199999981" lon="9.861708999999399"></trkpt><trkpt lat="56.649873999999855" lon="9.861799999999437"></trkpt><trkpt lat="56.64987300000017" lon="9.861887000000488"></trkpt><trkpt lat="56.649882000000204" lon="9.861937000000818"></trkpt><trkpt lat="56.64991099999975" lon="9.861958000000444"></trkpt><trkpt lat="56.64994600000023" lon="9.861971000000413"></trkpt><trkpt lat="56.64996199999976" lon="9.862032999999473"></trkpt><trkpt lat="56.649984999999695" lon="9.86210799999998"></trkpt><trkpt lat="56.65000200000023" lon="9.862197000000046"></trkpt><trkpt lat="56.64999000000003" lon="9.862250000000696"></trkpt><trkpt lat="56.649966999999855" lon="9.862288999999526"></trkpt><trkpt lat="56.6499589999998" lon="9.86236100000011"></trkpt><trkpt lat="56.64992900000039" lon="9.862439999999596"></trkpt><trkpt lat="56.649910999999626" lon="9.862498999999406"></trkpt><trkpt lat="56.64991700000011" lon="9.862564000000637"></trkpt><trkpt lat="56.64994099999993" lon="9.862622999999383"></trkpt><trkpt lat="56.64996299999989" lon="9.862661000000635"></trkpt><trkpt lat="56.64996500000002" lon="9.862731000000716"></trkpt><trkpt lat="56.650005999999884" lon="9.862804999999375"></trkpt><trkpt lat="56.650040999999895" lon="9.862866000000245"></trkpt><trkpt lat="56.65008999999988" lon="9.86294600000063"></trkpt><trkpt lat="56.650142000000315" lon="9.863061999999887"></trkpt><trkpt lat="56.65016199999964" lon="9.863128999999395"></trkpt><trkpt lat="56.65016699999962" lon="9.86320499999999"></trkpt><trkpt lat="56.65016300000006" lon="9.863273999999734"></trkpt><trkpt lat="56.65015499999992" lon="9.863335999999222"></trkpt><trkpt lat="56.650166000000226" lon="9.863376000000535"></trkpt><trkpt lat="56.650185999999906" lon="9.863401999999208"></trkpt><trkpt lat="56.650225000000106" lon="9.86340299999969"></trkpt><trkpt lat="56.65026899999972" lon="9.863434000000678"></trkpt><trkpt lat="56.650333999999674" lon="9.863474999999179"></trkpt><trkpt lat="56.65037899999962" lon="9.86352500000039"></trkpt><trkpt lat="56.65043399999962" lon="9.863557999999733"></trkpt><trkpt lat="56.65050400000002" lon="9.863580000000727"></trkpt><trkpt lat="56.65056399999977" lon="9.863600000000314"></trkpt><trkpt lat="56.65058599999958" lon="9.863629000000575"></trkpt><trkpt lat="56.6506079999997" lon="9.863687000000708"></trkpt><trkpt lat="56.650640000000195" lon="9.86379100000017"></trkpt><trkpt lat="56.65068499999999" lon="9.863924999999576"></trkpt><trkpt lat="56.650726000000006" lon="9.864050999999728"></trkpt><trkpt lat="56.65075900000015" lon="9.86417199999957"></trkpt><trkpt lat="56.65075600000043" lon="9.864229000000755"></trkpt><trkpt lat="56.65074500000008" lon="9.864275000000646"></trkpt><trkpt lat="56.650739" lon="9.86432799999991"></trkpt><trkpt lat="56.65075000000042" lon="9.864353999999622"></trkpt><trkpt lat="56.65077499999983" lon="9.86438600000021"></trkpt><trkpt lat="56.650805000000254" lon="9.864395999999717"></trkpt><trkpt lat="56.65083999999966" lon="9.864394000000079"></trkpt><trkpt lat="56.65085500000024" lon="9.864445000000767"></trkpt><trkpt lat="56.650866000000356" lon="9.864519999999889"></trkpt><trkpt lat="56.65087999999957" lon="9.864591000000349"></trkpt><trkpt lat="56.650899000000145" lon="9.864641000000553"></trkpt><trkpt lat="56.65092800000015" lon="9.864698000000221"></trkpt><trkpt lat="56.65094100000007" lon="9.864741999999792"></trkpt><trkpt lat="56.650942999999636" lon="9.864770000000153"></trkpt><trkpt lat="56.65096799999966" lon="9.864865999999427"></trkpt><trkpt lat="56.65099299999974" lon="9.864935000000578"></trkpt><trkpt lat="56.651018999999835" lon="9.865003000000518"></trkpt><trkpt lat="56.651031999999766" lon="9.865067000000678"></trkpt><trkpt lat="56.651040999999594" lon="9.865144999999394"></trkpt><trkpt lat="56.65104999999994" lon="9.865196000000257"></trkpt><trkpt lat="56.65105800000015" lon="9.865231999999493"></trkpt><trkpt lat="56.6510660000002" lon="9.865296000000793"></trkpt><trkpt lat="56.65107200000005" lon="9.86538499999964"></trkpt><trkpt lat="56.651073000000075" lon="9.865453999999216"></trkpt><trkpt lat="56.651069000000184" lon="9.865536999999255"></trkpt><trkpt lat="56.65106800000041" lon="9.865586000000656"></trkpt><trkpt lat="56.651072999999926" lon="9.865672999999646"></trkpt><trkpt lat="56.65107500000036" lon="9.865751000000616"></trkpt><trkpt lat="56.65108000000027" lon="9.865835999999678"></trkpt><trkpt lat="56.6510929999996" lon="9.865927000000744"></trkpt><trkpt lat="56.65111299999976" lon="9.86598900000079"></trkpt><trkpt lat="56.65113900000032" lon="9.866033999999368"></trkpt><trkpt lat="56.651188999999846" lon="9.866041999999423"></trkpt><trkpt lat="56.65122299999997" lon="9.866064999999942"></trkpt><trkpt lat="56.651254000000016" lon="9.86611400000035"></trkpt><trkpt lat="56.651310000000365" lon="9.866192999999218"></trkpt><trkpt lat="56.65134100000025" lon="9.866260999999454"></trkpt><trkpt lat="56.65136000000026" lon="9.86634799999963"></trkpt><trkpt lat="56.65137999999973" lon="9.86642400000068"></trkpt><trkpt lat="56.65138700000041" lon="9.866521000000168"></trkpt><trkpt lat="56.65137899999999" lon="9.866665000000808"></trkpt><trkpt lat="56.65137399999994" lon="9.866717999999816"></trkpt><trkpt lat="56.651340999999924" lon="9.866786999999352"></trkpt><trkpt lat="56.65128800000001" lon="9.866929000000315"></trkpt><trkpt lat="56.65122999999958" lon="9.867017000000137"></trkpt><trkpt lat="56.65117300000034" lon="9.867082999999521"></trkpt><trkpt lat="56.65110800000024" lon="9.867103000000112"></trkpt><trkpt lat="56.65106400000041" lon="9.867131999999872"></trkpt><trkpt lat="56.65103500000042" lon="9.86720199999977"></trkpt><trkpt lat="56.65102400000008" lon="9.867308000000328"></trkpt><trkpt lat="56.65101799999996" lon="9.867473999999763"></trkpt><trkpt lat="56.651014999999695" lon="9.867598000000338"></trkpt><trkpt lat="56.651017000000074" lon="9.867733999999292"></trkpt><trkpt lat="56.65103499999975" lon="9.867841999999941"></trkpt><trkpt lat="56.65106399999997" lon="9.867945000000377"></trkpt><trkpt lat="56.65109899999987" lon="9.868035999999567"></trkpt><trkpt lat="56.65112400000023" lon="9.868068000000443"></trkpt><trkpt lat="56.651140999999946" lon="9.8681110000001"></trkpt><trkpt lat="56.651181000000264" lon="9.868202999999887"></trkpt><trkpt lat="56.651228999999915" lon="9.868291000000093"></trkpt><trkpt lat="56.65124800000001" lon="9.86831500000032"></trkpt><trkpt lat="56.65128499999999" lon="9.868341000000463"></trkpt><trkpt lat="56.65131900000024" lon="9.868365000000134"></trkpt><trkpt lat="56.651379000000006" lon="9.868278000000716"></trkpt><trkpt lat="56.6514379999999" lon="9.868360000000228"></trkpt><trkpt lat="56.65152900000036" lon="9.868391999999622"></trkpt><trkpt lat="56.65163299999988" lon="9.86839099999923"></trkpt><trkpt lat="56.65171100000009" lon="9.868359000000057"></trkpt><trkpt lat="56.65173300000029" lon="9.868530999999663"></trkpt><trkpt lat="56.651753999999784" lon="9.868708000000534"></trkpt><trkpt lat="56.65175399999969" lon="9.868733000000548"></trkpt><trkpt lat="56.651753000000454" lon="9.868759999999769"></trkpt><trkpt lat="56.65174699999987" lon="9.86882600000024"></trkpt><trkpt lat="56.65172999999974" lon="9.8688859999997"></trkpt><trkpt lat="56.65169099999955" lon="9.868959999999962"></trkpt><trkpt lat="56.651613999999626" lon="9.86912199999999"></trkpt><trkpt lat="56.65157700000019" lon="9.869227000000791"></trkpt><trkpt lat="56.651563000000166" lon="9.869294000000686"></trkpt><trkpt lat="56.65156000000024" lon="9.869336000000692"></trkpt><trkpt lat="56.65156300000021" lon="9.869389999999894"></trkpt><trkpt lat="56.651570000000284" lon="9.869430999999407"></trkpt><trkpt lat="56.651603999999786" lon="9.869543000000053"></trkpt><trkpt lat="56.65165800000006" lon="9.869649999999886"></trkpt><trkpt lat="56.65181199999964" lon="9.86986799999939"></trkpt><trkpt lat="56.65184299999979" lon="9.86993600000054"></trkpt><trkpt lat="56.651855999999654" lon="9.870029000000535"></trkpt><trkpt lat="56.65184600000004" lon="9.870127000000243"></trkpt><trkpt lat="56.651814999999765" lon="9.870206999999748"></trkpt><trkpt lat="56.651752999999644" lon="9.870286000000243"></trkpt><trkpt lat="56.65163999999968" lon="9.870384000000564"></trkpt><trkpt lat="56.65150000000036" lon="9.870529000000616"></trkpt><trkpt lat="56.65138800000038" lon="9.870654999999534"></trkpt><trkpt lat="56.65126900000029" lon="9.870766999999688"></trkpt><trkpt lat="56.65116200000022" lon="9.870821000000296"></trkpt><trkpt lat="56.65107599999978" lon="9.870853000000606"></trkpt><trkpt lat="56.65092199999999" lon="9.870847999999832"></trkpt><trkpt lat="56.65083300000027" lon="9.870848000000116"></trkpt><trkpt lat="56.650689999999955" lon="9.870859999999462"></trkpt><trkpt lat="56.650624000000285" lon="9.870849999999411"></trkpt><trkpt lat="56.65054899999966" lon="9.870799000000149"></trkpt><trkpt lat="56.65047399999971" lon="9.870709000000234"></trkpt><trkpt lat="56.65037900000037" lon="9.87053300000036"></trkpt><trkpt lat="56.65029400000019" lon="9.870369000000354"></trkpt><trkpt lat="56.65023200000024" lon="9.870255999999594"></trkpt><trkpt lat="56.65014800000018" lon="9.870150999999575"></trkpt><trkpt lat="56.65001800000009" lon="9.869980000000469"></trkpt><trkpt lat="56.64998499999978" lon="9.869948000000617"></trkpt><trkpt lat="56.649947999999995" lon="9.86992599999991"></trkpt><trkpt lat="56.64991399999964" lon="9.86991999999919"></trkpt><trkpt lat="56.649880999999546" lon="9.869929000000752"></trkpt><trkpt lat="56.64985199999959" lon="9.869944000000796"></trkpt><trkpt lat="56.64982599999957" lon="9.869896999999414"></trkpt><trkpt lat="56.649808000000036" lon="9.869825999999726"></trkpt><trkpt lat="56.64980299999994" lon="9.869752000000528"></trkpt><trkpt lat="56.64979999999961" lon="9.869660999999878"></trkpt><trkpt lat="56.64979200000042" lon="9.869566000000583"></trkpt><trkpt lat="56.64978399999968" lon="9.869468000000303"></trkpt><trkpt lat="56.64977099999986" lon="9.869347000000124"></trkpt><trkpt lat="56.64975799999976" lon="9.869182999999962"></trkpt><trkpt lat="56.649730999999946" lon="9.869071999999644"></trkpt><trkpt lat="56.649682999999605" lon="9.868961000000237"></trkpt><trkpt lat="56.64963500000017" lon="9.868853999999866"></trkpt><trkpt lat="56.64961999999962" lon="9.868771999999764"></trkpt><trkpt lat="56.64960799999972" lon="9.868656000000149"></trkpt><trkpt lat="56.6495969999998" lon="9.868536999999796"></trkpt><trkpt lat="56.649570000000104" lon="9.86841400000043"></trkpt><trkpt lat="56.64954399999976" lon="9.8683699999998"></trkpt><trkpt lat="56.64948299999992" lon="9.868316999999653"></trkpt><trkpt lat="56.64942400000038" lon="9.868257000000025"></trkpt><trkpt lat="56.649378000000205" lon="9.868173000000084"></trkpt><trkpt lat="56.64936000000027" lon="9.868160999999215"></trkpt><trkpt lat="56.649290000000185" lon="9.868172999999455"></trkpt><trkpt lat="56.64922599999993" lon="9.868199999999584"></trkpt><trkpt lat="56.64918099999956" lon="9.868197000000048"></trkpt><trkpt lat="56.64916700000035" lon="9.868182999999805"></trkpt><trkpt lat="56.64915499999989" lon="9.868152000000475"></trkpt><trkpt lat="56.649148000000146" lon="9.868103000000097"></trkpt><trkpt lat="56.64914400000012" lon="9.868020000000358"></trkpt><trkpt lat="56.64913799999968" lon="9.867889000000027"></trkpt><trkpt lat="56.649136000000105" lon="9.867785999999565"></trkpt><trkpt lat="56.64913699999995" lon="9.867685000000522"></trkpt><trkpt lat="56.64913599999972" lon="9.867582000000128"></trkpt><trkpt lat="56.6491329999999" lon="9.867453000000399"></trkpt><trkpt lat="56.64914400000027" lon="9.867283000000725"></trkpt><trkpt lat="56.6491530000003" lon="9.86719000000082"></trkpt><trkpt lat="56.64917099999988" lon="9.867055999999577"></trkpt><trkpt lat="56.649185999999666" lon="9.866886999999188"></trkpt><trkpt lat="56.64920299999962" lon="9.866763999999327"></trkpt><trkpt lat="56.64922000000041" lon="9.866670000000303"></trkpt><trkpt lat="56.64922199999984" lon="9.866624999999276"></trkpt><trkpt lat="56.64922500000027" lon="9.866578000000487"></trkpt><trkpt lat="56.64923400000004" lon="9.866515000000392"></trkpt><trkpt lat="56.649247" lon="9.86641400000079"></trkpt><trkpt lat="56.6492550000002" lon="9.866320000000021"></trkpt><trkpt lat="56.64926100000011" lon="9.86621800000035"></trkpt><trkpt lat="56.64925899999973" lon="9.866111000000592"></trkpt><trkpt lat="56.649258999999844" lon="9.865988999999734"></trkpt><trkpt lat="56.64925699999986" lon="9.865857999999397"></trkpt><trkpt lat="56.649259000000214" lon="9.865698999999863"></trkpt><trkpt lat="56.64925799999999" lon="9.865562000000578"></trkpt><trkpt lat="56.64925400000013" lon="9.86544299999945"></trkpt><trkpt lat="56.649243999999584" lon="9.865319000000584"></trkpt><trkpt lat="56.64923500000021" lon="9.865218000000286"></trkpt><trkpt lat="56.64923000000027" lon="9.86510199999959"></trkpt><trkpt lat="56.64923000000036" lon="9.864997000000795"></trkpt><trkpt lat="56.649227999999745" lon="9.864955999999895"></trkpt><trkpt lat="56.64922900000034" lon="9.864827999999672"></trkpt><trkpt lat="56.64922899999969" lon="9.86470799999934"></trkpt><trkpt lat="56.64922599999987" lon="9.864636000000749"></trkpt><trkpt lat="56.64922000000031" lon="9.86456599999992"></trkpt><trkpt lat="56.649218000000445" lon="9.864493000000746"></trkpt><trkpt lat="56.649217000000114" lon="9.864423000000642"></trkpt><trkpt lat="56.649212999999655" lon="9.864311000000406"></trkpt><trkpt lat="56.649202000000166" lon="9.864161000000133"></trkpt><trkpt lat="56.64918099999973" lon="9.8640030000002"></trkpt><trkpt lat="56.64917299999976" lon="9.863843999999258"></trkpt><trkpt lat="56.64916600000035" lon="9.863700000000337"></trkpt><trkpt lat="56.649165999999894" lon="9.863567999999818"></trkpt><trkpt lat="56.64916300000008" lon="9.863458999999997"></trkpt><trkpt lat="56.64915299999992" lon="9.863362000000107"></trkpt><trkpt lat="56.649149999999615" lon="9.863298999999703"></trkpt><trkpt lat="56.649153000000354" lon="9.863206000000305"></trkpt><trkpt lat="56.64915299999971" lon="9.863067000000784"></trkpt><trkpt lat="56.649146999999616" lon="9.86290800000052"></trkpt><trkpt lat="56.64914000000041" lon="9.862760999999205"></trkpt><trkpt lat="56.64912800000011" lon="9.862638000000263"></trkpt><trkpt lat="56.64911800000031" lon="9.862538999999433"></trkpt><trkpt lat="56.64911700000017" lon="9.862392999999201"></trkpt><trkpt lat="56.649108999999974" lon="9.862280000000153"></trkpt><trkpt lat="56.64909999999987" lon="9.862161999999632"></trkpt><trkpt lat="56.64909400000011" lon="9.862030999999284"></trkpt><trkpt lat="56.64909399999971" lon="9.861922999999669"></trkpt><trkpt lat="56.64909900000044" lon="9.86182399999984"></trkpt><trkpt lat="56.64909899999998" lon="9.861700000000301"></trkpt><trkpt lat="56.64909800000004" lon="9.861519000000328"></trkpt><trkpt lat="56.64909699999958" lon="9.861384000000294"></trkpt><trkpt lat="56.649101000000336" lon="9.861245999999753"></trkpt><trkpt lat="56.649103999999866" lon="9.861116999999723"></trkpt><trkpt lat="56.64910899999978" lon="9.861020000000156"></trkpt><trkpt lat="56.64911999999971" lon="9.860900000000507"></trkpt><trkpt lat="56.64913400000027" lon="9.860801999999227"></trkpt><trkpt lat="56.64915199999983" lon="9.86070399999997"></trkpt><trkpt lat="56.649174000000365" lon="9.860586000000785"></trkpt><trkpt lat="56.649193000000416" lon="9.86049000000033"></trkpt><trkpt lat="56.64921900000023" lon="9.860376000000462"></trkpt><trkpt lat="56.64924099999969" lon="9.860308999999674"></trkpt><trkpt lat="56.649253000000044" lon="9.860274000000013"></trkpt><trkpt lat="56.64927900000009" lon="9.860180999999967"></trkpt><trkpt lat="56.64930300000011" lon="9.860102999999294"></trkpt><trkpt lat="56.64932100000026" lon="9.860019000000168"></trkpt><trkpt lat="56.649333999999826" lon="9.859957999999637"></trkpt><trkpt lat="56.64934899999975" lon="9.859875000000178"></trkpt><trkpt lat="56.64935200000029" lon="9.859857000000787"></trkpt><trkpt lat="56.64937900000011" lon="9.85971400000062"></trkpt><trkpt lat="56.649392999999876" lon="9.859633000000445"></trkpt><trkpt lat="56.649424000000245" lon="9.859534999999278"></trkpt><trkpt lat="56.649451000000376" lon="9.859459000000003"></trkpt><trkpt lat="56.64948999999996" lon="9.859382000000565"></trkpt><trkpt lat="56.6495259999998" lon="9.859296000000676"></trkpt><trkpt lat="56.64956799999957" lon="9.859191000000246"></trkpt><trkpt lat="56.64960799999993" lon="9.859113000000006"></trkpt><trkpt lat="56.649652999999624" lon="9.859004999999392"></trkpt><trkpt lat="56.649691000000026" lon="9.858884999999354"></trkpt><trkpt lat="56.649725000000416" lon="9.858798999999545"></trkpt><trkpt lat="56.649751999999786" lon="9.858698000000762"></trkpt><trkpt lat="56.64978699999984" lon="9.858583000000381"></trkpt><trkpt lat="56.64982099999968" lon="9.858454000000505"></trkpt><trkpt lat="56.64984600000032" lon="9.858321999999822"></trkpt><trkpt lat="56.649870999999564" lon="9.858198000000506"></trkpt><trkpt lat="56.649879000000276" lon="9.858140999999426"></trkpt><trkpt lat="56.64989900000036" lon="9.858008999999932"></trkpt><trkpt lat="56.64991399999984" lon="9.857926000000605"></trkpt><trkpt lat="56.64993299999992" lon="9.857834000000336"></trkpt><trkpt lat="56.649956999999965" lon="9.857740000000785"></trkpt><trkpt lat="56.64997999999983" lon="9.857638999999935"></trkpt><trkpt lat="56.65001200000037" lon="9.857504000000601"></trkpt><trkpt lat="56.65004799999985" lon="9.85735699999942"></trkpt><trkpt lat="56.65007500000022" lon="9.857241999999388"></trkpt><trkpt lat="56.6500999999999" lon="9.857135999999256"></trkpt><trkpt lat="56.65008595400001" lon="9.857044286999624"></trkpt><trkpt lat="56.6500775409997" lon="9.856917695000334"></trkpt><trkpt lat="56.65005520400017" lon="9.856790786999666"></trkpt><trkpt lat="56.65004220700033" lon="9.856655663000215"></trkpt><trkpt lat="56.65002915300008" lon="9.856528965999885"></trkpt><trkpt lat="56.65003460600004" lon="9.856411115000787"></trkpt><trkpt lat="56.6500536349998" lon="9.85634413200046"></trkpt><trkpt lat="56.65007277999962" lon="9.85626029799962"></trkpt><trkpt lat="56.65009186599986" lon="9.856184889000248"></trkpt><trkpt lat="56.650106428000186" lon="9.856092525000056"></trkpt><trkpt lat="56.65013984400011" lon="9.855958453000014"></trkpt><trkpt lat="56.650154289000184" lon="9.855882939000091"></trkpt><trkpt lat="56.65017389700001" lon="9.85573170099998"></trkpt><trkpt lat="56.65017905999969" lon="9.855655976999275"></trkpt><trkpt lat="56.65020793899997" lon="9.855570148999448"></trkpt><trkpt lat="56.650231561999924" lon="9.85544649499939"></trkpt><trkpt lat="56.65023800000026" lon="9.855363999999218"></trkpt><trkpt lat="56.650210999999636" lon="9.85526200000037"></trkpt><trkpt lat="56.65021300000027" lon="9.855240000000295"></trkpt><trkpt lat="56.65020899999993" lon="9.855211000000443"></trkpt><trkpt lat="56.65017399999997" lon="9.855194999999478"></trkpt><trkpt lat="56.6501499999996" lon="9.855181000000364"></trkpt><trkpt lat="56.65011100000013" lon="9.855159000000208"></trkpt><trkpt lat="56.65009900000005" lon="9.855146000000763"></trkpt><trkpt lat="56.65007999999989" lon="9.85510900000029"></trkpt><trkpt lat="56.650042999999805" lon="9.855054000000196"></trkpt><trkpt lat="56.65001899999972" lon="9.855009999999766"></trkpt><trkpt lat="56.65000100000029" lon="9.854960999999232"></trkpt><trkpt lat="56.64998100000007" lon="9.854905999999827"></trkpt><trkpt lat="56.64995900000043" lon="9.85478699999927"></trkpt><trkpt lat="56.64993699999983" lon="9.854679000000225"></trkpt><trkpt lat="56.64990999999964" lon="9.854562999999658"></trkpt><trkpt lat="56.64988200000021" lon="9.854446999999524"></trkpt><trkpt lat="56.64984599999999" lon="9.854326999999907"></trkpt><trkpt lat="56.64983199999961" lon="9.8542679999998"></trkpt><trkpt lat="56.649812000000125" lon="9.854208000000318"></trkpt><trkpt lat="56.649795000000346" lon="9.85412900000018"></trkpt><trkpt lat="56.64977499999994" lon="9.854024999999373"></trkpt><trkpt lat="56.64975900000002" lon="9.853934000000141"></trkpt><trkpt lat="56.64973200000005" lon="9.853802999999951"></trkpt><trkpt lat="56.64970500000024" lon="9.853689999999482"></trkpt><trkpt lat="56.649676000000255" lon="9.853572000000613"></trkpt><trkpt lat="56.64964699999993" lon="9.85345600000034"></trkpt><trkpt lat="56.64960699999992" lon="9.853348999999575"></trkpt><trkpt lat="56.64956899999972" lon="9.853272000000642"></trkpt><trkpt lat="56.64952599999986" lon="9.853216999999871"></trkpt><trkpt lat="56.64948300000034" lon="9.853189000000521"></trkpt><trkpt lat="56.649465000000056" lon="9.853159999999399"></trkpt><trkpt lat="56.649462000000135" lon="9.853126999999965"></trkpt><trkpt lat="56.649453000000314" lon="9.853106999999747"></trkpt><trkpt lat="56.64944200000022" lon="9.853075999999351"></trkpt><trkpt lat="56.64942300000043" lon="9.853037999999371"></trkpt><trkpt lat="56.64939399999984" lon="9.853005999999343"></trkpt><trkpt lat="56.64936200000016" lon="9.852994000000653"></trkpt><trkpt lat="56.64931899999985" lon="9.852954000000487"></trkpt><trkpt lat="56.64928400000018" lon="9.85291599999957"></trkpt><trkpt lat="56.64924100000013" lon="9.85287899999947"></trkpt><trkpt lat="56.649217999999586" lon="9.85282600000033"></trkpt><trkpt lat="56.64919600000004" lon="9.852784999999576"></trkpt><trkpt lat="56.649176999999696" lon="9.852726000000056"></trkpt><trkpt lat="56.64916799999958" lon="9.852648999999657"></trkpt><trkpt lat="56.649151000000344" lon="9.852608000000671"></trkpt><trkpt lat="56.649133000000326" lon="9.852539000000425"></trkpt><trkpt lat="56.64911399999975" lon="9.852466999999413"></trkpt><trkpt lat="56.64909300000011" lon="9.85238200000041"></trkpt><trkpt lat="56.64908200000045" lon="9.852315000000003"></trkpt><trkpt lat="56.64906000000019" lon="9.852265000000612"></trkpt><trkpt lat="56.64903299999999" lon="9.852167000000177"></trkpt><trkpt lat="56.64900900000026" lon="9.8521010000006"></trkpt><trkpt lat="56.64897399999971" lon="9.852015000000247"></trkpt><trkpt lat="56.64894500000024" lon="9.851929000000643"></trkpt><trkpt lat="56.64892700000026" lon="9.851873000000099"></trkpt><trkpt lat="56.64891700000045" lon="9.851813999999413"></trkpt><trkpt lat="56.648912999999844" lon="9.851747999999327"></trkpt><trkpt lat="56.64891799999986" lon="9.851703000000533"></trkpt><trkpt lat="56.64890499999988" lon="9.851689000000375"></trkpt><trkpt lat="56.648882000000164" lon="9.851664999999771"></trkpt><trkpt lat="56.64885000000037" lon="9.851607000000199"></trkpt><trkpt lat="56.648825000000066" lon="9.85154499999969"></trkpt><trkpt lat="56.648798000000234" lon="9.851481999999779"></trkpt><trkpt lat="56.648766000000315" lon="9.851402999999275"></trkpt><trkpt lat="56.648744999999636" lon="9.851351999999418"></trkpt><trkpt lat="56.648726999999965" lon="9.851302000000109"></trkpt><trkpt lat="56.64870599999979" lon="9.851241000000106"></trkpt><trkpt lat="56.6486869999999" lon="9.851197999999828"></trkpt><trkpt lat="56.648654000000406" lon="9.851115000000206"></trkpt><trkpt lat="56.648628000000215" lon="9.851000000000028"></trkpt><trkpt lat="56.64860199999976" lon="9.850925000000798"></trkpt><trkpt lat="56.64857799999961" lon="9.85084699999951"></trkpt><trkpt lat="56.648557000000395" lon="9.850773000000421"></trkpt><trkpt lat="56.64853700000006" lon="9.850702000000815"></trkpt><trkpt lat="56.64852199999977" lon="9.850636000000451"></trkpt><trkpt lat="56.64850200000033" lon="9.850570999999476"></trkpt><trkpt lat="56.64848400000021" lon="9.850508999999807"></trkpt><trkpt lat="56.64846100000009" lon="9.850433000000242"></trkpt><trkpt lat="56.64843999999969" lon="9.85036299999937"></trkpt><trkpt lat="56.648416000000324" lon="9.850293999999854"></trkpt><trkpt lat="56.64838999999996" lon="9.850211000000149"></trkpt><trkpt lat="56.648360000000096" lon="9.850124000000037"></trkpt><trkpt lat="56.64832900000008" lon="9.850043999999581"></trkpt><trkpt lat="56.648283999999585" lon="9.84997800000059"></trkpt><trkpt lat="56.648245000000244" lon="9.849920000000726"></trkpt><trkpt lat="56.64819400000035" lon="9.84985199999994"></trkpt><trkpt lat="56.648144999999666" lon="9.849786000000671"></trkpt><trkpt lat="56.64809699999979" lon="9.849736999999715"></trkpt><trkpt lat="56.648052000000284" lon="9.849691000000563"></trkpt><trkpt lat="56.64801100000021" lon="9.849647999999602"></trkpt><trkpt lat="56.64798200000036" lon="9.849598999999733"></trkpt><trkpt lat="56.64794000000022" lon="9.849512999999455"></trkpt><trkpt lat="56.64790700000031" lon="9.849437000000133"></trkpt><trkpt lat="56.64788700000025" lon="9.84935700000008"></trkpt><trkpt lat="56.6478599999999" lon="9.849277000000809"></trkpt><trkpt lat="56.64782599999991" lon="9.849181999999278"></trkpt><trkpt lat="56.64779199999995" lon="9.84909900000014"></trkpt><trkpt lat="56.647751000000284" lon="9.848998999999889"></trkpt><trkpt lat="56.647712999999804" lon="9.848915999999697"></trkpt><trkpt lat="56.6476810000002" lon="9.848833000000226"></trkpt><trkpt lat="56.647654999999936" lon="9.848783000000203"></trkpt><trkpt lat="56.64764199999979" lon="9.848725000000732"></trkpt><trkpt lat="56.64762299999971" lon="9.848678999999946"></trkpt><trkpt lat="56.647591000000034" lon="9.848629000000466"></trkpt><trkpt lat="56.647553999999595" lon="9.84854199999992"></trkpt><trkpt lat="56.64752999999993" lon="9.84848299999937"></trkpt><trkpt lat="56.647512999999606" lon="9.848416999999277"></trkpt><trkpt lat="56.64750700000026" lon="9.84835799999944"></trkpt><trkpt lat="56.64749899999962" lon="9.84829800000031"></trkpt><trkpt lat="56.647483" lon="9.848230999999622"></trkpt><trkpt lat="56.647463999999715" lon="9.84817500000074"></trkpt><trkpt lat="56.647426" lon="9.84807500000005"></trkpt><trkpt lat="56.647394999999854" lon="9.847983999999306"></trkpt><trkpt lat="56.64737499999982" lon="9.847901000000626"></trkpt><trkpt lat="56.64734999999955" lon="9.847789000000077"></trkpt><trkpt lat="56.647332999999854" lon="9.847689999999451"></trkpt><trkpt lat="56.647310999999725" lon="9.847571000000086"></trkpt><trkpt lat="56.6472890000002" lon="9.847473999999973"></trkpt><trkpt lat="56.64725400000013" lon="9.847314999999448"></trkpt><trkpt lat="56.6472290000004" lon="9.847175999999683"></trkpt><trkpt lat="56.64720899999998" lon="9.847067000000697"></trkpt><trkpt lat="56.64719400000002" lon="9.84694699999928"></trkpt><trkpt lat="56.64717900000023" lon="9.846829999999608"></trkpt><trkpt lat="56.64715499999968" lon="9.84669000000041"></trkpt><trkpt lat="56.64713199999984" lon="9.8465800000008"></trkpt><trkpt lat="56.64710300000005" lon="9.846478000000712"></trkpt><trkpt lat="56.64707899999981" lon="9.84636499999957"></trkpt><trkpt lat="56.6470450000003" lon="9.846237999999829"></trkpt><trkpt lat="56.6470120000001" lon="9.846094000000388"></trkpt><trkpt lat="56.646983000000134" lon="9.845974999999278"></trkpt><trkpt lat="56.646946000000064" lon="9.845831000000144"></trkpt><trkpt lat="56.646919999999916" lon="9.845757999999682"></trkpt><trkpt lat="56.646868000000154" lon="9.845634000000253"></trkpt><trkpt lat="56.646813999999544" lon="9.845545000000229"></trkpt><trkpt lat="56.64676099999965" lon="9.845463999999387"></trkpt><trkpt lat="56.64672299999969" lon="9.845371999999609"></trkpt><trkpt lat="56.64669199999962" lon="9.84526599999961"></trkpt><trkpt lat="56.64666299999962" lon="9.845160999999345"></trkpt><trkpt lat="56.646628999999635" lon="9.845036999999833"></trkpt><trkpt lat="56.64659800000027" lon="9.844939999999978"></trkpt><trkpt lat="56.646567999999746" lon="9.844810999999297"></trkpt><trkpt lat="56.64655000000014" lon="9.844700000000307"></trkpt><trkpt lat="56.64653800000034" lon="9.844607999999932"></trkpt><trkpt lat="56.64652100000002" lon="9.844492999999629"></trkpt><trkpt lat="56.64651000000012" lon="9.844383999999547"></trkpt><trkpt lat="56.64650699999987" lon="9.844319999999714"></trkpt><trkpt lat="56.64649700000005" lon="9.844237000000053"></trkpt><trkpt lat="56.646485999999854" lon="9.84412300000026"></trkpt><trkpt lat="56.64647899999976" lon="9.844008000000716"></trkpt><trkpt lat="56.646477000000175" lon="9.843920000000203"></trkpt><trkpt lat="56.646474000000104" lon="9.843821000000235"></trkpt><trkpt lat="56.64648000000021" lon="9.843687000000456"></trkpt><trkpt lat="56.646481999999935" lon="9.84354499999997"></trkpt><trkpt lat="56.646492000000066" lon="9.843389999999612"></trkpt><trkpt lat="56.64649699999967" lon="9.843263000000217"></trkpt><trkpt lat="56.6465010000002" lon="9.843095000000105"></trkpt><trkpt lat="56.646509999999786" lon="9.842942999999545"></trkpt><trkpt lat="56.646514000000295" lon="9.84279300000029"></trkpt><trkpt lat="56.64651400000044" lon="9.842683999999391"></trkpt><trkpt lat="56.64651599999972" lon="9.842546000000722"></trkpt><trkpt lat="56.64651199999984" lon="9.842389000000024"></trkpt><trkpt lat="56.64650600000014" lon="9.842223000000194"></trkpt><trkpt lat="56.64650099999973" lon="9.842062000000537"></trkpt><trkpt lat="56.646505999999945" lon="9.841943999999923"></trkpt><trkpt lat="56.64650900000043" lon="9.841863000000696"></trkpt><trkpt lat="56.64651100000038" lon="9.841758000000505"></trkpt><trkpt lat="56.64651300000005" lon="9.84168899999961"></trkpt><trkpt lat="56.646509999999715" lon="9.841642999999396"></trkpt><trkpt lat="56.64650600000041" lon="9.84159999999968"></trkpt><trkpt lat="56.64650799999979" lon="9.841537999999701"></trkpt><trkpt lat="56.64651800000002" lon="9.841489000000267"></trkpt><trkpt lat="56.64654200000006" lon="9.841439000000234"></trkpt><trkpt lat="56.64656099999969" lon="9.841405000000051"></trkpt><trkpt lat="56.64657699999989" lon="9.84138099999967"></trkpt><trkpt lat="56.64657999999971" lon="9.84133899999995"></trkpt><trkpt lat="56.64658200000027" lon="9.841298999999697"></trkpt><trkpt lat="56.64658300000027" lon="9.841244999999503"></trkpt><trkpt lat="56.64659400000012" lon="9.841181999999254"></trkpt><trkpt lat="56.646614999999855" lon="9.84113200000045"></trkpt><trkpt lat="56.64664000000042" lon="9.841074000000395"></trkpt><trkpt lat="56.64667499999975" lon="9.84100099999971"></trkpt><trkpt lat="56.64670599999968" lon="9.840951999999588"></trkpt><trkpt lat="56.64674200000014" lon="9.840885000000105"></trkpt><trkpt lat="56.64678299999986" lon="9.84079200000013"></trkpt><trkpt lat="56.64683399999988" lon="9.840684999999198"></trkpt><trkpt lat="56.64688100000023" lon="9.840567000000014"></trkpt><trkpt lat="56.64695599999986" lon="9.840421999999876"></trkpt><trkpt lat="56.646994000000284" lon="9.840319000000058"></trkpt><trkpt lat="56.64703900000025" lon="9.840174999999206"></trkpt><trkpt lat="56.64707999999963" lon="9.840064000000302"></trkpt><trkpt lat="56.64714099999995" lon="9.839884000000447"></trkpt><trkpt lat="56.647181000000046" lon="9.839726000000065"></trkpt><trkpt lat="56.64721000000026" lon="9.839634999999832"></trkpt><trkpt lat="56.64722700000017" lon="9.839577000000475"></trkpt><trkpt lat="56.64723599999979" lon="9.839496999999652"></trkpt><trkpt lat="56.64726000000005" lon="9.839395999999672"></trkpt><trkpt lat="56.64727800000023" lon="9.839310999999801"></trkpt><trkpt lat="56.6472920000004" lon="9.839224000000382"></trkpt><trkpt lat="56.647309999999806" lon="9.839157999999973"></trkpt><trkpt lat="56.64733299999986" lon="9.839068000000442"></trkpt><trkpt lat="56.647347999999816" lon="9.83896099999961"></trkpt><trkpt lat="56.647358000000075" lon="9.838869000000063"></trkpt><trkpt lat="56.6473640000002" lon="9.838805000000523"></trkpt><trkpt lat="56.64737300000021" lon="9.838731000000791"></trkpt><trkpt lat="56.64738200000016" lon="9.838680999999749"></trkpt><trkpt lat="56.64741199999991" lon="9.838623000000103"></trkpt><trkpt lat="56.64744999999964" lon="9.838566000000592"></trkpt><trkpt lat="56.64748299999958" lon="9.838530999999717"></trkpt><trkpt lat="56.64751399999957" lon="9.838501000000413"></trkpt><trkpt lat="56.64755800000031" lon="9.83847399999926"></trkpt><trkpt lat="56.64759800000016" lon="9.838442999999899"></trkpt><trkpt lat="56.64763800000027" lon="9.838414999999772"></trkpt><trkpt lat="56.6476819999999" lon="9.83838700000034"></trkpt><trkpt lat="56.647708000000016" lon="9.838357999999568"></trkpt><trkpt lat="56.64775599999986" lon="9.838306000000594"></trkpt><trkpt lat="56.6477980000004" lon="9.838233999999298"></trkpt><trkpt lat="56.64784000000015" lon="9.83815999999953"></trkpt><trkpt lat="56.64786800000013" lon="9.838088999999998"></trkpt><trkpt lat="56.64788300000037" lon="9.83800699999989"></trkpt><trkpt lat="56.647897999999984" lon="9.837954000000282"></trkpt><trkpt lat="56.6479140000002" lon="9.837893999999642"></trkpt><trkpt lat="56.64793300000009" lon="9.837763999999794"></trkpt><trkpt lat="56.647930999999616" lon="9.837716000000677"></trkpt><trkpt lat="56.64792000000032" lon="9.837662000000735"></trkpt><trkpt lat="56.64789899999979" lon="9.837584000000117"></trkpt><trkpt lat="56.64789200000018" lon="9.837555999999578"></trkpt><trkpt lat="56.64787299999975" lon="9.837464999999362"></trkpt><trkpt lat="56.64785099999954" lon="9.837370999999438"></trkpt><trkpt lat="56.6478130000002" lon="9.837265999999264"></trkpt><trkpt lat="56.64780700000005" lon="9.837163999999984"></trkpt><trkpt lat="56.64779400000036" lon="9.837058999999925"></trkpt><trkpt lat="56.64777900000025" lon="9.836939999999988"></trkpt><trkpt lat="56.647746999999875" lon="9.836833999999307"></trkpt><trkpt lat="56.6477350000003" lon="9.836715999999395"></trkpt><trkpt lat="56.6477339999996" lon="9.836567000000422"></trkpt><trkpt lat="56.647735000000004" lon="9.83653599999937"></trkpt><trkpt lat="56.647740000000276" lon="9.836337000000514"></trkpt><trkpt lat="56.64776000000033" lon="9.836110000000247"></trkpt><trkpt lat="56.64776999999976" lon="9.835978000000084"></trkpt><trkpt lat="56.64778099999972" lon="9.835864999999655"></trkpt><trkpt lat="56.64778999999993" lon="9.835755999999884"></trkpt><trkpt lat="56.64780200000021" lon="9.835637999999825"></trkpt><trkpt lat="56.6478199999997" lon="9.835541999999725"></trkpt><trkpt lat="56.647850999999925" lon="9.835400999999312"></trkpt><trkpt lat="56.647896000000436" lon="9.835234000000675"></trkpt><trkpt lat="56.64789900000032" lon="9.83520499999956"></trkpt><trkpt lat="56.6478930000004" lon="9.835180999999675"></trkpt><trkpt lat="56.64787899999961" lon="9.835156999999555"></trkpt><trkpt lat="56.64781699999959" lon="9.835123999999652"></trkpt><trkpt lat="56.6477429999996" lon="9.835100000000269"></trkpt><trkpt lat="56.64768199999975" lon="9.83507500000056"></trkpt><trkpt lat="56.6476450000001" lon="9.835047999999656"></trkpt><trkpt lat="56.64760599999974" lon="9.835000000000713"></trkpt><trkpt lat="56.64759100000019" lon="9.83495999999988"></trkpt><trkpt lat="56.64757999999968" lon="9.834892000000005"></trkpt><trkpt lat="56.64757199999955" lon="9.834830999999445"></trkpt><trkpt lat="56.647560000000205" lon="9.834689999999819"></trkpt><trkpt lat="56.647544999999674" lon="9.834545000000208"></trkpt><trkpt lat="56.64753299999991" lon="9.834398999999468"></trkpt><trkpt lat="56.64751999999971" lon="9.834229999999712"></trkpt><trkpt lat="56.64751799999963" lon="9.834110000000235"></trkpt><trkpt lat="56.64751700000035" lon="9.833976999999724"></trkpt><trkpt lat="56.64752999999968" lon="9.83384199999939"></trkpt><trkpt lat="56.64753700000028" lon="9.83369199999968"></trkpt><trkpt lat="56.64753300000042" lon="9.833605999999556"></trkpt><trkpt lat="56.647506000000185" lon="9.833464000000761"></trkpt><trkpt lat="56.647480000000094" lon="9.83340599999984"></trkpt><trkpt lat="56.64745700000022" lon="9.833358999999923"></trkpt><trkpt lat="56.647434" lon="9.833314999999814"></trkpt><trkpt lat="56.647422000000375" lon="9.833241999999691"></trkpt><trkpt lat="56.64741500000031" lon="9.833157999999491"></trkpt><trkpt lat="56.647401000000166" lon="9.833095000000064"></trkpt><trkpt lat="56.647377999999776" lon="9.833065999999276"></trkpt><trkpt lat="56.64735400000034" lon="9.833004000000356"></trkpt><trkpt lat="56.647332999999584" lon="9.832904999999663"></trkpt><trkpt lat="56.64732399999977" lon="9.832806000000652"></trkpt><trkpt lat="56.6473149999998" lon="9.832685999999491"></trkpt><trkpt lat="56.647305999999624" lon="9.832589000000052"></trkpt><trkpt lat="56.64729200000016" lon="9.832506999999701"></trkpt><trkpt lat="56.64727800000008" lon="9.83239799999958"></trkpt><trkpt lat="56.64727199999978" lon="9.832292000000322"></trkpt><trkpt lat="56.64727099999978" lon="9.832195999999787"></trkpt><trkpt lat="56.64726499999981" lon="9.832148000000476"></trkpt><trkpt lat="56.64724400000012" lon="9.83207900000049"></trkpt><trkpt lat="56.647215000000244" lon="9.83198500000077"></trkpt><trkpt lat="56.64718499999977" lon="9.831913000000306"></trkpt><trkpt lat="56.64715778899996" lon="9.831848940000187"></trkpt><trkpt lat="56.647135540000086" lon="9.831785742000084"></trkpt><trkpt lat="56.647128775000006" lon="9.831748969000607"></trkpt><trkpt lat="56.647113420999595" lon="9.831702949999212"></trkpt><trkpt lat="56.647108142000356" lon="9.831685196999961"></trkpt><trkpt lat="56.64709776599981" lon="9.831622259999435"></trkpt><trkpt lat="56.647086271999754" lon="9.83156517800078"></trkpt><trkpt lat="56.647058768999834" lon="9.831480307999696"></trkpt><trkpt lat="56.647018757999994" lon="9.831328535999345"></trkpt><trkpt lat="56.646993519000375" lon="9.83122803900054"></trkpt><trkpt lat="56.64697687599991" lon="9.831133610999496"></trkpt><trkpt lat="56.6469463310002" lon="9.83101928000019"></trkpt><trkpt lat="56.64693475799968" lon="9.83097395399946"></trkpt><trkpt lat="56.64692858199994" lon="9.830928746999255"></trkpt><trkpt lat="56.64691486300011" lon="9.830881413999482"></trkpt><trkpt lat="56.646904000000404" lon="9.830811999999828"></trkpt><trkpt lat="56.64690699999971" lon="9.830695000000771"></trkpt><trkpt lat="56.64691599999967" lon="9.83057499999954"></trkpt><trkpt lat="56.64692900000018" lon="9.830446000000746"></trkpt><trkpt lat="56.646937999999835" lon="9.830334000000684"></trkpt><trkpt lat="56.64694400000002" lon="9.830237000000178"></trkpt><trkpt lat="56.64693300000041" lon="9.83015699999948"></trkpt><trkpt lat="56.646915999999855" lon="9.83009099999927"></trkpt><trkpt lat="56.646910999999804" lon="9.83003300000011"></trkpt><trkpt lat="56.64691399999963" lon="9.829954999999384"></trkpt><trkpt lat="56.646928000000436" lon="9.829881999999557"></trkpt><trkpt lat="56.64694900000043" lon="9.8298230000004"></trkpt><trkpt lat="56.64696400000016" lon="9.829746999999333"></trkpt><trkpt lat="56.64697400000034" lon="9.829683000000685"></trkpt><trkpt lat="56.64697900000016" lon="9.829622999999923"></trkpt><trkpt lat="56.6469740000003" lon="9.829556000000359"></trkpt><trkpt lat="56.64696599999992" lon="9.829494000000437"></trkpt><trkpt lat="56.64695999999957" lon="9.829424000000039"></trkpt><trkpt lat="56.64694900000026" lon="9.829346000000681"></trkpt><trkpt lat="56.646950999999895" lon="9.82928300000025"></trkpt><trkpt lat="56.646963999999684" lon="9.829209999999176"></trkpt><trkpt lat="56.64698800000003" lon="9.829127999999367"></trkpt><trkpt lat="56.646983999999605" lon="9.829081999999273"></trkpt><trkpt lat="56.64696500000007" lon="9.828998000000693"></trkpt><trkpt lat="56.64691699999969" lon="9.828957999999623"></trkpt><trkpt lat="56.646866000000045" lon="9.828932999999827"></trkpt><trkpt lat="56.646828999999656" lon="9.828906999999456"></trkpt><trkpt lat="56.646801000000224" lon="9.828859000000799"></trkpt><trkpt lat="56.64678700000029" lon="9.828775000000709"></trkpt><trkpt lat="56.64677900000037" lon="9.82871100000055"></trkpt><trkpt lat="56.6467639999997" lon="9.828578000000563"></trkpt><trkpt lat="56.64675099999969" lon="9.828464999999465"></trkpt><trkpt lat="56.64674800000003" lon="9.828345999999302"></trkpt><trkpt lat="56.64676199999961" lon="9.82824999999935"></trkpt><trkpt lat="56.64677299999973" lon="9.82815800000071"></trkpt><trkpt lat="56.646796999999964" lon="9.828079000000274"></trkpt><trkpt lat="56.64681300000026" lon="9.82804700000055"></trkpt><trkpt lat="56.64687099999988" lon="9.828027999999314"></trkpt><trkpt lat="56.64690500000024" lon="9.827989999999406"></trkpt><trkpt lat="56.64693099999982" lon="9.827924000000506"></trkpt><trkpt lat="56.646956" lon="9.827862000000628"></trkpt><trkpt lat="56.6469770000003" lon="9.827788000000597"></trkpt><trkpt lat="56.64698800000024" lon="9.827719999999248"></trkpt><trkpt lat="56.646985999999885" lon="9.82765399999941"></trkpt><trkpt lat="56.64697799999966" lon="9.82759899999929"></trkpt><trkpt lat="56.646982999999736" lon="9.827549999999789"></trkpt><trkpt lat="56.64697999999977" lon="9.827506000000582"></trkpt><trkpt lat="56.64697599999957" lon="9.827451000000758"></trkpt><trkpt lat="56.64697599999975" lon="9.82740500000016"></trkpt><trkpt lat="56.646960000000426" lon="9.827350999999734"></trkpt><trkpt lat="56.6469370000002" lon="9.827231000000815"></trkpt><trkpt lat="56.64691299999986" lon="9.827150999999613"></trkpt><trkpt lat="56.64691199999992" lon="9.827074999999475"></trkpt><trkpt lat="56.64692299999998" lon="9.826960999999322"></trkpt><trkpt lat="56.646925000000046" lon="9.826868000000474"></trkpt><trkpt lat="56.64692899999997" lon="9.82675899999963"></trkpt><trkpt lat="56.64691700000012" lon="9.826659000000129"></trkpt><trkpt lat="56.646906000000364" lon="9.826569000000216"></trkpt><trkpt lat="56.64688999999972" lon="9.826497999999408"></trkpt><trkpt lat="56.64688699999956" lon="9.826413999999817"></trkpt><trkpt lat="56.646875000000264" lon="9.826343999999608"></trkpt><trkpt lat="56.64687000000021" lon="9.82626699999976"></trkpt><trkpt lat="56.6468699999998" lon="9.826157000000272"></trkpt><trkpt lat="56.64687000000024" lon="9.826028000000237"></trkpt><trkpt lat="56.64686200000035" lon="9.825927000000295"></trkpt><trkpt lat="56.64687200000042" lon="9.825830999999242"></trkpt><trkpt lat="56.64687500000043" lon="9.825731999999848"></trkpt><trkpt lat="56.646877000000046" lon="9.825629999999833"></trkpt><trkpt lat="56.64688000000009" lon="9.825517000000149"></trkpt><trkpt lat="56.64688099999961" lon="9.825412999999378"></trkpt><trkpt lat="56.64688199999999" lon="9.825316000000628"></trkpt><trkpt lat="56.646884999999614" lon="9.82522799999967"></trkpt><trkpt lat="56.6468839999997" lon="9.825122999999351"></trkpt><trkpt lat="56.6468719999997" lon="9.825010999999577"></trkpt><trkpt lat="56.646849999999695" lon="9.824868999999426"></trkpt><trkpt lat="56.64685099999989" lon="9.82477899999961"></trkpt><trkpt lat="56.64684699999967" lon="9.824682000000141"></trkpt><trkpt lat="56.64683499999999" lon="9.824570000000723"></trkpt><trkpt lat="56.646835000000166" lon="9.82452599999939"></trkpt><trkpt lat="56.64683100000043" lon="9.824468000000117"></trkpt><trkpt lat="56.64680499999977" lon="9.824372000000146"></trkpt><trkpt lat="56.64678199999963" lon="9.824277000000293"></trkpt><trkpt lat="56.646775000000005" lon="9.824244000000187"></trkpt><trkpt lat="56.646753000000196" lon="9.82414900000043"></trkpt><trkpt lat="56.64672800000042" lon="9.824030999999424"></trkpt><trkpt lat="56.646737999999736" lon="9.823966999999849"></trkpt><trkpt lat="56.6467610000003" lon="9.82390299999968"></trkpt><trkpt lat="56.64672899999994" lon="9.823898000000527"></trkpt><trkpt lat="56.64668899999975" lon="9.823869999999447"></trkpt><trkpt lat="56.64665700000041" lon="9.823833999999207"></trkpt><trkpt lat="56.64662400000044" lon="9.823777999999612"></trkpt><trkpt lat="56.646600000000205" lon="9.823726999999833"></trkpt><trkpt lat="56.646571000000115" lon="9.82365099999994"></trkpt><trkpt lat="56.646511000000004" lon="9.823486000000463"></trkpt><trkpt lat="56.646471999999555" lon="9.823372000000344"></trkpt><trkpt lat="56.646440999999626" lon="9.823264999999406"></trkpt><trkpt lat="56.64642099999965" lon="9.823148999999232"></trkpt><trkpt lat="56.646413000000244" lon="9.82308200000062"></trkpt><trkpt lat="56.64640999999957" lon="9.823013999999631"></trkpt><trkpt lat="56.64640700000043" lon="9.822881999999924"></trkpt><trkpt lat="56.64641300000021" lon="9.822694999999818"></trkpt><trkpt lat="56.64641999999955" lon="9.822553999999329"></trkpt><trkpt lat="56.6464209999996" lon="9.822317999999733"></trkpt><trkpt lat="56.64641699999998" lon="9.822228000000637"></trkpt><trkpt lat="56.646396000000315" lon="9.821946000000425"></trkpt><trkpt lat="56.64637100000025" lon="9.821633000000215"></trkpt><trkpt lat="56.64635300000032" lon="9.821466000000491"></trkpt><trkpt lat="56.64628600000009" lon="9.820980000000786"></trkpt><trkpt lat="56.646245000000356" lon="9.820745000000281"></trkpt><trkpt lat="56.64621699999964" lon="9.820572000000464"></trkpt><trkpt lat="56.64620800000019" lon="9.820473000000469"></trkpt><trkpt lat="56.64620799999992" lon="9.820367999999997"></trkpt><trkpt lat="56.646194000000314" lon="9.820299000000691"></trkpt><trkpt lat="56.64616899999974" lon="9.820241999999741"></trkpt><trkpt lat="56.64613300000016" lon="9.820183999999731"></trkpt><trkpt lat="56.64608899999975" lon="9.82012000000073"></trkpt><trkpt lat="56.64605799999985" lon="9.820105999999308"></trkpt><trkpt lat="56.646022000000336" lon="9.82007799999984"></trkpt><trkpt lat="56.64599499999999" lon="9.820022999999741"></trkpt><trkpt lat="56.6459710000003" lon="9.81996300000044"></trkpt><trkpt lat="56.645940999999574" lon="9.819909999999563"></trkpt><trkpt lat="56.64591499999966" lon="9.819869999999588"></trkpt><trkpt lat="56.6458900000003" lon="9.819816999999722"></trkpt><trkpt lat="56.64587699999978" lon="9.819776999999183"></trkpt><trkpt lat="56.64586400000044" lon="9.81969600000046"></trkpt><trkpt lat="56.64583799999957" lon="9.819611999999353"></trkpt><trkpt lat="56.64581400000004" lon="9.819525999999888"></trkpt><trkpt lat="56.64579500000022" lon="9.819446000000413"></trkpt><trkpt lat="56.64576599999976" lon="9.819354000000233"></trkpt><trkpt lat="56.645722999999805" lon="9.819243000000068"></trkpt><trkpt lat="56.64569200000044" lon="9.819158999999253"></trkpt><trkpt lat="56.64564300000004" lon="9.819093000000622"></trkpt><trkpt lat="56.64562200000028" lon="9.819043000000393"></trkpt><trkpt lat="56.64562399999956" lon="9.818999000000188"></trkpt><trkpt lat="56.645614999999594" lon="9.81895699999938"></trkpt><trkpt lat="56.64560200000033" lon="9.818875000000144"></trkpt><trkpt lat="56.64558300000015" lon="9.818805999999219"></trkpt><trkpt lat="56.64556399999986" lon="9.818725000000436"></trkpt><trkpt lat="56.64554200000025" lon="9.818652999999912"></trkpt><trkpt lat="56.64552299999974" lon="9.818616999999492"></trkpt><trkpt lat="56.645505999999735" lon="9.818586000000606"></trkpt><trkpt lat="56.64548099999994" lon="9.818525999999936"></trkpt><trkpt lat="56.645443000000135" lon="9.8184570000004"></trkpt><trkpt lat="56.64540400000014" lon="9.818414000000082"></trkpt><trkpt lat="56.6453640000001" lon="9.818370000000163"></trkpt><trkpt lat="56.645336000000135" lon="9.818318999999242"></trkpt><trkpt lat="56.64529200000005" lon="9.818234999999275"></trkpt><trkpt lat="56.64525299999959" lon="9.818127000000077"></trkpt><trkpt lat="56.64522499999971" lon="9.818059999999292"></trkpt><trkpt lat="56.645194999999845" lon="9.81799199999961"></trkpt><trkpt lat="56.64515000000026" lon="9.8178789999992"></trkpt><trkpt lat="56.645109000000325" lon="9.817764000000427"></trkpt><trkpt lat="56.64505199999968" lon="9.817633999999565"></trkpt><trkpt lat="56.64500399999966" lon="9.817531999999659"></trkpt><trkpt lat="56.644948999999535" lon="9.817422000000496"></trkpt><trkpt lat="56.64487199999961" lon="9.817271000000757"></trkpt><trkpt lat="56.64484400000017" lon="9.817199999999865"></trkpt><trkpt lat="56.6448130000001" lon="9.817123999999653"></trkpt><trkpt lat="56.64478299999973" lon="9.81704700000062"></trkpt><trkpt lat="56.64475500000019" lon="9.816966999999917"></trkpt><trkpt lat="56.644720999999684" lon="9.816887999999363"></trkpt><trkpt lat="56.644693999999646" lon="9.816809000000061"></trkpt><trkpt lat="56.644662999999994" lon="9.816743999999858"></trkpt><trkpt lat="56.64463699999995" lon="9.816657000000664"></trkpt><trkpt lat="56.64461400000025" lon="9.816572999999392"></trkpt><trkpt lat="56.644578999999865" lon="9.816464999999495"></trkpt><trkpt lat="56.64454799999967" lon="9.816389999999686"></trkpt><trkpt lat="56.64450999999995" lon="9.816274999999973"></trkpt><trkpt lat="56.64448000000013" lon="9.816185000000596"></trkpt><trkpt lat="56.64445200000014" lon="9.8160860000006"></trkpt><trkpt lat="56.644425999999584" lon="9.815985999999564"></trkpt><trkpt lat="56.64440000000018" lon="9.815898999999341"></trkpt><trkpt lat="56.644364000000024" lon="9.815763999999243"></trkpt><trkpt lat="56.644350000000316" lon="9.815680999999266"></trkpt><trkpt lat="56.6443499999998" lon="9.815543000000437"></trkpt><trkpt lat="56.64434799999954" lon="9.815416000000056"></trkpt><trkpt lat="56.64434699999957" lon="9.815285000000543"></trkpt><trkpt lat="56.644345000000314" lon="9.81523900000013"></trkpt><trkpt lat="56.64433799999996" lon="9.81509499999991"></trkpt><trkpt lat="56.64433000000042" lon="9.814919999999399"></trkpt><trkpt lat="56.644321000000396" lon="9.814781999999258"></trkpt><trkpt lat="56.64430200000029" lon="9.814644999999299"></trkpt><trkpt lat="56.64428299999966" lon="9.81447200000024"></trkpt><trkpt lat="56.6442530000003" lon="9.814266000000456"></trkpt><trkpt lat="56.64422100000024" lon="9.814115999999593"></trkpt><trkpt lat="56.64419500000043" lon="9.813911999999682"></trkpt><trkpt lat="56.644181000000394" lon="9.813755999999838"></trkpt><trkpt lat="56.6441660000002" lon="9.813586999999293"></trkpt><trkpt lat="56.644157000000284" lon="9.813494999999728"></trkpt><trkpt lat="56.644165000000385" lon="9.81343200000045"></trkpt><trkpt lat="56.64416500000003" lon="9.813296000000241"></trkpt><trkpt lat="56.644165999999856" lon="9.813146000000078"></trkpt><trkpt lat="56.644164000000075" lon="9.813005999999705"></trkpt><trkpt lat="56.644157000000305" lon="9.812813000000245"></trkpt><trkpt lat="56.64414599999984" lon="9.812706999999998"></trkpt><trkpt lat="56.64412999999958" lon="9.812597999999486"></trkpt><trkpt lat="56.64412699999959" lon="9.812581999999573"></trkpt><trkpt lat="56.64411699999984" lon="9.812609000000684"></trkpt><trkpt lat="56.644048999999896" lon="9.812220000000323"></trkpt><trkpt lat="56.64396100000017" lon="9.811758000000415"></trkpt><trkpt lat="56.64387800000025" lon="9.811304999999779"></trkpt><trkpt lat="56.643864000000406" lon="9.811228000000565"></trkpt><trkpt lat="56.64380899999963" lon="9.81092099999947"></trkpt><trkpt lat="56.64377900000043" lon="9.810823000000207"></trkpt></trkseg></trk></gpx>
