<?xml version="1.0" encoding="UTF-8"?>
<gpx version="1.1" creator="Good Shit" xmlns="http://www.topografix.com/GPX/1/1"><trk><name>Hohtürli: Griesalp–Oeschinensee–Kandersteg — Hohtürli: Griesalp–Oeschinensee–Kandersteg</name><trkseg><trkpt lat="46.5473191" lon="7.7614258"></trkpt><trkpt lat="46.5472968" lon="7.7614407"></trkpt><trkpt lat="46.5472074" lon="7.7614666"></trkpt><trkpt lat="46.5471936" lon="7.7614748"></trkpt><trkpt lat="46.5471361" lon="7.761525"></trkpt><trkpt lat="46.5471117" lon="7.7615558"></trkpt><trkpt lat="46.5471094" lon="7.7615928"></trkpt><trkpt lat="46.5470886" lon="7.7615907"></trkpt><trkpt lat="46.5470739" lon="7.7615833"></trkpt><trkpt lat="46.5470315" lon="7.7616346"></trkpt><trkpt lat="46.5469886" lon="7.7616712"></trkpt><trkpt lat="46.5469549" lon="7.7616839"></trkpt><trkpt lat="46.5469172" lon="7.7616813"></trkpt><trkpt lat="46.5468652" lon="7.7616683"></trkpt><trkpt lat="46.5468261" lon="7.7616192"></trkpt><trkpt lat="46.5467732" lon="7.7615982"></trkpt><trkpt lat="46.5465575" lon="7.7615932"></trkpt><trkpt lat="46.546513" lon="7.7615814"></trkpt><trkpt lat="46.546459" lon="7.7615484"></trkpt><trkpt lat="46.546405" lon="7.7615998"></trkpt><trkpt lat="46.5463627" lon="7.7616696"></trkpt><trkpt lat="46.5463273" lon="7.7618248"></trkpt><trkpt lat="46.546318" lon="7.7619552"></trkpt><trkpt lat="46.5462839" lon="7.7620672"></trkpt><trkpt lat="46.5460381" lon="7.7624457"></trkpt><trkpt lat="46.5459441" lon="7.7625547"></trkpt><trkpt lat="46.5458536" lon="7.7626262"></trkpt><trkpt lat="46.5457782" lon="7.7626114"></trkpt><trkpt lat="46.5454724" lon="7.7624505"></trkpt><trkpt lat="46.5454011" lon="7.7624301"></trkpt><trkpt lat="46.5453057" lon="7.7624332"></trkpt><trkpt lat="46.545255" lon="7.762451"></trkpt><trkpt lat="46.5452006" lon="7.7625356"></trkpt><trkpt lat="46.5450017" lon="7.7628879"></trkpt><trkpt lat="46.5449146" lon="7.7629519"></trkpt><trkpt lat="46.5447827" lon="7.762973"></trkpt><trkpt lat="46.5447212" lon="7.7630284"></trkpt><trkpt lat="46.5446578" lon="7.7631926"></trkpt><trkpt lat="46.5445549" lon="7.7634201"></trkpt><trkpt lat="46.5444476" lon="7.7635884"></trkpt><trkpt lat="46.5443354" lon="7.7636793"></trkpt><trkpt lat="46.5442363" lon="7.7637943"></trkpt><trkpt lat="46.5442053" lon="7.7639526"></trkpt><trkpt lat="46.5442037" lon="7.7641638"></trkpt><trkpt lat="46.5441879" lon="7.7644001"></trkpt><trkpt lat="46.5441564" lon="7.7645245"></trkpt><trkpt lat="46.5438107" lon="7.7653763"></trkpt><trkpt lat="46.5436331" lon="7.7663799"></trkpt><trkpt lat="46.5433872" lon="7.766867"></trkpt><trkpt lat="46.5435191" lon="7.7671752"></trkpt><trkpt lat="46.5435717" lon="7.7672278"></trkpt><trkpt lat="46.5438492" lon="7.767282"></trkpt><trkpt lat="46.5439305" lon="7.7672495"></trkpt><trkpt lat="46.5439907" lon="7.7672311"></trkpt><trkpt lat="46.5440291" lon="7.7672753"></trkpt><trkpt lat="46.5440642" lon="7.7679427"></trkpt><trkpt lat="46.5441084" lon="7.7682362"></trkpt><trkpt lat="46.5440416" lon="7.7684314"></trkpt><trkpt lat="46.5440221" lon="7.7683738"></trkpt><trkpt lat="46.5439768" lon="7.7682403"></trkpt><trkpt lat="46.5439083" lon="7.7681494"></trkpt><trkpt lat="46.5437993" lon="7.7683906"></trkpt><trkpt lat="46.5437847" lon="7.768423"></trkpt><trkpt lat="46.5436064" lon="7.7687422"></trkpt><trkpt lat="46.543269" lon="7.7688932"></trkpt><trkpt lat="46.5432157" lon="7.7691063"></trkpt><trkpt lat="46.5425318" lon="7.7692218"></trkpt><trkpt lat="46.5423631" lon="7.7694616"></trkpt><trkpt lat="46.5423098" lon="7.7697369"></trkpt><trkpt lat="46.5421766" lon="7.7697635"></trkpt><trkpt lat="46.54211" lon="7.7697463"></trkpt><trkpt lat="46.5420224" lon="7.7697765"></trkpt><trkpt lat="46.5419642" lon="7.7697118"></trkpt><trkpt lat="46.5419347" lon="7.7696606"></trkpt><trkpt lat="46.5419067" lon="7.7696609"></trkpt><trkpt lat="46.5419006" lon="7.76969"></trkpt><trkpt lat="46.5418764" lon="7.7697126"></trkpt><trkpt lat="46.5418556" lon="7.7697294"></trkpt><trkpt lat="46.5418581" lon="7.7697478"></trkpt><trkpt lat="46.5418954" lon="7.7697946"></trkpt><trkpt lat="46.5418992" lon="7.7698642"></trkpt><trkpt lat="46.5418447" lon="7.7700739"></trkpt><trkpt lat="46.54177" lon="7.7702187"></trkpt><trkpt lat="46.5416575" lon="7.7702735"></trkpt><trkpt lat="46.5415652" lon="7.7704395"></trkpt><trkpt lat="46.5415179" lon="7.7704286"></trkpt><trkpt lat="46.5413281" lon="7.7704483"></trkpt><trkpt lat="46.5412413" lon="7.7704897"></trkpt><trkpt lat="46.5411417" lon="7.7706818"></trkpt><trkpt lat="46.5410684" lon="7.7707307"></trkpt><trkpt lat="46.5410407" lon="7.7706883"></trkpt><trkpt lat="46.541013" lon="7.7705259"></trkpt><trkpt lat="46.5409646" lon="7.7704869"></trkpt><trkpt lat="46.5408764" lon="7.7704969"></trkpt><trkpt lat="46.5407789" lon="7.770469"></trkpt><trkpt lat="46.5407524" lon="7.7705105"></trkpt><trkpt lat="46.5407358" lon="7.7705366"></trkpt><trkpt lat="46.5405999" lon="7.7710219"></trkpt><trkpt lat="46.5404811" lon="7.7712379"></trkpt><trkpt lat="46.540245" lon="7.7714096"></trkpt><trkpt lat="46.5401623" lon="7.7712637"></trkpt><trkpt lat="46.5398537" lon="7.7717408"></trkpt><trkpt lat="46.5397552" lon="7.7717482"></trkpt><trkpt lat="46.5396462" lon="7.7719192"></trkpt><trkpt lat="46.5394834" lon="7.7718817"></trkpt><trkpt lat="46.5392347" lon="7.7714449"></trkpt><trkpt lat="46.5389411" lon="7.7714382"></trkpt><trkpt lat="46.5387261" lon="7.770833"></trkpt><trkpt lat="46.5385884" lon="7.7708479"></trkpt><trkpt lat="46.5384234" lon="7.7709359"></trkpt><trkpt lat="46.5383746" lon="7.7709361"></trkpt><trkpt lat="46.5383375" lon="7.7708734"></trkpt><trkpt lat="46.5381501" lon="7.770943"></trkpt><trkpt lat="46.537855" lon="7.7710056"></trkpt><trkpt lat="46.5377151" lon="7.7709361"></trkpt><trkpt lat="46.5375479" lon="7.7709677"></trkpt><trkpt lat="46.5375174" lon="7.7709523"></trkpt><trkpt lat="46.5374828" lon="7.7709308"></trkpt><trkpt lat="46.5374478" lon="7.7708671"></trkpt><trkpt lat="46.5374173" lon="7.7708557"></trkpt><trkpt lat="46.5373906" lon="7.7708202"></trkpt><trkpt lat="46.5373578" lon="7.7707813"></trkpt><trkpt lat="46.5373394" lon="7.7708068"></trkpt><trkpt lat="46.5373025" lon="7.7708324"></trkpt><trkpt lat="46.5372548" lon="7.7708432"></trkpt><trkpt lat="46.5371482" lon="7.7708629"></trkpt><trkpt lat="46.5370464" lon="7.7708166"></trkpt><trkpt lat="46.5369961" lon="7.7708112"></trkpt><trkpt lat="46.5369727" lon="7.7707506"></trkpt><trkpt lat="46.5369335" lon="7.7707042"></trkpt><trkpt lat="46.5368856" lon="7.7707292"></trkpt><trkpt lat="46.5368243" lon="7.7708112"></trkpt><trkpt lat="46.5367163" lon="7.7707506"></trkpt><trkpt lat="46.536575" lon="7.7707505"></trkpt><trkpt lat="46.5365676" lon="7.7707315"></trkpt><trkpt lat="46.5365641" lon="7.7706953"></trkpt><trkpt lat="46.5365877" lon="7.770615"></trkpt><trkpt lat="46.5365689" lon="7.7705859"></trkpt><trkpt lat="46.5364365" lon="7.7705704"></trkpt><trkpt lat="46.536342" lon="7.7705187"></trkpt><trkpt lat="46.5362775" lon="7.7704397"></trkpt><trkpt lat="46.5362439" lon="7.7703421"></trkpt><trkpt lat="46.536239" lon="7.7702279"></trkpt><trkpt lat="46.5361629" lon="7.7701494"></trkpt><trkpt lat="46.5360942" lon="7.7700174"></trkpt><trkpt lat="46.5360902" lon="7.7697465"></trkpt><trkpt lat="46.536077" lon="7.7696464"></trkpt><trkpt lat="46.5360143" lon="7.769584"></trkpt><trkpt lat="46.5359837" lon="7.7696036"></trkpt><trkpt lat="46.5359616" lon="7.7696874"></trkpt><trkpt lat="46.5359248" lon="7.7697106"></trkpt><trkpt lat="46.5358956" lon="7.7697526"></trkpt><trkpt lat="46.5358438" lon="7.7695911"></trkpt><trkpt lat="46.5358382" lon="7.7694908"></trkpt><trkpt lat="46.5358177" lon="7.7694546"></trkpt><trkpt lat="46.5357859" lon="7.769473"></trkpt><trkpt lat="46.5356905" lon="7.769595"></trkpt><trkpt lat="46.5355752" lon="7.7696793"></trkpt><trkpt lat="46.5355451" lon="7.7696678"></trkpt><trkpt lat="46.5355386" lon="7.7696305"></trkpt><trkpt lat="46.5355757" lon="7.769304"></trkpt><trkpt lat="46.5356424" lon="7.769106"></trkpt><trkpt lat="46.5356357" lon="7.7689877"></trkpt><trkpt lat="46.5355966" lon="7.7689433"></trkpt><trkpt lat="46.5355568" lon="7.7689357"></trkpt><trkpt lat="46.5354867" lon="7.7690031"></trkpt><trkpt lat="46.5353993" lon="7.7691029"></trkpt><trkpt lat="46.5353504" lon="7.7690825"></trkpt><trkpt lat="46.5352734" lon="7.7691747"></trkpt><trkpt lat="46.5352096" lon="7.7691583"></trkpt><trkpt lat="46.5351482" lon="7.769159"></trkpt><trkpt lat="46.535049" lon="7.7692648"></trkpt><trkpt lat="46.5349897" lon="7.7693972"></trkpt><trkpt lat="46.5348583" lon="7.7694879"></trkpt><trkpt lat="46.5347786" lon="7.7694922"></trkpt><trkpt lat="46.534758" lon="7.769448"></trkpt><trkpt lat="46.5347399" lon="7.7694496"></trkpt><trkpt lat="46.5346948" lon="7.7694923"></trkpt><trkpt lat="46.5346553" lon="7.7695284"></trkpt><trkpt lat="46.534627" lon="7.7695678"></trkpt><trkpt lat="46.534618" lon="7.7696105"></trkpt><trkpt lat="46.5345966" lon="7.7696088"></trkpt><trkpt lat="46.5345842" lon="7.7696006"></trkpt><trkpt lat="46.5345808" lon="7.7695727"></trkpt><trkpt lat="46.5345887" lon="7.7695153"></trkpt><trkpt lat="46.5345864" lon="7.7694825"></trkpt><trkpt lat="46.5345695" lon="7.7694693"></trkpt><trkpt lat="46.5345413" lon="7.7694939"></trkpt><trkpt lat="46.5344972" lon="7.7695941"></trkpt><trkpt lat="46.5344634" lon="7.769681"></trkpt><trkpt lat="46.5344476" lon="7.769768"></trkpt><trkpt lat="46.5344351" lon="7.7698205"></trkpt><trkpt lat="46.5344261" lon="7.7698435"></trkpt><trkpt lat="46.5344058" lon="7.7698451"></trkpt><trkpt lat="46.53439" lon="7.7698238"></trkpt><trkpt lat="46.534381" lon="7.7697746"></trkpt><trkpt lat="46.5343798" lon="7.7697237"></trkpt><trkpt lat="46.5343721" lon="7.7697015"></trkpt><trkpt lat="46.5343627" lon="7.769675"></trkpt><trkpt lat="46.5343374" lon="7.7696717"></trkpt><trkpt lat="46.5343182" lon="7.7696808"></trkpt><trkpt lat="46.5342048" lon="7.7696613"></trkpt><trkpt lat="46.5341887" lon="7.7696442"></trkpt><trkpt lat="46.5341718" lon="7.7696025"></trkpt><trkpt lat="46.5341313" lon="7.7696109"></trkpt><trkpt lat="46.5340654" lon="7.7696229"></trkpt><trkpt lat="46.5340037" lon="7.7696561"></trkpt><trkpt lat="46.534002" lon="7.7696885"></trkpt><trkpt lat="46.5339894" lon="7.7697197"></trkpt><trkpt lat="46.5339733" lon="7.769723"></trkpt><trkpt lat="46.5339581" lon="7.7697153"></trkpt><trkpt lat="46.5338875" lon="7.7696103"></trkpt><trkpt lat="46.5337967" lon="7.7696055"></trkpt><trkpt lat="46.5337449" lon="7.7695887"></trkpt><trkpt lat="46.5337243" lon="7.7695549"></trkpt><trkpt lat="46.5336959" lon="7.7695476"></trkpt><trkpt lat="46.5334974" lon="7.7693271"></trkpt><trkpt lat="46.5334558" lon="7.7692678"></trkpt><trkpt lat="46.5334368" lon="7.7692331"></trkpt><trkpt lat="46.5334129" lon="7.7692053"></trkpt><trkpt lat="46.5333939" lon="7.7691693"></trkpt><trkpt lat="46.53335" lon="7.7691259"></trkpt><trkpt lat="46.5333473" lon="7.768951"></trkpt><trkpt lat="46.533336" lon="7.7688996"></trkpt><trkpt lat="46.5333075" lon="7.7688702"></trkpt><trkpt lat="46.5332335" lon="7.7688211"></trkpt><trkpt lat="46.5331772" lon="7.768758"></trkpt><trkpt lat="46.5331208" lon="7.7687217"></trkpt><trkpt lat="46.5330756" lon="7.768715"></trkpt><trkpt lat="46.5330303" lon="7.768735"></trkpt><trkpt lat="46.5330186" lon="7.7687486"></trkpt><trkpt lat="46.5329637" lon="7.7688248"></trkpt><trkpt lat="46.5329145" lon="7.7688912"></trkpt><trkpt lat="46.5328984" lon="7.7688675"></trkpt><trkpt lat="46.5328764" lon="7.7688676"></trkpt><trkpt lat="46.5327887" lon="7.7689577"></trkpt><trkpt lat="46.5326432" lon="7.769123"></trkpt><trkpt lat="46.5326" lon="7.7692104"></trkpt><trkpt lat="46.5325224" lon="7.7694479"></trkpt><trkpt lat="46.5324983" lon="7.7695143"></trkpt><trkpt lat="46.5324526" lon="7.7696131"></trkpt><trkpt lat="46.5323729" lon="7.7696977"></trkpt><trkpt lat="46.5322031" lon="7.7698667"></trkpt><trkpt lat="46.5321274" lon="7.7698837"></trkpt><trkpt lat="46.5320273" lon="7.7698874"></trkpt><trkpt lat="46.5319157" lon="7.7699115"></trkpt><trkpt lat="46.5317575" lon="7.769986"></trkpt><trkpt lat="46.5316448" lon="7.7701023"></trkpt><trkpt lat="46.5315766" lon="7.7702259"></trkpt><trkpt lat="46.5315426" lon="7.7703131"></trkpt><trkpt lat="46.5315097" lon="7.7703843"></trkpt><trkpt lat="46.5314755" lon="7.7704353"></trkpt><trkpt lat="46.5314349" lon="7.7704742"></trkpt><trkpt lat="46.5313454" lon="7.7705238"></trkpt><trkpt lat="46.5312041" lon="7.7706058"></trkpt><trkpt lat="46.5310575" lon="7.7707525"></trkpt><trkpt lat="46.53084" lon="7.7710271"></trkpt><trkpt lat="46.5307248" lon="7.7711522"></trkpt><trkpt lat="46.5306835" lon="7.7712125"></trkpt><trkpt lat="46.5306566" lon="7.7712976"></trkpt><trkpt lat="46.5306297" lon="7.7715625"></trkpt><trkpt lat="46.5304734" lon="7.7717305"></trkpt><trkpt lat="46.530342" lon="7.7718602"></trkpt><trkpt lat="46.5301801" lon="7.7720148"></trkpt><trkpt lat="46.5299959" lon="7.772092"></trkpt><trkpt lat="46.5297201" lon="7.7721855"></trkpt><trkpt lat="46.5295995" lon="7.7722718"></trkpt><trkpt lat="46.529467" lon="7.7722815"></trkpt><trkpt lat="46.5292664" lon="7.7724311"></trkpt><trkpt lat="46.5291621" lon="7.7726651"></trkpt><trkpt lat="46.5288179" lon="7.7726658"></trkpt><trkpt lat="46.5286571" lon="7.7726578"></trkpt><trkpt lat="46.5285529" lon="7.7726637"></trkpt><trkpt lat="46.5285086" lon="7.7727741"></trkpt><trkpt lat="46.5284789" lon="7.7727785"></trkpt><trkpt lat="46.5284658" lon="7.7727243"></trkpt><trkpt lat="46.5284163" lon="7.7726975"></trkpt><trkpt lat="46.528396" lon="7.7727052"></trkpt><trkpt lat="46.5283817" lon="7.7727832"></trkpt><trkpt lat="46.5282841" lon="7.7728018"></trkpt><trkpt lat="46.5279865" lon="7.7727799"></trkpt><trkpt lat="46.5274297" lon="7.7727078"></trkpt><trkpt lat="46.5272693" lon="7.7726853"></trkpt><trkpt lat="46.5269808" lon="7.7727044"></trkpt><trkpt lat="46.5268559" lon="7.7728026"></trkpt><trkpt lat="46.526644" lon="7.7728214"></trkpt><trkpt lat="46.5264642" lon="7.7727608"></trkpt><trkpt lat="46.5262853" lon="7.7727072"></trkpt><trkpt lat="46.5260004" lon="7.7724902"></trkpt><trkpt lat="46.5254364" lon="7.7722028"></trkpt><trkpt lat="46.525173" lon="7.7720617"></trkpt><trkpt lat="46.5249755" lon="7.7719953"></trkpt><trkpt lat="46.5245128" lon="7.7719585"></trkpt><trkpt lat="46.52436" lon="7.7718634"></trkpt><trkpt lat="46.5243149" lon="7.7718609"></trkpt><trkpt lat="46.5242457" lon="7.7719294"></trkpt><trkpt lat="46.5242125" lon="7.7718644"></trkpt><trkpt lat="46.5240836" lon="7.7718059"></trkpt><trkpt lat="46.5239945" lon="7.771804"></trkpt><trkpt lat="46.5239286" lon="7.7718757"></trkpt><trkpt lat="46.5238566" lon="7.7719742"></trkpt><trkpt lat="46.5237445" lon="7.7720539"></trkpt><trkpt lat="46.5236342" lon="7.7720801"></trkpt><trkpt lat="46.5235443" lon="7.7720332"></trkpt><trkpt lat="46.5235053" lon="7.7719249"></trkpt><trkpt lat="46.5234096" lon="7.7719921"></trkpt><trkpt lat="46.5233615" lon="7.771862"></trkpt><trkpt lat="46.5232626" lon="7.7719129"></trkpt><trkpt lat="46.5232312" lon="7.7718065"></trkpt><trkpt lat="46.5231711" lon="7.7718424"></trkpt><trkpt lat="46.5231538" lon="7.7717218"></trkpt><trkpt lat="46.5230876" lon="7.7717639"></trkpt><trkpt lat="46.5230545" lon="7.7717016"></trkpt><trkpt lat="46.5230368" lon="7.7715963"></trkpt><trkpt lat="46.5230247" lon="7.7715732"></trkpt><trkpt lat="46.5229945" lon="7.7715459"></trkpt><trkpt lat="46.5228979" lon="7.7715812"></trkpt><trkpt lat="46.522801" lon="7.7715695"></trkpt><trkpt lat="46.5227032" lon="7.7717089"></trkpt><trkpt lat="46.522679" lon="7.7716209"></trkpt><trkpt lat="46.5226145" lon="7.7716864"></trkpt><trkpt lat="46.5225646" lon="7.7716315"></trkpt><trkpt lat="46.522493" lon="7.7715502"></trkpt><trkpt lat="46.5223672" lon="7.7715548"></trkpt><trkpt lat="46.5222731" lon="7.7716912"></trkpt><trkpt lat="46.5221569" lon="7.7717019"></trkpt><trkpt lat="46.521964" lon="7.7718427"></trkpt><trkpt lat="46.5218326" lon="7.771841"></trkpt><trkpt lat="46.5217958" lon="7.7718466"></trkpt><trkpt lat="46.5217" lon="7.7718184"></trkpt><trkpt lat="46.521678" lon="7.7717763"></trkpt><trkpt lat="46.5216667" lon="7.7717754"></trkpt><trkpt lat="46.521645" lon="7.7718104"></trkpt><trkpt lat="46.5215705" lon="7.7719393"></trkpt><trkpt lat="46.521516" lon="7.7719926"></trkpt><trkpt lat="46.5214002" lon="7.7721275"></trkpt><trkpt lat="46.5212418" lon="7.7722518"></trkpt><trkpt lat="46.5209876" lon="7.7722864"></trkpt><trkpt lat="46.5207977" lon="7.7722612"></trkpt><trkpt lat="46.5207528" lon="7.7722739"></trkpt><trkpt lat="46.520725" lon="7.7723751"></trkpt><trkpt lat="46.5207148" lon="7.7724058"></trkpt><trkpt lat="46.5207063" lon="7.7724242"></trkpt><trkpt lat="46.5206942" lon="7.7724023"></trkpt><trkpt lat="46.520687" lon="7.7723777"></trkpt><trkpt lat="46.5206791" lon="7.7723803"></trkpt><trkpt lat="46.5206628" lon="7.7724339"></trkpt><trkpt lat="46.5206537" lon="7.7724365"></trkpt><trkpt lat="46.5206398" lon="7.7724137"></trkpt><trkpt lat="46.520612" lon="7.7723803"></trkpt><trkpt lat="46.5205896" lon="7.7723267"></trkpt><trkpt lat="46.5205727" lon="7.7722819"></trkpt><trkpt lat="46.52056" lon="7.7722512"></trkpt><trkpt lat="46.520539" lon="7.7722715"></trkpt><trkpt lat="46.5205181" lon="7.7723202"></trkpt><trkpt lat="46.5205084" lon="7.7723325"></trkpt><trkpt lat="46.5204812" lon="7.77238"></trkpt><trkpt lat="46.5204588" lon="7.7723993"></trkpt><trkpt lat="46.5204588" lon="7.7723325"></trkpt><trkpt lat="46.5204467" lon="7.772329"></trkpt><trkpt lat="46.5203917" lon="7.7723729"></trkpt><trkpt lat="46.5203766" lon="7.7723738"></trkpt><trkpt lat="46.5203736" lon="7.7723475"></trkpt><trkpt lat="46.5203694" lon="7.7723185"></trkpt><trkpt lat="46.5203458" lon="7.772264"></trkpt><trkpt lat="46.5203162" lon="7.7722333"></trkpt><trkpt lat="46.5202811" lon="7.7722412"></trkpt><trkpt lat="46.5202183" lon="7.7723308"></trkpt><trkpt lat="46.520205" lon="7.7723325"></trkpt><trkpt lat="46.5202007" lon="7.7723115"></trkpt><trkpt lat="46.5201941" lon="7.7722921"></trkpt><trkpt lat="46.5201741" lon="7.7723018"></trkpt><trkpt lat="46.5201488" lon="7.7723378"></trkpt><trkpt lat="46.520127" lon="7.7723905"></trkpt><trkpt lat="46.5200998" lon="7.7723773"></trkpt><trkpt lat="46.5200998" lon="7.7723571"></trkpt><trkpt lat="46.5201131" lon="7.7723229"></trkpt><trkpt lat="46.5201159" lon="7.7722497"></trkpt><trkpt lat="46.5201144" lon="7.7722113"></trkpt><trkpt lat="46.520108" lon="7.772193"></trkpt><trkpt lat="46.5201026" lon="7.7721805"></trkpt><trkpt lat="46.5200954" lon="7.7721835"></trkpt><trkpt lat="46.5200877" lon="7.7722447"></trkpt><trkpt lat="46.5200817" lon="7.7722658"></trkpt><trkpt lat="46.5200659" lon="7.7723238"></trkpt><trkpt lat="46.5200575" lon="7.7722798"></trkpt><trkpt lat="46.5200303" lon="7.7723273"></trkpt><trkpt lat="46.5200248" lon="7.7722517"></trkpt><trkpt lat="46.5199934" lon="7.7722658"></trkpt><trkpt lat="46.5200001" lon="7.7722157"></trkpt><trkpt lat="46.5199892" lon="7.7722069"></trkpt><trkpt lat="46.5199813" lon="7.7721753"></trkpt><trkpt lat="46.5199698" lon="7.7721305"></trkpt><trkpt lat="46.5199511" lon="7.7721226"></trkpt><trkpt lat="46.5199348" lon="7.7720936"></trkpt><trkpt lat="46.5199438" lon="7.7720576"></trkpt><trkpt lat="46.519936" lon="7.7720435"></trkpt><trkpt lat="46.5199251" lon="7.7720453"></trkpt><trkpt lat="46.5199009" lon="7.7720673"></trkpt><trkpt lat="46.5198465" lon="7.7720901"></trkpt><trkpt lat="46.519803" lon="7.7721121"></trkpt><trkpt lat="46.5197921" lon="7.7720998"></trkpt><trkpt lat="46.5197909" lon="7.7720629"></trkpt><trkpt lat="46.5197758" lon="7.77204"></trkpt><trkpt lat="46.5197498" lon="7.7720295"></trkpt><trkpt lat="46.5197281" lon="7.7720137"></trkpt><trkpt lat="46.5197196" lon="7.771975"></trkpt><trkpt lat="46.5197141" lon="7.7718837"></trkpt><trkpt lat="46.5197021" lon="7.7718687"></trkpt><trkpt lat="46.5196803" lon="7.7718881"></trkpt><trkpt lat="46.5195927" lon="7.7719223"></trkpt><trkpt lat="46.5195648" lon="7.7719434"></trkpt><trkpt lat="46.5195509" lon="7.7719329"></trkpt><trkpt lat="46.5195503" lon="7.7719047"></trkpt><trkpt lat="46.5195558" lon="7.7718503"></trkpt><trkpt lat="46.5195491" lon="7.7717976"></trkpt><trkpt lat="46.5195256" lon="7.7717378"></trkpt><trkpt lat="46.5195129" lon="7.7717238"></trkpt><trkpt lat="46.5194814" lon="7.7717414"></trkpt><trkpt lat="46.5194319" lon="7.7717888"></trkpt><trkpt lat="46.5194046" lon="7.7718331"></trkpt><trkpt lat="46.5193877" lon="7.7719047"></trkpt><trkpt lat="46.519366" lon="7.7719197"></trkpt><trkpt lat="46.5193319" lon="7.7718141"></trkpt><trkpt lat="46.5193237" lon="7.7717897"></trkpt><trkpt lat="46.5193055" lon="7.7717958"></trkpt><trkpt lat="46.5192965" lon="7.7718362"></trkpt><trkpt lat="46.5192941" lon="7.7718801"></trkpt><trkpt lat="46.5192747" lon="7.7719091"></trkpt><trkpt lat="46.519233" lon="7.77191"></trkpt><trkpt lat="46.5192227" lon="7.7718696"></trkpt><trkpt lat="46.5192131" lon="7.771831"></trkpt><trkpt lat="46.5192058" lon="7.7717607"></trkpt><trkpt lat="46.5191955" lon="7.7717159"></trkpt><trkpt lat="46.5191816" lon="7.7717194"></trkpt><trkpt lat="46.5191587" lon="7.7717422"></trkpt><trkpt lat="46.5191321" lon="7.771751"></trkpt><trkpt lat="46.5190916" lon="7.7717756"></trkpt><trkpt lat="46.5190607" lon="7.7717677"></trkpt><trkpt lat="46.5190644" lon="7.7717036"></trkpt><trkpt lat="46.5190559" lon="7.7716263"></trkpt><trkpt lat="46.5190498" lon="7.7715578"></trkpt><trkpt lat="46.5190287" lon="7.7715393"></trkpt><trkpt lat="46.5190106" lon="7.7715059"></trkpt><trkpt lat="46.5189997" lon="7.7714787"></trkpt><trkpt lat="46.5189864" lon="7.7715068"></trkpt><trkpt lat="46.5189374" lon="7.7715446"></trkpt><trkpt lat="46.5189205" lon="7.7715411"></trkpt><trkpt lat="46.5189226" lon="7.7714902"></trkpt><trkpt lat="46.5188964" lon="7.7714341"></trkpt><trkpt lat="46.5188747" lon="7.7714097"></trkpt><trkpt lat="46.5188583" lon="7.7714016"></trkpt><trkpt lat="46.5188448" lon="7.7714242"></trkpt><trkpt lat="46.5187856" lon="7.7714875"></trkpt><trkpt lat="46.5187443" lon="7.7714411"></trkpt><trkpt lat="46.5186751" lon="7.7714648"></trkpt><trkpt lat="46.5186684" lon="7.771356"></trkpt><trkpt lat="46.5186012" lon="7.7713974"></trkpt><trkpt lat="46.5185362" lon="7.7714357"></trkpt><trkpt lat="46.5185019" lon="7.7714312"></trkpt><trkpt lat="46.5185038" lon="7.7713745"></trkpt><trkpt lat="46.5184937" lon="7.771245"></trkpt><trkpt lat="46.5184424" lon="7.7712661"></trkpt><trkpt lat="46.5183856" lon="7.7712589"></trkpt><trkpt lat="46.5183699" lon="7.7711762"></trkpt><trkpt lat="46.5183336" lon="7.7711952"></trkpt><trkpt lat="46.5183323" lon="7.7711067"></trkpt><trkpt lat="46.5182558" lon="7.7710755"></trkpt><trkpt lat="46.5182031" lon="7.7710416"></trkpt><trkpt lat="46.5181481" lon="7.7710995"></trkpt><trkpt lat="46.5181363" lon="7.7710385"></trkpt><trkpt lat="46.5181099" lon="7.7710903"></trkpt><trkpt lat="46.5180945" lon="7.7710504"></trkpt><trkpt lat="46.5180542" lon="7.7710871"></trkpt><trkpt lat="46.5180381" lon="7.7710629"></trkpt><trkpt lat="46.5180016" lon="7.7710647"></trkpt><trkpt lat="46.5179635" lon="7.7710055"></trkpt><trkpt lat="46.5179411" lon="7.7709938"></trkpt><trkpt lat="46.5179459" lon="7.7710586"></trkpt><trkpt lat="46.517898" lon="7.7711085"></trkpt><trkpt lat="46.5178911" lon="7.7711318"></trkpt><trkpt lat="46.5178833" lon="7.7711555"></trkpt><trkpt lat="46.5178651" lon="7.7711897"></trkpt><trkpt lat="46.5178494" lon="7.771224"></trkpt><trkpt lat="46.5178397" lon="7.7712565"></trkpt><trkpt lat="46.5178422" lon="7.7713004"></trkpt><trkpt lat="46.5178186" lon="7.7713672"></trkpt><trkpt lat="46.517821" lon="7.7713988"></trkpt><trkpt lat="46.517798" lon="7.7714419"></trkpt><trkpt lat="46.517792" lon="7.7714656"></trkpt><trkpt lat="46.5178029" lon="7.7715271"></trkpt><trkpt lat="46.5178059" lon="7.7715552"></trkpt><trkpt lat="46.5177944" lon="7.7716009"></trkpt><trkpt lat="46.517798" lon="7.7716325"></trkpt><trkpt lat="46.5178071" lon="7.7717151"></trkpt><trkpt lat="46.5178174" lon="7.7717511"></trkpt><trkpt lat="46.5178168" lon="7.7717871"></trkpt><trkpt lat="46.5177974" lon="7.7718328"></trkpt><trkpt lat="46.5177491" lon="7.7719066"></trkpt><trkpt lat="46.5177388" lon="7.7719197"></trkpt><trkpt lat="46.5177285" lon="7.7719118"></trkpt><trkpt lat="46.5177261" lon="7.7718793"></trkpt><trkpt lat="46.5177201" lon="7.7718328"></trkpt><trkpt lat="46.5176941" lon="7.7718178"></trkpt><trkpt lat="46.5176439" lon="7.7717669"></trkpt><trkpt lat="46.5176076" lon="7.7717265"></trkpt><trkpt lat="46.517572" lon="7.7716483"></trkpt><trkpt lat="46.5175556" lon="7.7716659"></trkpt><trkpt lat="46.5175502" lon="7.7716334"></trkpt><trkpt lat="46.5174813" lon="7.7715341"></trkpt><trkpt lat="46.5174752" lon="7.7715025"></trkpt><trkpt lat="46.5174523" lon="7.7714682"></trkpt><trkpt lat="46.5174429" lon="7.7713957"></trkpt><trkpt lat="46.5174148" lon="7.7713153"></trkpt><trkpt lat="46.5173369" lon="7.7714674"></trkpt><trkpt lat="46.5172845" lon="7.7715272"></trkpt><trkpt lat="46.5172746" lon="7.7714863"></trkpt><trkpt lat="46.5172266" lon="7.7715327"></trkpt><trkpt lat="46.5172137" lon="7.7714654"></trkpt><trkpt lat="46.5171715" lon="7.7714861"></trkpt><trkpt lat="46.5171837" lon="7.771434"></trkpt><trkpt lat="46.5171491" lon="7.7714308"></trkpt><trkpt lat="46.5171496" lon="7.7713903"></trkpt><trkpt lat="46.5171096" lon="7.7714044"></trkpt><trkpt lat="46.5171055" lon="7.7713517"></trkpt><trkpt lat="46.5170646" lon="7.7713731"></trkpt><trkpt lat="46.5170548" lon="7.7712926"></trkpt><trkpt lat="46.5170337" lon="7.7713256"></trkpt><trkpt lat="46.5169151" lon="7.771277"></trkpt><trkpt lat="46.5168269" lon="7.7714308"></trkpt><trkpt lat="46.516762" lon="7.7714766"></trkpt><trkpt lat="46.516707" lon="7.7714921"></trkpt><trkpt lat="46.5166033" lon="7.7715164"></trkpt><trkpt lat="46.5165305" lon="7.771555"></trkpt><trkpt lat="46.5164944" lon="7.7715643"></trkpt><trkpt lat="46.5163735" lon="7.7717273"></trkpt><trkpt lat="46.5163609" lon="7.7717625"></trkpt><trkpt lat="46.5163582" lon="7.7717984"></trkpt><trkpt lat="46.5163614" lon="7.771842"></trkpt><trkpt lat="46.5163672" lon="7.7718627"></trkpt><trkpt lat="46.5163719" lon="7.7718841"></trkpt><trkpt lat="46.5163688" lon="7.7718971"></trkpt><trkpt lat="46.5163603" lon="7.7719001"></trkpt><trkpt lat="46.516334" lon="7.7718848"></trkpt><trkpt lat="46.5163025" lon="7.7718772"></trkpt><trkpt lat="46.5162746" lon="7.7718772"></trkpt><trkpt lat="46.5162488" lon="7.7718466"></trkpt><trkpt lat="46.5162367" lon="7.7718237"></trkpt><trkpt lat="46.5162356" lon="7.7717961"></trkpt><trkpt lat="46.5162225" lon="7.7717824"></trkpt><trkpt lat="46.5162046" lon="7.7717824"></trkpt><trkpt lat="46.5161883" lon="7.7718015"></trkpt><trkpt lat="46.5161841" lon="7.7718336"></trkpt><trkpt lat="46.5161914" lon="7.7718604"></trkpt><trkpt lat="46.5162098" lon="7.7718833"></trkpt><trkpt lat="46.5162219" lon="7.7719208"></trkpt><trkpt lat="46.5162272" lon="7.771946"></trkpt><trkpt lat="46.5162204" lon="7.7719674"></trkpt><trkpt lat="46.5162083" lon="7.7719682"></trkpt><trkpt lat="46.5162009" lon="7.7719651"></trkpt><trkpt lat="46.5161804" lon="7.7719751"></trkpt><trkpt lat="46.5161535" lon="7.7719475"></trkpt><trkpt lat="46.5161398" lon="7.7719628"></trkpt><trkpt lat="46.5161393" lon="7.771998"></trkpt><trkpt lat="46.5161346" lon="7.7720294"></trkpt><trkpt lat="46.5161246" lon="7.7720317"></trkpt><trkpt lat="46.5161109" lon="7.7720148"></trkpt><trkpt lat="46.5160951" lon="7.7720018"></trkpt><trkpt lat="46.5160862" lon="7.772008"></trkpt><trkpt lat="46.5160846" lon="7.7720401"></trkpt><trkpt lat="46.5160851" lon="7.7720768"></trkpt><trkpt lat="46.5160772" lon="7.772086"></trkpt><trkpt lat="46.5160651" lon="7.7720814"></trkpt><trkpt lat="46.516013" lon="7.7720347"></trkpt><trkpt lat="46.5159641" lon="7.7719896"></trkpt><trkpt lat="46.5159304" lon="7.7719552"></trkpt><trkpt lat="46.5159162" lon="7.7719452"></trkpt><trkpt lat="46.5158994" lon="7.771946"></trkpt><trkpt lat="46.5158841" lon="7.7719659"></trkpt><trkpt lat="46.5158694" lon="7.7719697"></trkpt><trkpt lat="46.5158688" lon="7.7720049"></trkpt><trkpt lat="46.5158641" lon="7.7720248"></trkpt><trkpt lat="46.5158378" lon="7.7720255"></trkpt><trkpt lat="46.5158067" lon="7.7720202"></trkpt><trkpt lat="46.515762" lon="7.7720125"></trkpt><trkpt lat="46.5157462" lon="7.7720057"></trkpt><trkpt lat="46.515722" lon="7.7720026"></trkpt><trkpt lat="46.5156999" lon="7.7719774"></trkpt><trkpt lat="46.515651" lon="7.7719483"></trkpt><trkpt lat="46.5156004" lon="7.7719537"></trkpt><trkpt lat="46.5155294" lon="7.7719636"></trkpt><trkpt lat="46.5154431" lon="7.7719743"></trkpt><trkpt lat="46.515422" lon="7.771982"></trkpt><trkpt lat="46.5153926" lon="7.7719888"></trkpt><trkpt lat="46.5153289" lon="7.7719935"></trkpt><trkpt lat="46.5152931" lon="7.7719758"></trkpt><trkpt lat="46.5152552" lon="7.7719475"></trkpt><trkpt lat="46.5152247" lon="7.7719445"></trkpt><trkpt lat="46.5152063" lon="7.7719353"></trkpt><trkpt lat="46.5151879" lon="7.7719101"></trkpt><trkpt lat="46.515161" lon="7.7719085"></trkpt><trkpt lat="46.5151289" lon="7.7719139"></trkpt><trkpt lat="46.5151205" lon="7.7718879"></trkpt><trkpt lat="46.5150979" lon="7.7718711"></trkpt><trkpt lat="46.51507" lon="7.771865"></trkpt><trkpt lat="46.5150158" lon="7.7718451"></trkpt><trkpt lat="46.5149689" lon="7.7718244"></trkpt><trkpt lat="46.5149326" lon="7.7717969"></trkpt><trkpt lat="46.5148863" lon="7.7717816"></trkpt><trkpt lat="46.5148453" lon="7.7717602"></trkpt><trkpt lat="46.5147916" lon="7.7717617"></trkpt><trkpt lat="46.5147674" lon="7.7717602"></trkpt><trkpt lat="46.5147379" lon="7.7717395"></trkpt><trkpt lat="46.5146969" lon="7.7717189"></trkpt><trkpt lat="46.5146521" lon="7.7717166"></trkpt><trkpt lat="46.514609" lon="7.7717189"></trkpt><trkpt lat="46.51457" lon="7.7717227"></trkpt><trkpt lat="46.5145327" lon="7.7717059"></trkpt><trkpt lat="46.514499" lon="7.7716975"></trkpt><trkpt lat="46.5144648" lon="7.771686"></trkpt><trkpt lat="46.5144127" lon="7.7716822"></trkpt><trkpt lat="46.5143732" lon="7.7716914"></trkpt><trkpt lat="46.5143501" lon="7.7716738"></trkpt><trkpt lat="46.514319" lon="7.7716501"></trkpt><trkpt lat="46.5142743" lon="7.7716126"></trkpt><trkpt lat="46.5142285" lon="7.7715789"></trkpt><trkpt lat="46.5141622" lon="7.7715277"></trkpt><trkpt lat="46.5141232" lon="7.7714956"></trkpt><trkpt lat="46.5141017" lon="7.7714619"></trkpt><trkpt lat="46.5140506" lon="7.7714206"></trkpt><trkpt lat="46.5140127" lon="7.7713939"></trkpt><trkpt lat="46.5139659" lon="7.7713671"></trkpt><trkpt lat="46.5139348" lon="7.7713488"></trkpt><trkpt lat="46.5139306" lon="7.771335"></trkpt><trkpt lat="46.5139354" lon="7.7713166"></trkpt><trkpt lat="46.513948" lon="7.7713029"></trkpt><trkpt lat="46.5139727" lon="7.7712838"></trkpt><trkpt lat="46.5140022" lon="7.7712608"></trkpt><trkpt lat="46.5140385" lon="7.7712608"></trkpt><trkpt lat="46.514058" lon="7.7712654"></trkpt><trkpt lat="46.5140811" lon="7.7712708"></trkpt><trkpt lat="46.514088" lon="7.7712601"></trkpt><trkpt lat="46.5140827" lon="7.7712325"></trkpt><trkpt lat="46.5140822" lon="7.7712218"></trkpt><trkpt lat="46.5140943" lon="7.7712172"></trkpt><trkpt lat="46.5141285" lon="7.7712126"></trkpt><trkpt lat="46.5141553" lon="7.7712134"></trkpt><trkpt lat="46.5141727" lon="7.7712042"></trkpt><trkpt lat="46.5141764" lon="7.7711782"></trkpt><trkpt lat="46.5141617" lon="7.7711629"></trkpt><trkpt lat="46.5141175" lon="7.7711576"></trkpt><trkpt lat="46.5140932" lon="7.7711301"></trkpt><trkpt lat="46.5140638" lon="7.7711163"></trkpt><trkpt lat="46.5140343" lon="7.7711148"></trkpt><trkpt lat="46.5139885" lon="7.7711193"></trkpt><trkpt lat="46.513958" lon="7.7711155"></trkpt><trkpt lat="46.5139369" lon="7.7710941"></trkpt><trkpt lat="46.5138733" lon="7.7710482"></trkpt><trkpt lat="46.5138333" lon="7.7710069"></trkpt><trkpt lat="46.5137933" lon="7.7709679"></trkpt><trkpt lat="46.5137685" lon="7.7709373"></trkpt><trkpt lat="46.5137338" lon="7.770909"></trkpt><trkpt lat="46.513708" lon="7.7709068"></trkpt><trkpt lat="46.5136612" lon="7.7709266"></trkpt><trkpt lat="46.513627" lon="7.7709251"></trkpt><trkpt lat="46.5135838" lon="7.7709136"></trkpt><trkpt lat="46.5135491" lon="7.7708899"></trkpt><trkpt lat="46.5135128" lon="7.7708792"></trkpt><trkpt lat="46.5134638" lon="7.770867"></trkpt><trkpt lat="46.5134128" lon="7.7708762"></trkpt><trkpt lat="46.5133565" lon="7.7708693"></trkpt><trkpt lat="46.5132917" lon="7.7708548"></trkpt><trkpt lat="46.5132323" lon="7.7708616"></trkpt><trkpt lat="46.5131996" lon="7.770854"></trkpt><trkpt lat="46.5131496" lon="7.7708471"></trkpt><trkpt lat="46.513086" lon="7.7708303"></trkpt><trkpt lat="46.5130291" lon="7.7708318"></trkpt><trkpt lat="46.5129944" lon="7.7708188"></trkpt><trkpt lat="46.5129476" lon="7.7708142"></trkpt><trkpt lat="46.5129223" lon="7.770805"></trkpt><trkpt lat="46.5129012" lon="7.7707882"></trkpt><trkpt lat="46.5128944" lon="7.7707737"></trkpt><trkpt lat="46.5129007" lon="7.7707584"></trkpt><trkpt lat="46.512916" lon="7.7707416"></trkpt><trkpt lat="46.5129418" lon="7.7707309"></trkpt><trkpt lat="46.5129686" lon="7.7707163"></trkpt><trkpt lat="46.5129876" lon="7.7707117"></trkpt><trkpt lat="46.512996" lon="7.7706942"></trkpt><trkpt lat="46.5129881" lon="7.7706835"></trkpt><trkpt lat="46.5129565" lon="7.7706613"></trkpt><trkpt lat="46.512906" lon="7.7706376"></trkpt><trkpt lat="46.5128502" lon="7.7706024"></trkpt><trkpt lat="46.5128239" lon="7.7705894"></trkpt><trkpt lat="46.5128239" lon="7.7705802"></trkpt><trkpt lat="46.5128349" lon="7.7705703"></trkpt><trkpt lat="46.5128586" lon="7.7705366"></trkpt><trkpt lat="46.5128628" lon="7.7705183"></trkpt><trkpt lat="46.5128572" lon="7.7705018"></trkpt><trkpt lat="46.512671" lon="7.7704833"></trkpt><trkpt lat="46.5126363" lon="7.770455"></trkpt><trkpt lat="46.5125905" lon="7.7704845"></trkpt><trkpt lat="46.5125652" lon="7.7705024"></trkpt><trkpt lat="46.5125678" lon="7.7704848"></trkpt><trkpt lat="46.5125857" lon="7.7704321"></trkpt><trkpt lat="46.5125831" lon="7.7703992"></trkpt><trkpt lat="46.5125689" lon="7.7703961"></trkpt><trkpt lat="46.5125157" lon="7.7704237"></trkpt><trkpt lat="46.5124681" lon="7.7704328"></trkpt><trkpt lat="46.5124964" lon="7.7703615"></trkpt><trkpt lat="46.5124421" lon="7.770376"></trkpt><trkpt lat="46.512351" lon="7.7703881"></trkpt><trkpt lat="46.5122864" lon="7.7703551"></trkpt><trkpt lat="46.5121961" lon="7.77039"></trkpt><trkpt lat="46.5120708" lon="7.7703831"></trkpt><trkpt lat="46.5120162" lon="7.7703469"></trkpt><trkpt lat="46.5119805" lon="7.7703483"></trkpt><trkpt lat="46.5118037" lon="7.770221"></trkpt><trkpt lat="46.5117922" lon="7.7701806"></trkpt><trkpt lat="46.511792" lon="7.7701464"></trkpt><trkpt lat="46.5114268" lon="7.7699844"></trkpt><trkpt lat="46.5113723" lon="7.769984"></trkpt><trkpt lat="46.5112723" lon="7.7701087"></trkpt><trkpt lat="46.5111579" lon="7.7702103"></trkpt><trkpt lat="46.5111319" lon="7.77018"></trkpt><trkpt lat="46.5111386" lon="7.7701262"></trkpt><trkpt lat="46.5111243" lon="7.7701075"></trkpt><trkpt lat="46.5111018" lon="7.7701031"></trkpt><trkpt lat="46.5110212" lon="7.7700977"></trkpt><trkpt lat="46.5109712" lon="7.7701103"></trkpt><trkpt lat="46.5109266" lon="7.7701123"></trkpt><trkpt lat="46.5109065" lon="7.7701084"></trkpt><trkpt lat="46.5108868" lon="7.7700985"></trkpt><trkpt lat="46.510868" lon="7.7700836"></trkpt><trkpt lat="46.5108671" lon="7.7700658"></trkpt><trkpt lat="46.5108742" lon="7.7700556"></trkpt><trkpt lat="46.5109281" lon="7.7700266"></trkpt><trkpt lat="46.5109433" lon="7.7700146"></trkpt><trkpt lat="46.5109595" lon="7.7699957"></trkpt><trkpt lat="46.5109803" lon="7.7699615"></trkpt><trkpt lat="46.5110159" lon="7.7698799"></trkpt><trkpt lat="46.5110401" lon="7.7698075"></trkpt><trkpt lat="46.511054" lon="7.7697828"></trkpt><trkpt lat="46.5110769" lon="7.7697541"></trkpt><trkpt lat="46.5110863" lon="7.7697288"></trkpt><trkpt lat="46.5110743" lon="7.7697242"></trkpt><trkpt lat="46.5110048" lon="7.7697288"></trkpt><trkpt lat="46.5109234" lon="7.7697297"></trkpt><trkpt lat="46.5109042" lon="7.7697291"></trkpt><trkpt lat="46.5109016" lon="7.7697149"></trkpt><trkpt lat="46.5110339" lon="7.7695309"></trkpt><trkpt lat="46.5110673" lon="7.7695003"></trkpt><trkpt lat="46.5111155" lon="7.7694436"></trkpt><trkpt lat="46.5111468" lon="7.7693994"></trkpt><trkpt lat="46.5111931" lon="7.7693549"></trkpt><trkpt lat="46.5112502" lon="7.7693556"></trkpt><trkpt lat="46.5113116" lon="7.769349"></trkpt><trkpt lat="46.5113444" lon="7.769343"></trkpt><trkpt lat="46.5113707" lon="7.7693256"></trkpt><trkpt lat="46.5113895" lon="7.7692891"></trkpt><trkpt lat="46.5114361" lon="7.7692108"></trkpt><trkpt lat="46.5114569" lon="7.7691466"></trkpt><trkpt lat="46.5114814" lon="7.7691336"></trkpt><trkpt lat="46.5115185" lon="7.7690995"></trkpt><trkpt lat="46.5115353" lon="7.7690468"></trkpt><trkpt lat="46.5115615" lon="7.7689966"></trkpt><trkpt lat="46.5116001" lon="7.7689641"></trkpt><trkpt lat="46.5115872" lon="7.7689218"></trkpt><trkpt lat="46.5116345" lon="7.7688638"></trkpt><trkpt lat="46.5116294" lon="7.7688282"></trkpt><trkpt lat="46.5116735" lon="7.7687159"></trkpt><trkpt lat="46.5117373" lon="7.76863"></trkpt><trkpt lat="46.5118063" lon="7.7684874"></trkpt><trkpt lat="46.5118828" lon="7.768306"></trkpt><trkpt lat="46.5119267" lon="7.7682506"></trkpt><trkpt lat="46.5119423" lon="7.7682159"></trkpt><trkpt lat="46.5119591" lon="7.7681598"></trkpt><trkpt lat="46.5120167" lon="7.768064"></trkpt><trkpt lat="46.5120344" lon="7.7680216"></trkpt><trkpt lat="46.5120551" lon="7.767991"></trkpt><trkpt lat="46.5120697" lon="7.767959"></trkpt><trkpt lat="46.5120829" lon="7.7679301"></trkpt><trkpt lat="46.5121001" lon="7.767882"></trkpt><trkpt lat="46.51217" lon="7.7678188"></trkpt><trkpt lat="46.5121726" lon="7.7677934"></trkpt><trkpt lat="46.5121755" lon="7.7677691"></trkpt><trkpt lat="46.5121971" lon="7.7677249"></trkpt><trkpt lat="46.5122185" lon="7.7676951"></trkpt><trkpt lat="46.5122232" lon="7.7676852"></trkpt><trkpt lat="46.512217" lon="7.7676791"></trkpt><trkpt lat="46.5122041" lon="7.7676795"></trkpt><trkpt lat="46.5121868" lon="7.7676824"></trkpt><trkpt lat="46.512166" lon="7.7676934"></trkpt><trkpt lat="46.5121489" lon="7.7676962"></trkpt><trkpt lat="46.5121406" lon="7.7676888"></trkpt><trkpt lat="46.5121403" lon="7.7676711"></trkpt><trkpt lat="46.5121522" lon="7.7676503"></trkpt><trkpt lat="46.5121738" lon="7.7676047"></trkpt><trkpt lat="46.5121813" lon="7.7675776"></trkpt><trkpt lat="46.5121962" lon="7.7675412"></trkpt><trkpt lat="46.5122166" lon="7.7674637"></trkpt><trkpt lat="46.5122278" lon="7.7673973"></trkpt><trkpt lat="46.5122349" lon="7.7673534"></trkpt><trkpt lat="46.512236" lon="7.7673148"></trkpt><trkpt lat="46.5122513" lon="7.7672844"></trkpt><trkpt lat="46.5122596" lon="7.7672379"></trkpt><trkpt lat="46.5122578" lon="7.7672077"></trkpt><trkpt lat="46.5122588" lon="7.7671864"></trkpt><trkpt lat="46.5122693" lon="7.7671717"></trkpt><trkpt lat="46.5122829" lon="7.7671764"></trkpt><trkpt lat="46.5122969" lon="7.7671746"></trkpt><trkpt lat="46.5122965" lon="7.767149"></trkpt><trkpt lat="46.512289" lon="7.7671059"></trkpt><trkpt lat="46.512285" lon="7.7670633"></trkpt><trkpt lat="46.5122793" lon="7.766959"></trkpt><trkpt lat="46.5122831" lon="7.7668409"></trkpt><trkpt lat="46.5122912" lon="7.7667915"></trkpt><trkpt lat="46.5122996" lon="7.7667536"></trkpt><trkpt lat="46.5122975" lon="7.7667417"></trkpt><trkpt lat="46.5122907" lon="7.7667369"></trkpt><trkpt lat="46.5122717" lon="7.7667534"></trkpt><trkpt lat="46.5122587" lon="7.7667734"></trkpt><trkpt lat="46.5122452" lon="7.766791"></trkpt><trkpt lat="46.5122293" lon="7.7668001"></trkpt><trkpt lat="46.5122202" lon="7.7667955"></trkpt><trkpt lat="46.5122154" lon="7.7667845"></trkpt><trkpt lat="46.5122201" lon="7.7667484"></trkpt><trkpt lat="46.5122179" lon="7.766715"></trkpt><trkpt lat="46.5122159" lon="7.7666574"></trkpt><trkpt lat="46.512211" lon="7.7666137"></trkpt><trkpt lat="46.5122062" lon="7.7666012"></trkpt><trkpt lat="46.5122079" lon="7.7665866"></trkpt><trkpt lat="46.5122237" lon="7.766582"></trkpt><trkpt lat="46.5122311" lon="7.7665575"></trkpt><trkpt lat="46.5122289" lon="7.7665299"></trkpt><trkpt lat="46.5122201" lon="7.7665058"></trkpt><trkpt lat="46.5122068" lon="7.766489"></trkpt><trkpt lat="46.5121966" lon="7.7664725"></trkpt><trkpt lat="46.5121897" lon="7.7664542"></trkpt><trkpt lat="46.5121864" lon="7.7663977"></trkpt><trkpt lat="46.5121921" lon="7.7663343"></trkpt><trkpt lat="46.5122014" lon="7.7662828"></trkpt><trkpt lat="46.5122064" lon="7.7662319"></trkpt><trkpt lat="46.5122099" lon="7.7661824"></trkpt><trkpt lat="46.5122114" lon="7.7661101"></trkpt><trkpt lat="46.5122095" lon="7.7660452"></trkpt><trkpt lat="46.5122126" lon="7.7659951"></trkpt><trkpt lat="46.5122187" lon="7.7659596"></trkpt><trkpt lat="46.5122233" lon="7.7659452"></trkpt><trkpt lat="46.5122264" lon="7.7659239"></trkpt><trkpt lat="46.5122227" lon="7.7659166"></trkpt><trkpt lat="46.5122166" lon="7.7659137"></trkpt><trkpt lat="46.5122135" lon="7.7659015"></trkpt><trkpt lat="46.5122169" lon="7.7658673"></trkpt><trkpt lat="46.5122204" lon="7.765793"></trkpt><trkpt lat="46.5122175" lon="7.7657064"></trkpt><trkpt lat="46.5122149" lon="7.7656306"></trkpt><trkpt lat="46.5122165" lon="7.7655815"></trkpt><trkpt lat="46.5122209" lon="7.7655138"></trkpt><trkpt lat="46.5122157" lon="7.765476"></trkpt><trkpt lat="46.512216" lon="7.7654416"></trkpt><trkpt lat="46.5122276" lon="7.7653991"></trkpt><trkpt lat="46.5122329" lon="7.7653604"></trkpt><trkpt lat="46.5122385" lon="7.7653011"></trkpt><trkpt lat="46.5122381" lon="7.7652541"></trkpt><trkpt lat="46.5122424" lon="7.7651971"></trkpt><trkpt lat="46.5122507" lon="7.7651355"></trkpt><trkpt lat="46.5122604" lon="7.7650835"></trkpt><trkpt lat="46.5122687" lon="7.7650284"></trkpt><trkpt lat="46.5122676" lon="7.7649835"></trkpt><trkpt lat="46.5122655" lon="7.7649403"></trkpt><trkpt lat="46.5122748" lon="7.7648934"></trkpt><trkpt lat="46.5122887" lon="7.764833"></trkpt><trkpt lat="46.5122965" lon="7.7647915"></trkpt><trkpt lat="46.5122996" lon="7.7647514"></trkpt><trkpt lat="46.5123015" lon="7.7646948"></trkpt><trkpt lat="46.5123131" lon="7.7646341"></trkpt><trkpt lat="46.5123244" lon="7.7645711"></trkpt><trkpt lat="46.5123257" lon="7.7645339"></trkpt><trkpt lat="46.5123285" lon="7.7644934"></trkpt><trkpt lat="46.5123382" lon="7.7644521"></trkpt><trkpt lat="46.5123422" lon="7.7644227"></trkpt><trkpt lat="46.5123479" lon="7.7643649"></trkpt><trkpt lat="46.5123549" lon="7.7643233"></trkpt><trkpt lat="46.5123542" lon="7.764308"></trkpt><trkpt lat="46.5123483" lon="7.7642994"></trkpt><trkpt lat="46.5123333" lon="7.7642974"></trkpt><trkpt lat="46.5123126" lon="7.7642988"></trkpt><trkpt lat="46.5122851" lon="7.7642967"></trkpt><trkpt lat="46.5122534" lon="7.7642899"></trkpt><trkpt lat="46.5122208" lon="7.7642833"></trkpt><trkpt lat="46.5122027" lon="7.7642826"></trkpt><trkpt lat="46.5121935" lon="7.7642716"></trkpt><trkpt lat="46.5121936" lon="7.7642588"></trkpt><trkpt lat="46.5122025" lon="7.7642412"></trkpt><trkpt lat="46.512217" lon="7.7642088"></trkpt><trkpt lat="46.5122268" lon="7.764182"></trkpt><trkpt lat="46.5122322" lon="7.7641583"></trkpt><trkpt lat="46.5122346" lon="7.7641213"></trkpt><trkpt lat="46.5122544" lon="7.7640766"></trkpt><trkpt lat="46.5122776" lon="7.764027"></trkpt><trkpt lat="46.5123005" lon="7.7639927"></trkpt><trkpt lat="46.5123172" lon="7.7639618"></trkpt><trkpt lat="46.5123342" lon="7.763932"></trkpt><trkpt lat="46.5123527" lon="7.7638828"></trkpt><trkpt lat="46.5123619" lon="7.7638506"></trkpt><trkpt lat="46.5123752" lon="7.7638258"></trkpt><trkpt lat="46.5123799" lon="7.7638101"></trkpt><trkpt lat="46.512376" lon="7.7637899"></trkpt><trkpt lat="46.5123622" lon="7.7637805"></trkpt><trkpt lat="46.5123461" lon="7.7637853"></trkpt><trkpt lat="46.5123298" lon="7.7637777"></trkpt><trkpt lat="46.5123086" lon="7.763763"></trkpt><trkpt lat="46.5122801" lon="7.7637556"></trkpt><trkpt lat="46.5122578" lon="7.7637447"></trkpt><trkpt lat="46.5122442" lon="7.763732"></trkpt><trkpt lat="46.5122247" lon="7.7637122"></trkpt><trkpt lat="46.512212" lon="7.7637008"></trkpt><trkpt lat="46.5122052" lon="7.7636833"></trkpt><trkpt lat="46.5122077" lon="7.7636705"></trkpt><trkpt lat="46.5122196" lon="7.7636578"></trkpt><trkpt lat="46.5122396" lon="7.7636527"></trkpt><trkpt lat="46.5122566" lon="7.7636292"></trkpt><trkpt lat="46.5122842" lon="7.7635836"></trkpt><trkpt lat="46.5123193" lon="7.7635569"></trkpt><trkpt lat="46.5123465" lon="7.7635465"></trkpt><trkpt lat="46.51238" lon="7.7635338"></trkpt><trkpt lat="46.5123975" lon="7.763528"></trkpt><trkpt lat="46.5124119" lon="7.7635233"></trkpt><trkpt lat="46.5124254" lon="7.7635106"></trkpt><trkpt lat="46.5124366" lon="7.7634874"></trkpt><trkpt lat="46.5124366" lon="7.7634607"></trkpt><trkpt lat="46.512435" lon="7.7634086"></trkpt><trkpt lat="46.5124398" lon="7.7633784"></trkpt><trkpt lat="46.512451" lon="7.7633587"></trkpt><trkpt lat="46.5124669" lon="7.7633437"></trkpt><trkpt lat="46.5124805" lon="7.76331"></trkpt><trkpt lat="46.5124805" lon="7.7632811"></trkpt><trkpt lat="46.5124717" lon="7.7632544"></trkpt><trkpt lat="46.5124597" lon="7.7632347"></trkpt><trkpt lat="46.512439" lon="7.7631895"></trkpt><trkpt lat="46.5124222" lon="7.7631431"></trkpt><trkpt lat="46.5124119" lon="7.7630887"></trkpt><trkpt lat="46.5124127" lon="7.7630319"></trkpt><trkpt lat="46.5124238" lon="7.7629739"></trkpt><trkpt lat="46.5124278" lon="7.7629275"></trkpt><trkpt lat="46.5124334" lon="7.7628765"></trkpt><trkpt lat="46.5124366" lon="7.7627792"></trkpt><trkpt lat="46.5124478" lon="7.7627177"></trkpt><trkpt lat="46.5124637" lon="7.7626366"></trkpt><trkpt lat="46.5124821" lon="7.7625497"></trkpt><trkpt lat="46.5124916" lon="7.7624755"></trkpt><trkpt lat="46.5125068" lon="7.7624203"></trkpt><trkpt lat="46.5125036" lon="7.7623712"></trkpt><trkpt lat="46.512498" lon="7.7623155"></trkpt><trkpt lat="46.5124828" lon="7.7622732"></trkpt><trkpt lat="46.5124738" lon="7.7622461"></trkpt><trkpt lat="46.5124674" lon="7.7622188"></trkpt><trkpt lat="46.5124622" lon="7.762194"></trkpt><trkpt lat="46.5124711" lon="7.7621501"></trkpt><trkpt lat="46.5124814" lon="7.762108"></trkpt><trkpt lat="46.5124945" lon="7.7620498"></trkpt><trkpt lat="46.5124987" lon="7.7620054"></trkpt><trkpt lat="46.5124971" lon="7.7619718"></trkpt><trkpt lat="46.5124911" lon="7.7619509"></trkpt><trkpt lat="46.5124772" lon="7.7619394"></trkpt><trkpt lat="46.512462" lon="7.7619081"></trkpt><trkpt lat="46.5124531" lon="7.7618748"></trkpt><trkpt lat="46.5124547" lon="7.7618294"></trkpt><trkpt lat="46.5124511" lon="7.7618096"></trkpt><trkpt lat="46.5124252" lon="7.7617563"></trkpt><trkpt lat="46.512415" lon="7.7616955"></trkpt><trkpt lat="46.5123988" lon="7.7616453"></trkpt><trkpt lat="46.5123745" lon="7.7614726"></trkpt><trkpt lat="46.5123747" lon="7.7613962"></trkpt><trkpt lat="46.5123822" lon="7.7613191"></trkpt><trkpt lat="46.5123783" lon="7.7612763"></trkpt><trkpt lat="46.5123699" lon="7.7612363"></trkpt><trkpt lat="46.5123534" lon="7.761191"></trkpt><trkpt lat="46.5123194" lon="7.7611205"></trkpt><trkpt lat="46.5122968" lon="7.7610641"></trkpt><trkpt lat="46.5122759" lon="7.760996"></trkpt><trkpt lat="46.5122667" lon="7.7609539"></trkpt><trkpt lat="46.5122614" lon="7.7609138"></trkpt><trkpt lat="46.5122303" lon="7.7608244"></trkpt><trkpt lat="46.512207" lon="7.7607549"></trkpt><trkpt lat="46.5121748" lon="7.760688"></trkpt><trkpt lat="46.5121566" lon="7.7606406"></trkpt><trkpt lat="46.5121308" lon="7.7605846"></trkpt><trkpt lat="46.5121097" lon="7.7605513"></trkpt><trkpt lat="46.5120742" lon="7.7605006"></trkpt><trkpt lat="46.5120627" lon="7.7604823"></trkpt><trkpt lat="46.5120451" lon="7.7604644"></trkpt><trkpt lat="46.5120017" lon="7.7603996"></trkpt><trkpt lat="46.5119792" lon="7.7603553"></trkpt><trkpt lat="46.5119585" lon="7.7603017"></trkpt><trkpt lat="46.5119398" lon="7.7602492"></trkpt><trkpt lat="46.5119304" lon="7.7601954"></trkpt><trkpt lat="46.5119253" lon="7.7601353"></trkpt><trkpt lat="46.5119204" lon="7.7600944"></trkpt><trkpt lat="46.5119038" lon="7.7600542"></trkpt><trkpt lat="46.5118765" lon="7.760002"></trkpt><trkpt lat="46.5118553" lon="7.7599666"></trkpt><trkpt lat="46.5118288" lon="7.7599305"></trkpt><trkpt lat="46.511804" lon="7.759899"></trkpt><trkpt lat="46.5117743" lon="7.7598302"></trkpt><trkpt lat="46.5117439" lon="7.7597674"></trkpt><trkpt lat="46.5117195" lon="7.759724"></trkpt><trkpt lat="46.5116977" lon="7.7596705"></trkpt><trkpt lat="46.5116807" lon="7.7596486"></trkpt><trkpt lat="46.5116572" lon="7.7596079"></trkpt><trkpt lat="46.511647" lon="7.7595828"></trkpt><trkpt lat="46.5116349" lon="7.7595317"></trkpt><trkpt lat="46.5116353" lon="7.7594778"></trkpt><trkpt lat="46.5116347" lon="7.7594316"></trkpt><trkpt lat="46.511644" lon="7.7593778"></trkpt><trkpt lat="46.5116547" lon="7.7593107"></trkpt><trkpt lat="46.5116504" lon="7.7592579"></trkpt><trkpt lat="46.5116375" lon="7.7592209"></trkpt><trkpt lat="46.5116128" lon="7.7591943"></trkpt><trkpt lat="46.5115883" lon="7.7591899"></trkpt><trkpt lat="46.5115629" lon="7.7591958"></trkpt><trkpt lat="46.511545" lon="7.7591929"></trkpt><trkpt lat="46.5115292" lon="7.7591838"></trkpt><trkpt lat="46.5115076" lon="7.7591801"></trkpt><trkpt lat="46.5114892" lon="7.7591792"></trkpt><trkpt lat="46.5114769" lon="7.759177"></trkpt><trkpt lat="46.5114625" lon="7.7591451"></trkpt><trkpt lat="46.5114447" lon="7.7591395"></trkpt><trkpt lat="46.5114292" lon="7.7591252"></trkpt><trkpt lat="46.5114069" lon="7.759096"></trkpt><trkpt lat="46.5113831" lon="7.7590602"></trkpt><trkpt lat="46.51137" lon="7.7590513"></trkpt><trkpt lat="46.5113537" lon="7.759036"></trkpt><trkpt lat="46.5113474" lon="7.7590151"></trkpt><trkpt lat="46.5113351" lon="7.7590006"></trkpt><trkpt lat="46.5113169" lon="7.7589999"></trkpt><trkpt lat="46.5113038" lon="7.7589925"></trkpt><trkpt lat="46.511294" lon="7.7589862"></trkpt><trkpt lat="46.5112854" lon="7.7589579"></trkpt><trkpt lat="46.5112816" lon="7.7589343"></trkpt><trkpt lat="46.5112728" lon="7.7589145"></trkpt><trkpt lat="46.511275" lon="7.7588941"></trkpt><trkpt lat="46.5112709" lon="7.7588784"></trkpt><trkpt lat="46.5112765" lon="7.7588579"></trkpt><trkpt lat="46.5112721" lon="7.7588434"></trkpt><trkpt lat="46.5112632" lon="7.7588229"></trkpt><trkpt lat="46.5112674" lon="7.7588009"></trkpt><trkpt lat="46.5112622" lon="7.7587818"></trkpt><trkpt lat="46.5112479" lon="7.7587583"></trkpt><trkpt lat="46.51124" lon="7.7587216"></trkpt><trkpt lat="46.5112288" lon="7.7586831"></trkpt><trkpt lat="46.5112186" lon="7.7586761"></trkpt><trkpt lat="46.5112091" lon="7.7586813"></trkpt><trkpt lat="46.5112033" lon="7.7587302"></trkpt><trkpt lat="46.5112072" lon="7.7587619"></trkpt><trkpt lat="46.5111935" lon="7.7587917"></trkpt><trkpt lat="46.5111784" lon="7.7588256"></trkpt><trkpt lat="46.5111512" lon="7.7588242"></trkpt><trkpt lat="46.5111219" lon="7.758805"></trkpt><trkpt lat="46.5111126" lon="7.7587612"></trkpt><trkpt lat="46.5111055" lon="7.7587102"></trkpt><trkpt lat="46.5110896" lon="7.7586466"></trkpt><trkpt lat="46.5110783" lon="7.7586052"></trkpt><trkpt lat="46.5110666" lon="7.7585629"></trkpt><trkpt lat="46.5110554" lon="7.7585463"></trkpt><trkpt lat="46.5110403" lon="7.7585338"></trkpt><trkpt lat="46.5110398" lon="7.7585166"></trkpt><trkpt lat="46.5110347" lon="7.7585002"></trkpt><trkpt lat="46.5110367" lon="7.7584833"></trkpt><trkpt lat="46.5110324" lon="7.7584683"></trkpt><trkpt lat="46.5110336" lon="7.7584356"></trkpt><trkpt lat="46.5110279" lon="7.7584056"></trkpt><trkpt lat="46.51103" lon="7.758384"></trkpt><trkpt lat="46.5110342" lon="7.7583451"></trkpt><trkpt lat="46.5110403" lon="7.7583003"></trkpt><trkpt lat="46.5110439" lon="7.7582569"></trkpt><trkpt lat="46.5110407" lon="7.7582079"></trkpt><trkpt lat="46.5110368" lon="7.7581758"></trkpt><trkpt lat="46.511047" lon="7.7581048"></trkpt><trkpt lat="46.5110409" lon="7.7580826"></trkpt><trkpt lat="46.5110323" lon="7.7580686"></trkpt><trkpt lat="46.511023" lon="7.7580559"></trkpt><trkpt lat="46.5110208" lon="7.7580419"></trkpt><trkpt lat="46.5110227" lon="7.7580155"></trkpt><trkpt lat="46.511037" lon="7.7579942"></trkpt><trkpt lat="46.5110448" lon="7.7579687"></trkpt><trkpt lat="46.51104" lon="7.7579362"></trkpt><trkpt lat="46.5110356" lon="7.757899"></trkpt><trkpt lat="46.5110254" lon="7.7578505"></trkpt><trkpt lat="46.5110429" lon="7.7578233"></trkpt><trkpt lat="46.5110454" lon="7.7577896"></trkpt><trkpt lat="46.5110647" lon="7.7577446"></trkpt><trkpt lat="46.5110971" lon="7.7577391"></trkpt><trkpt lat="46.5111116" lon="7.7577366"></trkpt><trkpt lat="46.5111243" lon="7.7577334"></trkpt><trkpt lat="46.5111327" lon="7.7577098"></trkpt><trkpt lat="46.5111518" lon="7.7577004"></trkpt><trkpt lat="46.5111546" lon="7.7576832"></trkpt><trkpt lat="46.511142" lon="7.7576681"></trkpt><trkpt lat="46.5111235" lon="7.7576421"></trkpt><trkpt lat="46.5111018" lon="7.7576323"></trkpt><trkpt lat="46.5110764" lon="7.7576352"></trkpt><trkpt lat="46.5110656" lon="7.7576278"></trkpt><trkpt lat="46.511064" lon="7.7576052"></trkpt><trkpt lat="46.5110557" lon="7.7575801"></trkpt><trkpt lat="46.5110612" lon="7.7575659"></trkpt><trkpt lat="46.5110733" lon="7.757521"></trkpt><trkpt lat="46.5110849" lon="7.7574837"></trkpt><trkpt lat="46.5110966" lon="7.7574603"></trkpt><trkpt lat="46.5110922" lon="7.7574205"></trkpt><trkpt lat="46.5110816" lon="7.7573997"></trkpt><trkpt lat="46.5110578" lon="7.7574036"></trkpt><trkpt lat="46.5110259" lon="7.7574074"></trkpt><trkpt lat="46.5110149" lon="7.7574096"></trkpt><trkpt lat="46.5109986" lon="7.7574219"></trkpt><trkpt lat="46.5109911" lon="7.7574498"></trkpt><trkpt lat="46.5109812" lon="7.757488"></trkpt><trkpt lat="46.5109572" lon="7.7575096"></trkpt><trkpt lat="46.5109381" lon="7.7575135"></trkpt><trkpt lat="46.5109165" lon="7.7575476"></trkpt><trkpt lat="46.5109001" lon="7.7575923"></trkpt><trkpt lat="46.5109022" lon="7.7576153"></trkpt><trkpt lat="46.5108975" lon="7.7576397"></trkpt><trkpt lat="46.5108856" lon="7.7576593"></trkpt><trkpt lat="46.5108785" lon="7.7576831"></trkpt><trkpt lat="46.5108673" lon="7.7577263"></trkpt><trkpt lat="46.5108693" lon="7.7577611"></trkpt><trkpt lat="46.5108657" lon="7.7577741"></trkpt><trkpt lat="46.5108565" lon="7.7577777"></trkpt><trkpt lat="46.5108488" lon="7.757764"></trkpt><trkpt lat="46.5108428" lon="7.7577332"></trkpt><trkpt lat="46.5108173" lon="7.7576534"></trkpt><trkpt lat="46.510804" lon="7.7576109"></trkpt><trkpt lat="46.5107905" lon="7.7575695"></trkpt><trkpt lat="46.5107745" lon="7.757541"></trkpt><trkpt lat="46.5107656" lon="7.7575074"></trkpt><trkpt lat="46.5107516" lon="7.7574548"></trkpt><trkpt lat="46.5107297" lon="7.7574084"></trkpt><trkpt lat="46.5107061" lon="7.7573715"></trkpt><trkpt lat="46.5106951" lon="7.7573494"></trkpt><trkpt lat="46.5106786" lon="7.7573265"></trkpt><trkpt lat="46.510674" lon="7.7572993"></trkpt><trkpt lat="46.5106598" lon="7.7572786"></trkpt><trkpt lat="46.5106323" lon="7.7572806"></trkpt><trkpt lat="46.5106175" lon="7.7572515"></trkpt><trkpt lat="46.5106082" lon="7.7572261"></trkpt><trkpt lat="46.5105936" lon="7.757191"></trkpt><trkpt lat="46.5105742" lon="7.7571685"></trkpt><trkpt lat="46.5105645" lon="7.7571341"></trkpt><trkpt lat="46.5105669" lon="7.7570936"></trkpt><trkpt lat="46.5105712" lon="7.7570464"></trkpt><trkpt lat="46.5105692" lon="7.7570232"></trkpt><trkpt lat="46.5105561" lon="7.7570087"></trkpt><trkpt lat="46.5105465" lon="7.7569725"></trkpt><trkpt lat="46.5105195" lon="7.7569079"></trkpt><trkpt lat="46.5104903" lon="7.756846"></trkpt><trkpt lat="46.5104591" lon="7.7567858"></trkpt><trkpt lat="46.5104302" lon="7.7566843"></trkpt><trkpt lat="46.5104195" lon="7.7565915"></trkpt><trkpt lat="46.5104109" lon="7.756525"></trkpt><trkpt lat="46.5103902" lon="7.7564523"></trkpt><trkpt lat="46.5103516" lon="7.7563957"></trkpt><trkpt lat="46.5103259" lon="7.7562823"></trkpt><trkpt lat="46.5103259" lon="7.7562342"></trkpt><trkpt lat="46.5103134" lon="7.7561995"></trkpt><trkpt lat="46.5102989" lon="7.7561816"></trkpt><trkpt lat="46.51028" lon="7.7561669"></trkpt><trkpt lat="46.5102391" lon="7.7561773"></trkpt><trkpt lat="46.510232" lon="7.7561443"></trkpt><trkpt lat="46.5102328" lon="7.7561261"></trkpt><trkpt lat="46.5102288" lon="7.7561019"></trkpt><trkpt lat="46.5102216" lon="7.7560793"></trkpt><trkpt lat="46.5102108" lon="7.7560484"></trkpt><trkpt lat="46.5102049" lon="7.7560364"></trkpt><trkpt lat="46.5102111" lon="7.756017"></trkpt><trkpt lat="46.5102139" lon="7.7559976"></trkpt><trkpt lat="46.5102046" lon="7.7559717"></trkpt><trkpt lat="46.5101957" lon="7.755957"></trkpt><trkpt lat="46.5101825" lon="7.7559616"></trkpt><trkpt lat="46.5101664" lon="7.755969"></trkpt><trkpt lat="46.5101538" lon="7.7560326"></trkpt><trkpt lat="46.5101462" lon="7.7560466"></trkpt><trkpt lat="46.5101136" lon="7.7559767"></trkpt><trkpt lat="46.5101133" lon="7.7559136"></trkpt><trkpt lat="46.5101058" lon="7.7558495"></trkpt><trkpt lat="46.5100977" lon="7.7557961"></trkpt><trkpt lat="46.5100842" lon="7.7557636"></trkpt><trkpt lat="46.5100504" lon="7.7557466"></trkpt><trkpt lat="46.5100062" lon="7.7557386"></trkpt><trkpt lat="46.5099026" lon="7.7557432"></trkpt><trkpt lat="46.5098741" lon="7.7557252"></trkpt><trkpt lat="46.5098357" lon="7.7556922"></trkpt><trkpt lat="46.509814" lon="7.7556729"></trkpt><trkpt lat="46.50978" lon="7.7556237"></trkpt><trkpt lat="46.5097577" lon="7.7555747"></trkpt><trkpt lat="46.5097347" lon="7.7555174"></trkpt><trkpt lat="46.5096901" lon="7.7554115"></trkpt><trkpt lat="46.5096553" lon="7.7553343"></trkpt><trkpt lat="46.5096315" lon="7.7552472"></trkpt><trkpt lat="46.5096154" lon="7.755215"></trkpt><trkpt lat="46.5096013" lon="7.7551661"></trkpt><trkpt lat="46.509591" lon="7.7551139"></trkpt><trkpt lat="46.5095742" lon="7.7550643"></trkpt><trkpt lat="46.5095569" lon="7.7550116"></trkpt><trkpt lat="46.5095439" lon="7.7549622"></trkpt><trkpt lat="46.5095365" lon="7.7549008"></trkpt><trkpt lat="46.5095201" lon="7.7548311"></trkpt><trkpt lat="46.5095007" lon="7.7547421"></trkpt><trkpt lat="46.5094806" lon="7.7546742"></trkpt><trkpt lat="46.5094507" lon="7.7546024"></trkpt><trkpt lat="46.5094221" lon="7.7545552"></trkpt><trkpt lat="46.5093795" lon="7.7545158"></trkpt><trkpt lat="46.5093626" lon="7.7544929"></trkpt><trkpt lat="46.5093389" lon="7.7544719"></trkpt><trkpt lat="46.5093229" lon="7.7544511"></trkpt><trkpt lat="46.5093135" lon="7.7544384"></trkpt><trkpt lat="46.5092958" lon="7.7544389"></trkpt><trkpt lat="46.5092835" lon="7.7544365"></trkpt><trkpt lat="46.5092642" lon="7.754421"></trkpt><trkpt lat="46.5092516" lon="7.754399"></trkpt><trkpt lat="46.5092413" lon="7.7543376"></trkpt><trkpt lat="46.5092301" lon="7.754296"></trkpt><trkpt lat="46.509221" lon="7.7542772"></trkpt><trkpt lat="46.5092152" lon="7.7542518"></trkpt><trkpt lat="46.5092076" lon="7.7542335"></trkpt><trkpt lat="46.5092004" lon="7.7542104"></trkpt><trkpt lat="46.509188" lon="7.7541833"></trkpt><trkpt lat="46.5091731" lon="7.7541615"></trkpt><trkpt lat="46.5091697" lon="7.7541386"></trkpt><trkpt lat="46.5091682" lon="7.7541125"></trkpt><trkpt lat="46.5091648" lon="7.7540942"></trkpt><trkpt lat="46.5091555" lon="7.7540804"></trkpt><trkpt lat="46.5091376" lon="7.7540582"></trkpt><trkpt lat="46.5091257" lon="7.7540078"></trkpt><trkpt lat="46.5091201" lon="7.7539582"></trkpt><trkpt lat="46.5091113" lon="7.7539378"></trkpt><trkpt lat="46.5091026" lon="7.7539279"></trkpt><trkpt lat="46.5090988" lon="7.7538826"></trkpt><trkpt lat="46.5090867" lon="7.7538393"></trkpt><trkpt lat="46.5090729" lon="7.7537884"></trkpt><trkpt lat="46.5090438" lon="7.7537274"></trkpt><trkpt lat="46.5090331" lon="7.753693"></trkpt><trkpt lat="46.5090195" lon="7.7536598"></trkpt><trkpt lat="46.5090113" lon="7.7536248"></trkpt><trkpt lat="46.5090007" lon="7.7535964"></trkpt><trkpt lat="46.508974" lon="7.7535276"></trkpt><trkpt lat="46.50897" lon="7.7534871"></trkpt><trkpt lat="46.5089485" lon="7.7534414"></trkpt><trkpt lat="46.5089397" lon="7.7534052"></trkpt><trkpt lat="46.5089244" lon="7.7533587"></trkpt><trkpt lat="46.5089075" lon="7.7533218"></trkpt><trkpt lat="46.5088845" lon="7.7532534"></trkpt><trkpt lat="46.5088699" lon="7.7531847"></trkpt><trkpt lat="46.5088552" lon="7.753138"></trkpt><trkpt lat="46.5088443" lon="7.7530908"></trkpt><trkpt lat="46.5088191" lon="7.7530327"></trkpt><trkpt lat="46.5088063" lon="7.7530021"></trkpt><trkpt lat="46.5087881" lon="7.7529694"></trkpt><trkpt lat="46.5087792" lon="7.7529203"></trkpt><trkpt lat="46.5087413" lon="7.7528282"></trkpt><trkpt lat="46.5087302" lon="7.7527786"></trkpt><trkpt lat="46.5087283" lon="7.752737"></trkpt><trkpt lat="46.508706" lon="7.752701"></trkpt><trkpt lat="46.508686" lon="7.752628"></trkpt><trkpt lat="46.5086837" lon="7.7525394"></trkpt><trkpt lat="46.5086702" lon="7.7524666"></trkpt><trkpt lat="46.5086512" lon="7.7524158"></trkpt><trkpt lat="46.5086199" lon="7.7522904"></trkpt><trkpt lat="46.5086458" lon="7.7522256"></trkpt><trkpt lat="46.5086366" lon="7.7521433"></trkpt><trkpt lat="46.5086226" lon="7.7520693"></trkpt><trkpt lat="46.5086126" lon="7.7520259"></trkpt><trkpt lat="46.5085993" lon="7.7519728"></trkpt><trkpt lat="46.5085765" lon="7.751893"></trkpt><trkpt lat="46.5085538" lon="7.7518607"></trkpt><trkpt lat="46.5085344" lon="7.7517742"></trkpt><trkpt lat="46.5085469" lon="7.7517197"></trkpt><trkpt lat="46.5085369" lon="7.7516486"></trkpt><trkpt lat="46.5085194" lon="7.7515996"></trkpt><trkpt lat="46.5085232" lon="7.7515668"></trkpt><trkpt lat="46.5085201" lon="7.7515325"></trkpt><trkpt lat="46.5084991" lon="7.751509"></trkpt><trkpt lat="46.5084954" lon="7.7514549"></trkpt><trkpt lat="46.5085015" lon="7.7514029"></trkpt><trkpt lat="46.5085034" lon="7.751362"></trkpt><trkpt lat="46.5085119" lon="7.7512974"></trkpt><trkpt lat="46.5085125" lon="7.7512644"></trkpt><trkpt lat="46.508503" lon="7.751262"></trkpt><trkpt lat="46.508489" lon="7.7512667"></trkpt><trkpt lat="46.5084665" lon="7.7512741"></trkpt><trkpt lat="46.5084551" lon="7.7512533"></trkpt><trkpt lat="46.5084581" lon="7.751234"></trkpt><trkpt lat="46.5084694" lon="7.7512204"></trkpt><trkpt lat="46.5084683" lon="7.7512071"></trkpt><trkpt lat="46.5084504" lon="7.751192"></trkpt><trkpt lat="46.508444" lon="7.7511706"></trkpt><trkpt lat="46.5084096" lon="7.7511037"></trkpt><trkpt lat="46.5083866" lon="7.7510607"></trkpt><trkpt lat="46.5083725" lon="7.7510417"></trkpt><trkpt lat="46.5083582" lon="7.7509946"></trkpt><trkpt lat="46.5083296" lon="7.7509322"></trkpt><trkpt lat="46.5083176" lon="7.7508905"></trkpt><trkpt lat="46.5083065" lon="7.7508654"></trkpt><trkpt lat="46.5082911" lon="7.7508472"></trkpt><trkpt lat="46.5082811" lon="7.7508301"></trkpt><trkpt lat="46.5082824" lon="7.7508074"></trkpt><trkpt lat="46.508296" lon="7.7507996"></trkpt><trkpt lat="46.5083297" lon="7.7507972"></trkpt><trkpt lat="46.5084043" lon="7.7507907"></trkpt><trkpt lat="46.5084809" lon="7.7507201"></trkpt><trkpt lat="46.5084904" lon="7.750684"></trkpt><trkpt lat="46.5085112" lon="7.7506349"></trkpt><trkpt lat="46.5085171" lon="7.7505757"></trkpt><trkpt lat="46.5085313" lon="7.7505099"></trkpt><trkpt lat="46.5085485" lon="7.7504541"></trkpt><trkpt lat="46.5085558" lon="7.7504012"></trkpt><trkpt lat="46.5085591" lon="7.7503593"></trkpt><trkpt lat="46.5085728" lon="7.7503373"></trkpt><trkpt lat="46.5085847" lon="7.7502931"></trkpt><trkpt lat="46.5085872" lon="7.7502429"></trkpt><trkpt lat="46.508597" lon="7.7501887"></trkpt><trkpt lat="46.5086113" lon="7.7500887"></trkpt><trkpt lat="46.5086286" lon="7.750065"></trkpt><trkpt lat="46.5086294" lon="7.7500406"></trkpt><trkpt lat="46.508621" lon="7.750025"></trkpt><trkpt lat="46.5086217" lon="7.7499954"></trkpt><trkpt lat="46.5086344" lon="7.7499179"></trkpt><trkpt lat="46.5086477" lon="7.749812"></trkpt><trkpt lat="46.508667" lon="7.749698"></trkpt><trkpt lat="46.5086613" lon="7.7496434"></trkpt><trkpt lat="46.5086531" lon="7.7495936"></trkpt><trkpt lat="46.508652" lon="7.7495673"></trkpt><trkpt lat="46.5086616" lon="7.7495409"></trkpt><trkpt lat="46.5086578" lon="7.7495285"></trkpt><trkpt lat="46.5086474" lon="7.7495281"></trkpt><trkpt lat="46.508638" lon="7.7495416"></trkpt><trkpt lat="46.5086144" lon="7.749577"></trkpt><trkpt lat="46.5085705" lon="7.7496278"></trkpt><trkpt lat="46.5085263" lon="7.7496727"></trkpt><trkpt lat="46.5084542" lon="7.7497308"></trkpt><trkpt lat="46.5084207" lon="7.7497588"></trkpt><trkpt lat="46.5083799" lon="7.7497744"></trkpt><trkpt lat="46.508349" lon="7.7497707"></trkpt><trkpt lat="46.5083209" lon="7.7497573"></trkpt><trkpt lat="46.5083025" lon="7.7497361"></trkpt><trkpt lat="46.5082881" lon="7.7497167"></trkpt><trkpt lat="46.5082717" lon="7.7496805"></trkpt><trkpt lat="46.5082579" lon="7.7496386"></trkpt><trkpt lat="46.5082488" lon="7.7496214"></trkpt><trkpt lat="46.5082304" lon="7.749614"></trkpt><trkpt lat="46.5081961" lon="7.7496091"></trkpt><trkpt lat="46.5081652" lon="7.7496056"></trkpt><trkpt lat="46.5081424" lon="7.7495951"></trkpt><trkpt lat="46.5081264" lon="7.7495797"></trkpt><trkpt lat="46.5081032" lon="7.7495347"></trkpt><trkpt lat="46.5080887" lon="7.7495231"></trkpt><trkpt lat="46.5080716" lon="7.7495244"></trkpt><trkpt lat="46.5080575" lon="7.7495217"></trkpt><trkpt lat="46.5080533" lon="7.7495138"></trkpt><trkpt lat="46.508057" lon="7.7494989"></trkpt><trkpt lat="46.5080678" lon="7.7494871"></trkpt><trkpt lat="46.5080971" lon="7.749452"></trkpt><trkpt lat="46.5081197" lon="7.7494301"></trkpt><trkpt lat="46.5081344" lon="7.7494258"></trkpt><trkpt lat="46.508149" lon="7.7494322"></trkpt><trkpt lat="46.5081806" lon="7.7494158"></trkpt><trkpt lat="46.5082129" lon="7.7493844"></trkpt><trkpt lat="46.5082324" lon="7.7493662"></trkpt><trkpt lat="46.5082497" lon="7.7493336"></trkpt><trkpt lat="46.5082622" lon="7.7493252"></trkpt><trkpt lat="46.5082877" lon="7.7493267"></trkpt><trkpt lat="46.5083071" lon="7.7493199"></trkpt><trkpt lat="46.5083241" lon="7.7493021"></trkpt><trkpt lat="46.508353" lon="7.7492399"></trkpt><trkpt lat="46.5083717" lon="7.7492102"></trkpt><trkpt lat="46.5083904" lon="7.7491679"></trkpt><trkpt lat="46.5084066" lon="7.7491439"></trkpt><trkpt lat="46.5084257" lon="7.7491229"></trkpt><trkpt lat="46.5084507" lon="7.7490883"></trkpt><trkpt lat="46.5084701" lon="7.7490562"></trkpt><trkpt lat="46.5084795" lon="7.7490377"></trkpt><trkpt lat="46.5084779" lon="7.7490246"></trkpt><trkpt lat="46.5084668" lon="7.7490158"></trkpt><trkpt lat="46.5084529" lon="7.7490228"></trkpt><trkpt lat="46.5084336" lon="7.7490202"></trkpt><trkpt lat="46.5084118" lon="7.7490061"></trkpt><trkpt lat="46.5083967" lon="7.7489701"></trkpt><trkpt lat="46.5083743" lon="7.7489455"></trkpt><trkpt lat="46.5083556" lon="7.7489376"></trkpt><trkpt lat="46.5083429" lon="7.7489262"></trkpt><trkpt lat="46.5083386" lon="7.7489077"></trkpt><trkpt lat="46.5083538" lon="7.7488875"></trkpt><trkpt lat="46.5083833" lon="7.7488776"></trkpt><trkpt lat="46.5084172" lon="7.7488837"></trkpt><trkpt lat="46.5084481" lon="7.7488748"></trkpt><trkpt lat="46.5084862" lon="7.7488497"></trkpt><trkpt lat="46.508506" lon="7.7488084"></trkpt><trkpt lat="46.508529" lon="7.7487715"></trkpt><trkpt lat="46.508548" lon="7.7487438"></trkpt><trkpt lat="46.5085743" lon="7.7486957"></trkpt><trkpt lat="46.508577" lon="7.7486617"></trkpt><trkpt lat="46.5085901" lon="7.7486345"></trkpt><trkpt lat="46.5086216" lon="7.748595"></trkpt><trkpt lat="46.5086339" lon="7.7485786"></trkpt><trkpt lat="46.5086419" lon="7.748554"></trkpt><trkpt lat="46.5086374" lon="7.7485369"></trkpt><trkpt lat="46.5086395" lon="7.7485237"></trkpt><trkpt lat="46.5086536" lon="7.7485056"></trkpt><trkpt lat="46.5086814" lon="7.7484676"></trkpt><trkpt lat="46.5087009" lon="7.74841"></trkpt><trkpt lat="46.5087161" lon="7.7483743"></trkpt><trkpt lat="46.508733" lon="7.7483314"></trkpt><trkpt lat="46.50875" lon="7.7482942"></trkpt><trkpt lat="46.5087633" lon="7.7482514"></trkpt><trkpt lat="46.5087848" lon="7.7482296"></trkpt><trkpt lat="46.508783" lon="7.7482111"></trkpt><trkpt lat="46.5087721" lon="7.7482006"></trkpt><trkpt lat="46.5087582" lon="7.7482041"></trkpt><trkpt lat="46.5087425" lon="7.7482164"></trkpt><trkpt lat="46.5087256" lon="7.7482304"></trkpt><trkpt lat="46.5087002" lon="7.7482348"></trkpt><trkpt lat="46.5086857" lon="7.7482296"></trkpt><trkpt lat="46.5086802" lon="7.7482164"></trkpt><trkpt lat="46.5086899" lon="7.7481795"></trkpt><trkpt lat="46.5087056" lon="7.748154"></trkpt><trkpt lat="46.5087105" lon="7.7481391"></trkpt><trkpt lat="46.5087086" lon="7.7481285"></trkpt><trkpt lat="46.5086941" lon="7.7481242"></trkpt><trkpt lat="46.5086736" lon="7.7481329"></trkpt><trkpt lat="46.5086543" lon="7.7481498"></trkpt><trkpt lat="46.5086286" lon="7.7481559"></trkpt><trkpt lat="46.5086092" lon="7.7481573"></trkpt><trkpt lat="46.5085876" lon="7.7481795"></trkpt><trkpt lat="46.5085589" lon="7.7481718"></trkpt><trkpt lat="46.5085375" lon="7.7481561"></trkpt><trkpt lat="46.508514" lon="7.7481496"></trkpt><trkpt lat="46.5084889" lon="7.7481351"></trkpt><trkpt lat="46.5084686" lon="7.7481138"></trkpt><trkpt lat="46.508457" lon="7.7480886"></trkpt><trkpt lat="46.5084409" lon="7.7480798"></trkpt><trkpt lat="46.508438" lon="7.748062"></trkpt><trkpt lat="46.5084654" lon="7.7480431"></trkpt><trkpt lat="46.5084912" lon="7.7480328"></trkpt><trkpt lat="46.5084985" lon="7.7480031"></trkpt><trkpt lat="46.5085124" lon="7.7479902"></trkpt><trkpt lat="46.5085297" lon="7.7479595"></trkpt><trkpt lat="46.5085385" lon="7.7479239"></trkpt><trkpt lat="46.5085523" lon="7.747875"></trkpt><trkpt lat="46.5085891" lon="7.7478097"></trkpt><trkpt lat="46.5086174" lon="7.7477558"></trkpt><trkpt lat="46.5086462" lon="7.7476869"></trkpt><trkpt lat="46.5086711" lon="7.7476431"></trkpt><trkpt lat="46.5086944" lon="7.7475481"></trkpt><trkpt lat="46.5087073" lon="7.7474702"></trkpt><trkpt lat="46.5087058" lon="7.7473674"></trkpt><trkpt lat="46.5087238" lon="7.7473056"></trkpt><trkpt lat="46.508743" lon="7.7472467"></trkpt><trkpt lat="46.5087451" lon="7.7471992"></trkpt><trkpt lat="46.5087544" lon="7.7471524"></trkpt><trkpt lat="46.5087608" lon="7.7471364"></trkpt><trkpt lat="46.5087625" lon="7.7471182"></trkpt><trkpt lat="46.5087492" lon="7.7471151"></trkpt><trkpt lat="46.5087365" lon="7.7471187"></trkpt><trkpt lat="46.508712" lon="7.747124"></trkpt><trkpt lat="46.5086987" lon="7.747118"></trkpt><trkpt lat="46.5087015" lon="7.7470914"></trkpt><trkpt lat="46.5087166" lon="7.7470506"></trkpt><trkpt lat="46.5087151" lon="7.7470244"></trkpt><trkpt lat="46.5087199" lon="7.74701"></trkpt><trkpt lat="46.5087346" lon="7.7469917"></trkpt><trkpt lat="46.5087188" lon="7.7469733"></trkpt><trkpt lat="46.5087143" lon="7.7469475"></trkpt><trkpt lat="46.5087234" lon="7.7469297"></trkpt><trkpt lat="46.5087259" lon="7.746896"></trkpt><trkpt lat="46.5087204" lon="7.7468601"></trkpt><trkpt lat="46.5087151" lon="7.7468416"></trkpt><trkpt lat="46.5087209" lon="7.7468221"></trkpt><trkpt lat="46.5087425" lon="7.746804"></trkpt><trkpt lat="46.5087712" lon="7.7467998"></trkpt><trkpt lat="46.5088024" lon="7.7467764"></trkpt><trkpt lat="46.5088112" lon="7.746731"></trkpt><trkpt lat="46.5088345" lon="7.7466758"></trkpt><trkpt lat="46.5088359" lon="7.7466335"></trkpt><trkpt lat="46.5088302" lon="7.7465909"></trkpt><trkpt lat="46.5088286" lon="7.7465189"></trkpt><trkpt lat="46.5088274" lon="7.7464536"></trkpt><trkpt lat="46.5088364" lon="7.7463887"></trkpt><trkpt lat="46.5088325" lon="7.7463463"></trkpt><trkpt lat="46.5088414" lon="7.7463161"></trkpt><trkpt lat="46.5088612" lon="7.7462997"></trkpt><trkpt lat="46.5088685" lon="7.746253"></trkpt><trkpt lat="46.5088693" lon="7.7462096"></trkpt><trkpt lat="46.5088654" lon="7.7461684"></trkpt><trkpt lat="46.508865" lon="7.746106"></trkpt><trkpt lat="46.5088557" lon="7.7460705"></trkpt><trkpt lat="46.5088434" lon="7.7460146"></trkpt><trkpt lat="46.50884" lon="7.745983"></trkpt><trkpt lat="46.508836" lon="7.7459302"></trkpt><trkpt lat="46.5088343" lon="7.7458813"></trkpt><trkpt lat="46.5088247" lon="7.7458065"></trkpt><trkpt lat="46.5088061" lon="7.7457745"></trkpt><trkpt lat="46.508803" lon="7.7457451"></trkpt><trkpt lat="46.5088049" lon="7.7457209"></trkpt><trkpt lat="46.5087905" lon="7.7457085"></trkpt><trkpt lat="46.5087748" lon="7.7456898"></trkpt><trkpt lat="46.5087831" lon="7.7456455"></trkpt><trkpt lat="46.5087847" lon="7.7456057"></trkpt><trkpt lat="46.5087748" lon="7.745581"></trkpt><trkpt lat="46.5087665" lon="7.7455498"></trkpt><trkpt lat="46.5087744" lon="7.7454891"></trkpt><trkpt lat="46.5087807" lon="7.7454486"></trkpt><trkpt lat="46.5087895" lon="7.7453832"></trkpt><trkpt lat="46.5087884" lon="7.7452988"></trkpt><trkpt lat="46.5087773" lon="7.7452651"></trkpt><trkpt lat="46.5087733" lon="7.7452294"></trkpt><trkpt lat="46.5087706" lon="7.7451729"></trkpt><trkpt lat="46.5087681" lon="7.7451166"></trkpt><trkpt lat="46.5087642" lon="7.7450725"></trkpt><trkpt lat="46.5087645" lon="7.7450166"></trkpt><trkpt lat="46.5087673" lon="7.7449457"></trkpt><trkpt lat="46.508765" lon="7.7448792"></trkpt><trkpt lat="46.5087674" lon="7.7448198"></trkpt><trkpt lat="46.5087743" lon="7.7447632"></trkpt><trkpt lat="46.5087875" lon="7.7447167"></trkpt><trkpt lat="46.5087956" lon="7.7446758"></trkpt><trkpt lat="46.5087948" lon="7.7446497"></trkpt><trkpt lat="46.5088001" lon="7.7446247"></trkpt><trkpt lat="46.5087926" lon="7.7446058"></trkpt><trkpt lat="46.5087902" lon="7.7445834"></trkpt><trkpt lat="46.5087935" lon="7.7445541"></trkpt><trkpt lat="46.5088064" lon="7.7445383"></trkpt><trkpt lat="46.5088196" lon="7.7445168"></trkpt><trkpt lat="46.5088357" lon="7.7444843"></trkpt><trkpt lat="46.5088423" lon="7.7444542"></trkpt><trkpt lat="46.5088384" lon="7.7444197"></trkpt><trkpt lat="46.5088383" lon="7.7443787"></trkpt><trkpt lat="46.5088457" lon="7.7442912"></trkpt><trkpt lat="46.5088662" lon="7.7442114"></trkpt><trkpt lat="46.5088568" lon="7.744157"></trkpt><trkpt lat="46.5088466" lon="7.7441218"></trkpt><trkpt lat="46.5088562" lon="7.7440946"></trkpt><trkpt lat="46.5088618" lon="7.7440657"></trkpt><trkpt lat="46.5088487" lon="7.7440387"></trkpt><trkpt lat="46.5088427" lon="7.7440069"></trkpt><trkpt lat="46.5088421" lon="7.7439759"></trkpt><trkpt lat="46.5088519" lon="7.7439349"></trkpt><trkpt lat="46.5088695" lon="7.7438929"></trkpt><trkpt lat="46.5088687" lon="7.7438417"></trkpt><trkpt lat="46.5088759" lon="7.7438051"></trkpt><trkpt lat="46.5088971" lon="7.7437819"></trkpt><trkpt lat="46.5088967" lon="7.7437644"></trkpt><trkpt lat="46.508889" lon="7.7437454"></trkpt><trkpt lat="46.5088639" lon="7.7436921"></trkpt><trkpt lat="46.5088565" lon="7.7436219"></trkpt><trkpt lat="46.5088606" lon="7.7435827"></trkpt><trkpt lat="46.5088715" lon="7.7435379"></trkpt><trkpt lat="46.5088928" lon="7.7434637"></trkpt><trkpt lat="46.5089162" lon="7.7433975"></trkpt><trkpt lat="46.5088974" lon="7.7433635"></trkpt><trkpt lat="46.5088787" lon="7.7433084"></trkpt><trkpt lat="46.5088678" lon="7.7432689"></trkpt><trkpt lat="46.5088671" lon="7.7432473"></trkpt><trkpt lat="46.5088605" lon="7.7432355"></trkpt><trkpt lat="46.5088454" lon="7.7432225"></trkpt><trkpt lat="46.5088387" lon="7.7432032"></trkpt><trkpt lat="46.5088412" lon="7.7431737"></trkpt><trkpt lat="46.5088295" lon="7.7431635"></trkpt><trkpt lat="46.5088315" lon="7.7431472"></trkpt><trkpt lat="46.5088357" lon="7.7431172"></trkpt><trkpt lat="46.5088254" lon="7.7430963"></trkpt><trkpt lat="46.5088166" lon="7.7430766"></trkpt><trkpt lat="46.5088079" lon="7.7430599"></trkpt><trkpt lat="46.5087924" lon="7.7430496"></trkpt><trkpt lat="46.5087899" lon="7.7430326"></trkpt><trkpt lat="46.5087768" lon="7.7430195"></trkpt><trkpt lat="46.5087552" lon="7.743011"></trkpt><trkpt lat="46.5087337" lon="7.7429889"></trkpt><trkpt lat="46.5087145" lon="7.7429547"></trkpt><trkpt lat="46.5086997" lon="7.7429478"></trkpt><trkpt lat="46.5086859" lon="7.742961"></trkpt><trkpt lat="46.5086674" lon="7.742969"></trkpt><trkpt lat="46.5086546" lon="7.7429704"></trkpt><trkpt lat="46.5086529" lon="7.7429394"></trkpt><trkpt lat="46.5086454" lon="7.7429205"></trkpt><trkpt lat="46.5086276" lon="7.7429223"></trkpt><trkpt lat="46.5086139" lon="7.7429038"></trkpt><trkpt lat="46.5085784" lon="7.7428538"></trkpt><trkpt lat="46.5085693" lon="7.7428033"></trkpt><trkpt lat="46.508578" lon="7.7427839"></trkpt><trkpt lat="46.5085828" lon="7.7427672"></trkpt><trkpt lat="46.5085841" lon="7.7427467"></trkpt><trkpt lat="46.5085718" lon="7.7426974"></trkpt><trkpt lat="46.5085591" lon="7.7426505"></trkpt><trkpt lat="46.5085561" lon="7.7426038"></trkpt><trkpt lat="46.5085554" lon="7.7425831"></trkpt><trkpt lat="46.5085609" lon="7.7425637"></trkpt><trkpt lat="46.5085715" lon="7.7425405"></trkpt><trkpt lat="46.5085757" lon="7.7425224"></trkpt><trkpt lat="46.5085752" lon="7.7425087"></trkpt><trkpt lat="46.508557" lon="7.7424782"></trkpt><trkpt lat="46.5085412" lon="7.7424611"></trkpt><trkpt lat="46.5085208" lon="7.7424167"></trkpt><trkpt lat="46.508519" lon="7.7423809"></trkpt><trkpt lat="46.5085048" lon="7.7423712"></trkpt><trkpt lat="46.5084953" lon="7.7423376"></trkpt><trkpt lat="46.5084923" lon="7.7423129"></trkpt><trkpt lat="46.5084849" lon="7.7422857"></trkpt><trkpt lat="46.5084751" lon="7.7422875"></trkpt><trkpt lat="46.508446" lon="7.7422795"></trkpt><trkpt lat="46.5084131" lon="7.7422566"></trkpt><trkpt lat="46.5084015" lon="7.7422335"></trkpt><trkpt lat="46.5083691" lon="7.7422007"></trkpt><trkpt lat="46.5083416" lon="7.7421425"></trkpt><trkpt lat="46.5083363" lon="7.7421005"></trkpt><trkpt lat="46.5083301" lon="7.7420468"></trkpt><trkpt lat="46.5083092" lon="7.741983"></trkpt><trkpt lat="46.5082909" lon="7.7419378"></trkpt><trkpt lat="46.5082861" lon="7.7418858"></trkpt><trkpt lat="46.508295" lon="7.7418408"></trkpt><trkpt lat="46.5083119" lon="7.7417787"></trkpt><trkpt lat="46.5083125" lon="7.7417235"></trkpt><trkpt lat="46.5083132" lon="7.7416627"></trkpt><trkpt lat="46.5083066" lon="7.7415965"></trkpt><trkpt lat="46.5082872" lon="7.7415637"></trkpt><trkpt lat="46.5082681" lon="7.7414924"></trkpt><trkpt lat="46.5082509" lon="7.7414047"></trkpt><trkpt lat="46.5082277" lon="7.7412982"></trkpt><trkpt lat="46.5082093" lon="7.7412082"></trkpt><trkpt lat="46.5081956" lon="7.7411229"></trkpt><trkpt lat="46.5081828" lon="7.7410178"></trkpt><trkpt lat="46.5081748" lon="7.7409348"></trkpt><trkpt lat="46.5081753" lon="7.7408212"></trkpt><trkpt lat="46.5081817" lon="7.740715"></trkpt><trkpt lat="46.5081655" lon="7.7405849"></trkpt><trkpt lat="46.5081674" lon="7.7405236"></trkpt><trkpt lat="46.5081734" lon="7.7403496"></trkpt><trkpt lat="46.5081749" lon="7.7401748"></trkpt><trkpt lat="46.508165" lon="7.7401054"></trkpt><trkpt lat="46.5081653" lon="7.740054"></trkpt><trkpt lat="46.5081731" lon="7.7399525"></trkpt><trkpt lat="46.5081787" lon="7.7399029"></trkpt><trkpt lat="46.5081862" lon="7.7398457"></trkpt><trkpt lat="46.5082006" lon="7.739792"></trkpt><trkpt lat="46.5082194" lon="7.7397211"></trkpt><trkpt lat="46.5082366" lon="7.7396606"></trkpt><trkpt lat="46.5082464" lon="7.7396399"></trkpt><trkpt lat="46.5082582" lon="7.739624"></trkpt><trkpt lat="46.5082748" lon="7.7396082"></trkpt><trkpt lat="46.508288" lon="7.7395787"></trkpt><trkpt lat="46.5083061" lon="7.7395421"></trkpt><trkpt lat="46.5083284" lon="7.7395012"></trkpt><trkpt lat="46.5083406" lon="7.7394626"></trkpt><trkpt lat="46.5083558" lon="7.7394423"></trkpt><trkpt lat="46.5083757" lon="7.7394119"></trkpt><trkpt lat="46.5083929" lon="7.7393916"></trkpt><trkpt lat="46.5084252" lon="7.7393797"></trkpt><trkpt lat="46.5084322" lon="7.7393598"></trkpt><trkpt lat="46.5084297" lon="7.7393401"></trkpt><trkpt lat="46.5084451" lon="7.7393188"></trkpt><trkpt lat="46.5084706" lon="7.7392956"></trkpt><trkpt lat="46.5084712" lon="7.7392818"></trkpt><trkpt lat="46.508465" lon="7.7392698"></trkpt><trkpt lat="46.5084418" lon="7.7392684"></trkpt><trkpt lat="46.5084232" lon="7.7392727"></trkpt><trkpt lat="46.5084009" lon="7.7392718"></trkpt><trkpt lat="46.5083957" lon="7.7392581"></trkpt><trkpt lat="46.5084016" lon="7.7392364"></trkpt><trkpt lat="46.5084367" lon="7.7392255"></trkpt><trkpt lat="46.5084539" lon="7.7391992"></trkpt><trkpt lat="46.508474" lon="7.7391902"></trkpt><trkpt lat="46.5084967" lon="7.7391544"></trkpt><trkpt lat="46.5085187" lon="7.7391218"></trkpt><trkpt lat="46.5085387" lon="7.7391131"></trkpt><trkpt lat="46.5085587" lon="7.7390972"></trkpt><trkpt lat="46.5085886" lon="7.7390573"></trkpt><trkpt lat="46.508587" lon="7.7390453"></trkpt><trkpt lat="46.5085721" lon="7.7390418"></trkpt><trkpt lat="46.5085542" lon="7.7390436"></trkpt><trkpt lat="46.508507" lon="7.7390671"></trkpt><trkpt lat="46.5084731" lon="7.7390925"></trkpt><trkpt lat="46.508438" lon="7.739119"></trkpt><trkpt lat="46.5083893" lon="7.7391383"></trkpt><trkpt lat="46.508361" lon="7.739179"></trkpt><trkpt lat="46.5083453" lon="7.7391755"></trkpt><trkpt lat="46.5083368" lon="7.7391645"></trkpt><trkpt lat="46.5083744" lon="7.7391377"></trkpt><trkpt lat="46.5083832" lon="7.739106"></trkpt><trkpt lat="46.508459" lon="7.7390243"></trkpt><trkpt lat="46.5084035" lon="7.7390385"></trkpt><trkpt lat="46.5083589" lon="7.7390529"></trkpt><trkpt lat="46.5083412" lon="7.7390378"></trkpt><trkpt lat="46.5083633" lon="7.7390054"></trkpt><trkpt lat="46.5084008" lon="7.7389886"></trkpt><trkpt lat="46.5084805" lon="7.7389128"></trkpt><trkpt lat="46.5085039" lon="7.7388694"></trkpt><trkpt lat="46.508522" lon="7.7387854"></trkpt><trkpt lat="46.5085497" lon="7.7387016"></trkpt><trkpt lat="46.5085782" lon="7.7386534"></trkpt><trkpt lat="46.5086431" lon="7.7385819"></trkpt><trkpt lat="46.5087335" lon="7.7384676"></trkpt><trkpt lat="46.5088044" lon="7.7384232"></trkpt><trkpt lat="46.5088733" lon="7.738358"></trkpt><trkpt lat="46.5088995" lon="7.7383407"></trkpt><trkpt lat="46.5089441" lon="7.7382998"></trkpt><trkpt lat="46.509" lon="7.7382507"></trkpt><trkpt lat="46.5090807" lon="7.7381795"></trkpt><trkpt lat="46.5091272" lon="7.7381575"></trkpt><trkpt lat="46.5092" lon="7.7381384"></trkpt><trkpt lat="46.5092243" lon="7.7381101"></trkpt><trkpt lat="46.5092513" lon="7.7380486"></trkpt><trkpt lat="46.5092577" lon="7.7379897"></trkpt><trkpt lat="46.5092834" lon="7.7379662"></trkpt><trkpt lat="46.509313" lon="7.7379557"></trkpt><trkpt lat="46.50933" lon="7.7379402"></trkpt><trkpt lat="46.5093362" lon="7.7379146"></trkpt><trkpt lat="46.5093387" lon="7.7378691"></trkpt><trkpt lat="46.5093524" lon="7.7378287"></trkpt><trkpt lat="46.5093976" lon="7.7377847"></trkpt><trkpt lat="46.5094267" lon="7.737706"></trkpt><trkpt lat="46.509425" lon="7.7376728"></trkpt><trkpt lat="46.5094283" lon="7.7376406"></trkpt><trkpt lat="46.5094438" lon="7.7376182"></trkpt><trkpt lat="46.5094935" lon="7.7375941"></trkpt><trkpt lat="46.5095065" lon="7.7375466"></trkpt><trkpt lat="46.5095033" lon="7.7375155"></trkpt><trkpt lat="46.5094857" lon="7.7374604"></trkpt><trkpt lat="46.5094925" lon="7.7374128"></trkpt><trkpt lat="46.5095467" lon="7.7372839"></trkpt><trkpt lat="46.5095408" lon="7.7370877"></trkpt><trkpt lat="46.5095125" lon="7.7369879"></trkpt><trkpt lat="46.5094634" lon="7.7368671"></trkpt><trkpt lat="46.5094494" lon="7.7366381"></trkpt><trkpt lat="46.5093165" lon="7.7364821"></trkpt><trkpt lat="46.5092319" lon="7.7364698"></trkpt><trkpt lat="46.5092032" lon="7.7364621"></trkpt><trkpt lat="46.5091171" lon="7.7365009"></trkpt><trkpt lat="46.5090539" lon="7.7365023"></trkpt><trkpt lat="46.5089974" lon="7.736445"></trkpt><trkpt lat="46.5089247" lon="7.7363785"></trkpt><trkpt lat="46.5088869" lon="7.7363438"></trkpt><trkpt lat="46.5088683" lon="7.736314"></trkpt><trkpt lat="46.5088633" lon="7.7362783"></trkpt><trkpt lat="46.5088738" lon="7.7362386"></trkpt><trkpt lat="46.508961" lon="7.7360465"></trkpt><trkpt lat="46.5089437" lon="7.7359893"></trkpt><trkpt lat="46.5089452" lon="7.7359192"></trkpt><trkpt lat="46.5089498" lon="7.7358792"></trkpt><trkpt lat="46.5087921" lon="7.7357702"></trkpt><trkpt lat="46.5087785" lon="7.7357114"></trkpt><trkpt lat="46.5087771" lon="7.7355253"></trkpt><trkpt lat="46.5088038" lon="7.7353894"></trkpt><trkpt lat="46.5087915" lon="7.735299"></trkpt><trkpt lat="46.5087712" lon="7.7351303"></trkpt><trkpt lat="46.5087425" lon="7.7350509"></trkpt><trkpt lat="46.5087439" lon="7.7350284"></trkpt><trkpt lat="46.5087535" lon="7.7349953"></trkpt><trkpt lat="46.5087586" lon="7.7349805"></trkpt><trkpt lat="46.5087596" lon="7.7349562"></trkpt><trkpt lat="46.5087564" lon="7.7348973"></trkpt><trkpt lat="46.5087526" lon="7.7347368"></trkpt><trkpt lat="46.5087539" lon="7.7346771"></trkpt><trkpt lat="46.5087721" lon="7.7346137"></trkpt><trkpt lat="46.5087827" lon="7.7345903"></trkpt><trkpt lat="46.5088173" lon="7.7345363"></trkpt><trkpt lat="46.5088429" lon="7.7344655"></trkpt><trkpt lat="46.5088538" lon="7.7344119"></trkpt><trkpt lat="46.5088476" lon="7.7343769"></trkpt><trkpt lat="46.5088542" lon="7.7343064"></trkpt><trkpt lat="46.5089015" lon="7.7342356"></trkpt><trkpt lat="46.5089133" lon="7.7341888"></trkpt><trkpt lat="46.5089068" lon="7.7341477"></trkpt><trkpt lat="46.5088866" lon="7.734095"></trkpt><trkpt lat="46.508897" lon="7.7340611"></trkpt><trkpt lat="46.508917" lon="7.7340297"></trkpt><trkpt lat="46.5089212" lon="7.733966"></trkpt><trkpt lat="46.5089036" lon="7.7338773"></trkpt><trkpt lat="46.5088904" lon="7.7338303"></trkpt><trkpt lat="46.5089364" lon="7.7337096"></trkpt><trkpt lat="46.5090102" lon="7.7336351"></trkpt><trkpt lat="46.5090132" lon="7.7335677"></trkpt><trkpt lat="46.5089868" lon="7.7334887"></trkpt><trkpt lat="46.5089445" lon="7.7334487"></trkpt><trkpt lat="46.5089124" lon="7.7334325"></trkpt><trkpt lat="46.5088808" lon="7.7334708"></trkpt><trkpt lat="46.5088377" lon="7.7334888"></trkpt><trkpt lat="46.5087897" lon="7.7335168"></trkpt><trkpt lat="46.5087384" lon="7.7336007"></trkpt><trkpt lat="46.508647" lon="7.7336839"></trkpt><trkpt lat="46.5086088" lon="7.7337036"></trkpt><trkpt lat="46.5085403" lon="7.7337166"></trkpt><trkpt lat="46.508488" lon="7.7337532"></trkpt><trkpt lat="46.5084359" lon="7.7337609"></trkpt><trkpt lat="46.5083937" lon="7.7337586"></trkpt><trkpt lat="46.508359" lon="7.7337324"></trkpt><trkpt lat="46.5083484" lon="7.7336875"></trkpt><trkpt lat="46.5083395" lon="7.7336286"></trkpt><trkpt lat="46.5083251" lon="7.7336024"></trkpt><trkpt lat="46.5082894" lon="7.7335867"></trkpt><trkpt lat="46.5082463" lon="7.7336095"></trkpt><trkpt lat="46.5081808" lon="7.7337389"></trkpt><trkpt lat="46.5081328" lon="7.7338208"></trkpt><trkpt lat="46.5080989" lon="7.7338989"></trkpt><trkpt lat="46.5080728" lon="7.7339629"></trkpt><trkpt lat="46.508045" lon="7.7339899"></trkpt><trkpt lat="46.507946" lon="7.7340501"></trkpt><trkpt lat="46.5078951" lon="7.7340907"></trkpt><trkpt lat="46.5078688" lon="7.7341238"></trkpt><trkpt lat="46.5078282" lon="7.7341725"></trkpt><trkpt lat="46.5078111" lon="7.7342033"></trkpt><trkpt lat="46.5077996" lon="7.7342409"></trkpt><trkpt lat="46.507785" lon="7.7343331"></trkpt><trkpt lat="46.5077793" lon="7.7343663"></trkpt><trkpt lat="46.5077691" lon="7.7343931"></trkpt><trkpt lat="46.507741" lon="7.7344307"></trkpt><trkpt lat="46.5077171" lon="7.7344655"></trkpt><trkpt lat="46.5076958" lon="7.7344722"></trkpt><trkpt lat="46.5076685" lon="7.7344689"></trkpt><trkpt lat="46.5076459" lon="7.7344615"></trkpt><trkpt lat="46.5076358" lon="7.7344474"></trkpt><trkpt lat="46.5076344" lon="7.7344213"></trkpt><trkpt lat="46.507639" lon="7.7344032"></trkpt><trkpt lat="46.507651" lon="7.7343864"></trkpt><trkpt lat="46.5076718" lon="7.7343656"></trkpt><trkpt lat="46.5076965" lon="7.7343531"></trkpt><trkpt lat="46.507711" lon="7.7343321"></trkpt><trkpt lat="46.5077737" lon="7.734161"></trkpt><trkpt lat="46.5078325" lon="7.7340179"></trkpt><trkpt lat="46.5078439" lon="7.7340008"></trkpt><trkpt lat="46.5078554" lon="7.7339817"></trkpt><trkpt lat="46.5078518" lon="7.7339707"></trkpt><trkpt lat="46.5078504" lon="7.7339613"></trkpt><trkpt lat="46.5078418" lon="7.7339457"></trkpt><trkpt lat="46.5078084" lon="7.7339546"></trkpt><trkpt lat="46.5077421" lon="7.7339846"></trkpt><trkpt lat="46.5077211" lon="7.7339868"></trkpt><trkpt lat="46.5077128" lon="7.7339733"></trkpt><trkpt lat="46.5077123" lon="7.7339557"></trkpt><trkpt lat="46.5077223" lon="7.7339135"></trkpt><trkpt lat="46.507871" lon="7.7336934"></trkpt><trkpt lat="46.5079029" lon="7.7336653"></trkpt><trkpt lat="46.50792" lon="7.7336372"></trkpt><trkpt lat="46.5079454" lon="7.7335776"></trkpt><trkpt lat="46.5079523" lon="7.7335234"></trkpt><trkpt lat="46.5079579" lon="7.7334709"></trkpt><trkpt lat="46.5079475" lon="7.7334429"></trkpt><trkpt lat="46.5079344" lon="7.7334395"></trkpt><trkpt lat="46.507898" lon="7.7334679"></trkpt><trkpt lat="46.5078653" lon="7.7334847"></trkpt><trkpt lat="46.5078351" lon="7.7334757"></trkpt><trkpt lat="46.507777" lon="7.733428"></trkpt><trkpt lat="46.5076593" lon="7.733396"></trkpt><trkpt lat="46.5075429" lon="7.7334141"></trkpt><trkpt lat="46.5075087" lon="7.7334388"></trkpt><trkpt lat="46.5074806" lon="7.7334865"></trkpt><trkpt lat="46.5074682" lon="7.7335138"></trkpt><trkpt lat="46.5074412" lon="7.7335326"></trkpt><trkpt lat="46.5073654" lon="7.7335699"></trkpt><trkpt lat="46.5073221" lon="7.7336201"></trkpt><trkpt lat="46.5072222" lon="7.7337667"></trkpt><trkpt lat="46.5071164" lon="7.7339118"></trkpt><trkpt lat="46.5070447" lon="7.7339676"></trkpt><trkpt lat="46.5068538" lon="7.7340786"></trkpt><trkpt lat="46.5068247" lon="7.7340839"></trkpt><trkpt lat="46.5068119" lon="7.7340702"></trkpt><trkpt lat="46.5068452" lon="7.7339974"></trkpt><trkpt lat="46.5069532" lon="7.7337443"></trkpt><trkpt lat="46.5069832" lon="7.7336367"></trkpt><trkpt lat="46.506993" lon="7.7335441"></trkpt><trkpt lat="46.5070285" lon="7.7334337"></trkpt><trkpt lat="46.5070803" lon="7.7333391"></trkpt><trkpt lat="46.5070985" lon="7.7332889"></trkpt><trkpt lat="46.5071019" lon="7.7331882"></trkpt><trkpt lat="46.5071148" lon="7.7330848"></trkpt><trkpt lat="46.5071563" lon="7.7329853"></trkpt><trkpt lat="46.5071519" lon="7.7329522"></trkpt><trkpt lat="46.5071351" lon="7.7329389"></trkpt><trkpt lat="46.5070134" lon="7.7329764"></trkpt><trkpt lat="46.5069259" lon="7.7329908"></trkpt><trkpt lat="46.5067928" lon="7.7329459"></trkpt><trkpt lat="46.506734" lon="7.7329325"></trkpt><trkpt lat="46.5066514" lon="7.732934"></trkpt><trkpt lat="46.5065101" lon="7.7329448"></trkpt><trkpt lat="46.5063882" lon="7.7329765"></trkpt><trkpt lat="46.5063104" lon="7.7330035"></trkpt><trkpt lat="46.5062176" lon="7.733049"></trkpt><trkpt lat="46.5061821" lon="7.7330555"></trkpt><trkpt lat="46.5061176" lon="7.7330351"></trkpt><trkpt lat="46.5061344" lon="7.7329373"></trkpt><trkpt lat="46.5061363" lon="7.7328797"></trkpt><trkpt lat="46.506157" lon="7.7327879"></trkpt><trkpt lat="46.5061591" lon="7.732756"></trkpt><trkpt lat="46.5061478" lon="7.7327255"></trkpt><trkpt lat="46.5061302" lon="7.7327208"></trkpt><trkpt lat="46.5061034" lon="7.7327355"></trkpt><trkpt lat="46.5060323" lon="7.7327598"></trkpt><trkpt lat="46.5059368" lon="7.7327732"></trkpt><trkpt lat="46.5057956" lon="7.7327378"></trkpt><trkpt lat="46.5057657" lon="7.7327142"></trkpt><trkpt lat="46.5057538" lon="7.7326758"></trkpt><trkpt lat="46.5057404" lon="7.7326274"></trkpt><trkpt lat="46.5057329" lon="7.7324922"></trkpt><trkpt lat="46.5057141" lon="7.7322738"></trkpt><trkpt lat="46.5056671" lon="7.7321576"></trkpt><trkpt lat="46.5055873" lon="7.7320961"></trkpt><trkpt lat="46.5054481" lon="7.7320055"></trkpt><trkpt lat="46.5054249" lon="7.7319696"></trkpt><trkpt lat="46.5054157" lon="7.7319365"></trkpt><trkpt lat="46.5054138" lon="7.7319001"></trkpt><trkpt lat="46.5054541" lon="7.731732"></trkpt><trkpt lat="46.5054578" lon="7.7316906"></trkpt><trkpt lat="46.505455" lon="7.7316507"></trkpt><trkpt lat="46.5054439" lon="7.7315918"></trkpt><trkpt lat="46.5054264" lon="7.7314995"></trkpt><trkpt lat="46.5054181" lon="7.7314392"></trkpt><trkpt lat="46.5053897" lon="7.7314002"></trkpt><trkpt lat="46.505346" lon="7.7312593"></trkpt><trkpt lat="46.5052993" lon="7.7311542"></trkpt><trkpt lat="46.5052414" lon="7.731093"></trkpt><trkpt lat="46.5052244" lon="7.7310579"></trkpt><trkpt lat="46.5052123" lon="7.7310205"></trkpt><trkpt lat="46.505198" lon="7.7310077"></trkpt><trkpt lat="46.5051476" lon="7.7310016"></trkpt><trkpt lat="46.5051209" lon="7.7309789"></trkpt><trkpt lat="46.5050834" lon="7.7309266"></trkpt><trkpt lat="46.5050662" lon="7.7308891"></trkpt><trkpt lat="46.5050496" lon="7.7308301"></trkpt><trkpt lat="46.5050396" lon="7.7307584"></trkpt><trkpt lat="46.505042" lon="7.7306813"></trkpt><trkpt lat="46.5050406" lon="7.7306193"></trkpt><trkpt lat="46.5050303" lon="7.730549"></trkpt><trkpt lat="46.5050149" lon="7.7304949"></trkpt><trkpt lat="46.5050001" lon="7.7304491"></trkpt><trkpt lat="46.5049821" lon="7.7304237"></trkpt><trkpt lat="46.504936" lon="7.7303813"></trkpt><trkpt lat="46.5049207" lon="7.7303548"></trkpt><trkpt lat="46.5049112" lon="7.7303217"></trkpt><trkpt lat="46.5049155" lon="7.730282"></trkpt><trkpt lat="46.5049172" lon="7.7302517"></trkpt><trkpt lat="46.5049144" lon="7.7302256"></trkpt><trkpt lat="46.5049056" lon="7.7301986"></trkpt><trkpt lat="46.5047595" lon="7.7299366"></trkpt><trkpt lat="46.5047446" lon="7.7299026"></trkpt><trkpt lat="46.5047442" lon="7.7298718"></trkpt><trkpt lat="46.5047465" lon="7.7296344"></trkpt><trkpt lat="46.5047554" lon="7.7296068"></trkpt><trkpt lat="46.5047727" lon="7.7295949"></trkpt><trkpt lat="46.5048084" lon="7.7295741"></trkpt><trkpt lat="46.5048324" lon="7.7295556"></trkpt><trkpt lat="46.5048616" lon="7.7295289"></trkpt><trkpt lat="46.504923" lon="7.7294469"></trkpt><trkpt lat="46.5049241" lon="7.7294285"></trkpt><trkpt lat="46.5049203" lon="7.7294101"></trkpt><trkpt lat="46.50491" lon="7.7293797"></trkpt><trkpt lat="46.5048306" lon="7.7291627"></trkpt><trkpt lat="46.5048502" lon="7.7290881"></trkpt><trkpt lat="46.5048552" lon="7.7290591"></trkpt><trkpt lat="46.5048498" lon="7.7290329"></trkpt><trkpt lat="46.5048395" lon="7.7290007"></trkpt><trkpt lat="46.5048457" lon="7.7289291"></trkpt><trkpt lat="46.5048509" lon="7.7288698"></trkpt><trkpt lat="46.5048405" lon="7.7288071"></trkpt><trkpt lat="46.5047962" lon="7.7287053"></trkpt><trkpt lat="46.5047011" lon="7.7286484"></trkpt><trkpt lat="46.5046836" lon="7.728631"></trkpt><trkpt lat="46.5046744" lon="7.7286088"></trkpt><trkpt lat="46.5046684" lon="7.7284691"></trkpt><trkpt lat="46.5046613" lon="7.7284269"></trkpt><trkpt lat="46.5046428" lon="7.7283693"></trkpt><trkpt lat="46.5046349" lon="7.7283282"></trkpt><trkpt lat="46.5046399" lon="7.7282867"></trkpt><trkpt lat="46.5046942" lon="7.7281479"></trkpt><trkpt lat="46.5046968" lon="7.7281105"></trkpt><trkpt lat="46.5046842" lon="7.7280612"></trkpt><trkpt lat="46.5046545" lon="7.7280467"></trkpt><trkpt lat="46.5046234" lon="7.7280456"></trkpt><trkpt lat="46.5045856" lon="7.7280529"></trkpt><trkpt lat="46.5045487" lon="7.728048"></trkpt><trkpt lat="46.504518" lon="7.7280224"></trkpt><trkpt lat="46.5044286" lon="7.7278996"></trkpt><trkpt lat="46.504295" lon="7.7276777"></trkpt><trkpt lat="46.5042253" lon="7.7274844"></trkpt><trkpt lat="46.5041705" lon="7.7273293"></trkpt><trkpt lat="46.5041509" lon="7.7272429"></trkpt><trkpt lat="46.5041423" lon="7.7270788"></trkpt><trkpt lat="46.5041001" lon="7.7268985"></trkpt><trkpt lat="46.5040568" lon="7.7267928"></trkpt><trkpt lat="46.5040477" lon="7.7267585"></trkpt><trkpt lat="46.5040507" lon="7.7267248"></trkpt><trkpt lat="46.5040819" lon="7.7266875"></trkpt><trkpt lat="46.5040971" lon="7.7266376"></trkpt><trkpt lat="46.5040929" lon="7.7265877"></trkpt><trkpt lat="46.5040686" lon="7.7265557"></trkpt><trkpt lat="46.5039856" lon="7.726517"></trkpt><trkpt lat="46.5038794" lon="7.7264235"></trkpt><trkpt lat="46.5037664" lon="7.7262207"></trkpt><trkpt lat="46.5037077" lon="7.726042"></trkpt><trkpt lat="46.5036436" lon="7.7259406"></trkpt><trkpt lat="46.5035664" lon="7.7257207"></trkpt><trkpt lat="46.5035279" lon="7.7256394"></trkpt><trkpt lat="46.5035063" lon="7.7255732"></trkpt><trkpt lat="46.5035013" lon="7.7254686"></trkpt><trkpt lat="46.5035234" lon="7.7253153"></trkpt><trkpt lat="46.5035332" lon="7.7252597"></trkpt><trkpt lat="46.5035292" lon="7.7252219"></trkpt><trkpt lat="46.5035041" lon="7.7251924"></trkpt><trkpt lat="46.5034172" lon="7.7251808"></trkpt><trkpt lat="46.5033816" lon="7.7251622"></trkpt><trkpt lat="46.5033469" lon="7.7251056"></trkpt><trkpt lat="46.5033319" lon="7.7250356"></trkpt><trkpt lat="46.5033308" lon="7.7249532"></trkpt><trkpt lat="46.5033972" lon="7.7246366"></trkpt><trkpt lat="46.5034032" lon="7.7243839"></trkpt><trkpt lat="46.5034131" lon="7.7243002"></trkpt><trkpt lat="46.5034161" lon="7.7242691"></trkpt><trkpt lat="46.503413" lon="7.7242287"></trkpt><trkpt lat="46.5033952" lon="7.7242013"></trkpt><trkpt lat="46.5033657" lon="7.7241779"></trkpt><trkpt lat="46.5033283" lon="7.7241558"></trkpt><trkpt lat="46.5033065" lon="7.7241348"></trkpt><trkpt lat="46.5032938" lon="7.7240998"></trkpt><trkpt lat="46.5032843" lon="7.724002"></trkpt><trkpt lat="46.5032648" lon="7.7237893"></trkpt><trkpt lat="46.5032466" lon="7.7237179"></trkpt><trkpt lat="46.5032364" lon="7.7236602"></trkpt><trkpt lat="46.5032355" lon="7.7235898"></trkpt><trkpt lat="46.5032221" lon="7.7235436"></trkpt><trkpt lat="46.5032096" lon="7.7234802"></trkpt><trkpt lat="46.5031635" lon="7.7233748"></trkpt><trkpt lat="46.5031406" lon="7.7233331"></trkpt><trkpt lat="46.5031082" lon="7.7233086"></trkpt><trkpt lat="46.5030814" lon="7.7232509"></trkpt><trkpt lat="46.5030762" lon="7.7231977"></trkpt><trkpt lat="46.5030639" lon="7.7231579"></trkpt><trkpt lat="46.5030281" lon="7.7230909"></trkpt><trkpt lat="46.5030126" lon="7.7230581"></trkpt><trkpt lat="46.5029831" lon="7.722989"></trkpt><trkpt lat="46.5029683" lon="7.7229389"></trkpt><trkpt lat="46.5029637" lon="7.7229065"></trkpt><trkpt lat="46.5029641" lon="7.722875"></trkpt><trkpt lat="46.5029681" lon="7.722829"></trkpt><trkpt lat="46.5029684" lon="7.7227379"></trkpt><trkpt lat="46.5029508" lon="7.7226636"></trkpt><trkpt lat="46.5029118" lon="7.7224904"></trkpt><trkpt lat="46.5028814" lon="7.7223944"></trkpt><trkpt lat="46.5028611" lon="7.7223622"></trkpt><trkpt lat="46.5028326" lon="7.7223399"></trkpt><trkpt lat="46.5027643" lon="7.7223191"></trkpt><trkpt lat="46.5027161" lon="7.7223079"></trkpt><trkpt lat="46.5026674" lon="7.7222762"></trkpt><trkpt lat="46.5026189" lon="7.7222273"></trkpt><trkpt lat="46.5025861" lon="7.722185"></trkpt><trkpt lat="46.5025658" lon="7.7221361"></trkpt><trkpt lat="46.5025368" lon="7.7220221"></trkpt><trkpt lat="46.5025265" lon="7.7219193"></trkpt><trkpt lat="46.5025068" lon="7.7216972"></trkpt><trkpt lat="46.5024928" lon="7.7216144"></trkpt><trkpt lat="46.5024444" lon="7.7214911"></trkpt><trkpt lat="46.5024097" lon="7.7214184"></trkpt><trkpt lat="46.5023756" lon="7.7213388"></trkpt><trkpt lat="46.502358" lon="7.7212598"></trkpt><trkpt lat="46.5023558" lon="7.7211993"></trkpt><trkpt lat="46.50236" lon="7.7211229"></trkpt><trkpt lat="46.5023627" lon="7.7210581"></trkpt><trkpt lat="46.5023544" lon="7.7209961"></trkpt><trkpt lat="46.5023068" lon="7.7208786"></trkpt><trkpt lat="46.5022557" lon="7.7206823"></trkpt><trkpt lat="46.5022494" lon="7.7205745"></trkpt><trkpt lat="46.5022367" lon="7.7204776"></trkpt><trkpt lat="46.5022329" lon="7.7204217"></trkpt><trkpt lat="46.502236" lon="7.7203737"></trkpt><trkpt lat="46.5022442" lon="7.7203184"></trkpt><trkpt lat="46.5022788" lon="7.7201942"></trkpt><trkpt lat="46.5023176" lon="7.7200911"></trkpt><trkpt lat="46.5023288" lon="7.7200666"></trkpt><trkpt lat="46.5023392" lon="7.7200379"></trkpt><trkpt lat="46.5023429" lon="7.7200145"></trkpt><trkpt lat="46.5023364" lon="7.7199937"></trkpt><trkpt lat="46.5023231" lon="7.7199706"></trkpt><trkpt lat="46.5022976" lon="7.7199514"></trkpt><trkpt lat="46.5022713" lon="7.7198938"></trkpt><trkpt lat="46.5021875" lon="7.719733"></trkpt><trkpt lat="46.5021659" lon="7.7196758"></trkpt><trkpt lat="46.5021463" lon="7.7195286"></trkpt><trkpt lat="46.5021301" lon="7.7194566"></trkpt><trkpt lat="46.5021136" lon="7.7193338"></trkpt><trkpt lat="46.5021116" lon="7.7192024"></trkpt><trkpt lat="46.5021278" lon="7.7191226"></trkpt><trkpt lat="46.5021366" lon="7.7190489"></trkpt><trkpt lat="46.5021235" lon="7.7189044"></trkpt><trkpt lat="46.5021319" lon="7.7188618"></trkpt><trkpt lat="46.5021329" lon="7.7188182"></trkpt><trkpt lat="46.502118" lon="7.7187548"></trkpt><trkpt lat="46.5021186" lon="7.7186298"></trkpt><trkpt lat="46.5021121" lon="7.7185591"></trkpt><trkpt lat="46.5020922" lon="7.7184454"></trkpt><trkpt lat="46.5020738" lon="7.7183904"></trkpt><trkpt lat="46.5020646" lon="7.7183139"></trkpt><trkpt lat="46.5020622" lon="7.7182304"></trkpt><trkpt lat="46.5020147" lon="7.717984"></trkpt><trkpt lat="46.501951" lon="7.7178539"></trkpt><trkpt lat="46.5019301" lon="7.7177902"></trkpt><trkpt lat="46.5019202" lon="7.7177284"></trkpt><trkpt lat="46.5019205" lon="7.7176882"></trkpt><trkpt lat="46.5019276" lon="7.7176451"></trkpt><trkpt lat="46.5019488" lon="7.7175691"></trkpt><trkpt lat="46.5019555" lon="7.7175316"></trkpt><trkpt lat="46.5019598" lon="7.7174738"></trkpt><trkpt lat="46.5019606" lon="7.7174168"></trkpt><trkpt lat="46.5019284" lon="7.7174"></trkpt><trkpt lat="46.5018832" lon="7.7173544"></trkpt><trkpt lat="46.5018401" lon="7.717291"></trkpt><trkpt lat="46.5018045" lon="7.7172122"></trkpt><trkpt lat="46.5017114" lon="7.7170242"></trkpt><trkpt lat="46.5016862" lon="7.7169761"></trkpt><trkpt lat="46.501667" lon="7.7169515"></trkpt><trkpt lat="46.5016436" lon="7.7169225"></trkpt><trkpt lat="46.5015123" lon="7.7168176"></trkpt><trkpt lat="46.5014397" lon="7.7167214"></trkpt><trkpt lat="46.501378" lon="7.716604"></trkpt><trkpt lat="46.5012884" lon="7.7163689"></trkpt><trkpt lat="46.5012579" lon="7.7163005"></trkpt><trkpt lat="46.5012289" lon="7.7162455"></trkpt><trkpt lat="46.5011998" lon="7.7162234"></trkpt><trkpt lat="46.5011528" lon="7.7162097"></trkpt><trkpt lat="46.5010924" lon="7.716212"></trkpt><trkpt lat="46.5009734" lon="7.7162647"></trkpt><trkpt lat="46.5009259" lon="7.7162743"></trkpt><trkpt lat="46.5008853" lon="7.7162801"></trkpt><trkpt lat="46.5008599" lon="7.716292"></trkpt><trkpt lat="46.5007671" lon="7.7163405"></trkpt><trkpt lat="46.5007352" lon="7.7163438"></trkpt><trkpt lat="46.5007021" lon="7.7163323"></trkpt><trkpt lat="46.5006405" lon="7.7162981"></trkpt><trkpt lat="46.5005903" lon="7.7162581"></trkpt><trkpt lat="46.5005363" lon="7.716255"></trkpt><trkpt lat="46.5004485" lon="7.7162705"></trkpt><trkpt lat="46.5003516" lon="7.7162693"></trkpt><trkpt lat="46.5002753" lon="7.7162979"></trkpt><trkpt lat="46.5002016" lon="7.716334"></trkpt><trkpt lat="46.5001435" lon="7.716369"></trkpt><trkpt lat="46.5000751" lon="7.7164305"></trkpt><trkpt lat="46.4998613" lon="7.7166569"></trkpt><trkpt lat="46.4997271" lon="7.7168163"></trkpt><trkpt lat="46.499616" lon="7.7169441"></trkpt><trkpt lat="46.499539" lon="7.717026"></trkpt><trkpt lat="46.499448" lon="7.717116"></trkpt><trkpt lat="46.4993834" lon="7.7171688"></trkpt><trkpt lat="46.4993045" lon="7.7172196"></trkpt><trkpt lat="46.4992524" lon="7.7172507"></trkpt><trkpt lat="46.4991975" lon="7.7172693"></trkpt><trkpt lat="46.4991465" lon="7.717273"></trkpt><trkpt lat="46.499097" lon="7.7172761"></trkpt><trkpt lat="46.4990405" lon="7.717271"></trkpt><trkpt lat="46.49899" lon="7.7172639"></trkpt><trkpt lat="46.498933" lon="7.7172444"></trkpt><trkpt lat="46.4988888" lon="7.7172196"></trkpt><trkpt lat="46.4988397" lon="7.7171822"></trkpt><trkpt lat="46.4987927" lon="7.7171313"></trkpt><trkpt lat="46.4987366" lon="7.7170597"></trkpt><trkpt lat="46.4986621" lon="7.7169509"></trkpt><trkpt lat="46.4986264" lon="7.7168924"></trkpt><trkpt lat="46.498587" lon="7.7168147"></trkpt><trkpt lat="46.4985397" lon="7.7167099"></trkpt><trkpt lat="46.4985153" lon="7.7166365"></trkpt><trkpt lat="46.4984975" lon="7.7165745"></trkpt><trkpt lat="46.4984874" lon="7.716495"></trkpt><trkpt lat="46.4984774" lon="7.7163981"></trkpt><trkpt lat="46.49847" lon="7.7163014"></trkpt><trkpt lat="46.4984565" lon="7.7161891"></trkpt><trkpt lat="46.4984296" lon="7.7160583"></trkpt><trkpt lat="46.498409" lon="7.7159636"></trkpt><trkpt lat="46.4983776" lon="7.7158375"></trkpt><trkpt lat="46.4983559" lon="7.7157676"></trkpt><trkpt lat="46.4983315" lon="7.7157067"></trkpt><trkpt lat="46.4983039" lon="7.7156632"></trkpt><trkpt lat="46.498271" lon="7.715621"></trkpt><trkpt lat="46.4982395" lon="7.7155895"></trkpt><trkpt lat="46.4981365" lon="7.7155016"></trkpt><trkpt lat="46.4980102" lon="7.7154142"></trkpt><trkpt lat="46.4978825" lon="7.7153279"></trkpt><trkpt lat="46.4978638" lon="7.7153093"></trkpt><trkpt lat="46.4978407" lon="7.7152865"></trkpt><trkpt lat="46.4977171" lon="7.715129"></trkpt><trkpt lat="46.4975479" lon="7.7148925"></trkpt><trkpt lat="46.4975321" lon="7.7148685"></trkpt><trkpt lat="46.4975243" lon="7.7148408"></trkpt><trkpt lat="46.4975204" lon="7.7148072"></trkpt><trkpt lat="46.4975302" lon="7.7146946"></trkpt><trkpt lat="46.4975293" lon="7.7146377"></trkpt><trkpt lat="46.497521" lon="7.7145657"></trkpt><trkpt lat="46.4975068" lon="7.7144903"></trkpt><trkpt lat="46.4974899" lon="7.7143882"></trkpt><trkpt lat="46.4974424" lon="7.7143478"></trkpt><trkpt lat="46.4973282" lon="7.714225"></trkpt><trkpt lat="46.4973053" lon="7.7141969"></trkpt><trkpt lat="46.4972888" lon="7.7141722"></trkpt><trkpt lat="46.4972729" lon="7.714141"></trkpt><trkpt lat="46.4972622" lon="7.7141044"></trkpt><trkpt lat="46.4972561" lon="7.714051"></trkpt><trkpt lat="46.4972564" lon="7.7139873"></trkpt><trkpt lat="46.4972736" lon="7.7138426"></trkpt><trkpt lat="46.4972821" lon="7.7137381"></trkpt><trkpt lat="46.497279" lon="7.7136169"></trkpt><trkpt lat="46.4972153" lon="7.7134522"></trkpt><trkpt lat="46.4971834" lon="7.7134017"></trkpt><trkpt lat="46.4971549" lon="7.7133624"></trkpt><trkpt lat="46.4970921" lon="7.7132992"></trkpt><trkpt lat="46.4970264" lon="7.7132195"></trkpt><trkpt lat="46.4969885" lon="7.7131558"></trkpt><trkpt lat="46.4969681" lon="7.713108"></trkpt><trkpt lat="46.4969254" lon="7.7129785"></trkpt><trkpt lat="46.4968988" lon="7.712913"></trkpt><trkpt lat="46.4968645" lon="7.7128548"></trkpt><trkpt lat="46.4967882" lon="7.7127732"></trkpt><trkpt lat="46.4967399" lon="7.7127116"></trkpt><trkpt lat="46.4966997" lon="7.7126326"></trkpt><trkpt lat="46.4966442" lon="7.7124952"></trkpt><trkpt lat="46.4966149" lon="7.7123851"></trkpt><trkpt lat="46.4966005" lon="7.7123165"></trkpt><trkpt lat="46.496578" lon="7.712101"></trkpt><trkpt lat="46.496567" lon="7.7120281"></trkpt><trkpt lat="46.4965469" lon="7.7119557"></trkpt><trkpt lat="46.49652" lon="7.711881"></trkpt><trkpt lat="46.4963977" lon="7.7116477"></trkpt><trkpt lat="46.4963365" lon="7.7115031"></trkpt><trkpt lat="46.4962844" lon="7.71136"></trkpt><trkpt lat="46.4962476" lon="7.7112568"></trkpt><trkpt lat="46.4961914" lon="7.7111202"></trkpt><trkpt lat="46.4961626" lon="7.7110005"></trkpt><trkpt lat="46.4961421" lon="7.710863"></trkpt><trkpt lat="46.496123" lon="7.710641"></trkpt><trkpt lat="46.4961119" lon="7.7104977"></trkpt><trkpt lat="46.4961077" lon="7.7104457"></trkpt><trkpt lat="46.4961111" lon="7.7103917"></trkpt><trkpt lat="46.4961254" lon="7.7103336"></trkpt><trkpt lat="46.4961587" lon="7.7102425"></trkpt><trkpt lat="46.4962332" lon="7.7100848"></trkpt><trkpt lat="46.496276" lon="7.7099842"></trkpt><trkpt lat="46.4963235" lon="7.709859"></trkpt><trkpt lat="46.4963534" lon="7.7097851"></trkpt><trkpt lat="46.4963839" lon="7.7097229"></trkpt><trkpt lat="46.4964293" lon="7.7096509"></trkpt><trkpt lat="46.4964535" lon="7.7096021"></trkpt><trkpt lat="46.4964678" lon="7.7095677"></trkpt><trkpt lat="46.4964778" lon="7.7095267"></trkpt><trkpt lat="46.4964812" lon="7.7094856"></trkpt><trkpt lat="46.4964815" lon="7.7094059"></trkpt><trkpt lat="46.4964657" lon="7.7091621"></trkpt><trkpt lat="46.4964598" lon="7.7090657"></trkpt><trkpt lat="46.496454" lon="7.7090026"></trkpt><trkpt lat="46.4964432" lon="7.7089311"></trkpt><trkpt lat="46.4964258" lon="7.7088623"></trkpt><trkpt lat="46.496399" lon="7.7087981"></trkpt><trkpt lat="46.4963634" lon="7.708723"></trkpt><trkpt lat="46.4963113" lon="7.7086335"></trkpt><trkpt lat="46.4962645" lon="7.7085397"></trkpt><trkpt lat="46.4962458" lon="7.708488"></trkpt><trkpt lat="46.496233" lon="7.7084413"></trkpt><trkpt lat="46.4962137" lon="7.7083327"></trkpt><trkpt lat="46.4961988" lon="7.7082166"></trkpt><trkpt lat="46.4961704" lon="7.7080739"></trkpt><trkpt lat="46.4960978" lon="7.7078"></trkpt><trkpt lat="46.4960421" lon="7.7076254"></trkpt><trkpt lat="46.4959865" lon="7.7074907"></trkpt><trkpt lat="46.4959731" lon="7.7073796"></trkpt><trkpt lat="46.4959587" lon="7.7073154"></trkpt><trkpt lat="46.4959403" lon="7.7072651"></trkpt><trkpt lat="46.4958432" lon="7.7071125"></trkpt><trkpt lat="46.4957251" lon="7.7069212"></trkpt><trkpt lat="46.495512" lon="7.7065759"></trkpt><trkpt lat="46.4953667" lon="7.7063694"></trkpt><trkpt lat="46.4952297" lon="7.7062048"></trkpt><trkpt lat="46.4951282" lon="7.7061087"></trkpt><trkpt lat="46.4950443" lon="7.7060169"></trkpt><trkpt lat="46.4949682" lon="7.705875"></trkpt><trkpt lat="46.4949018" lon="7.705687"></trkpt><trkpt lat="46.4947832" lon="7.7053972"></trkpt><trkpt lat="46.4946641" lon="7.7050791"></trkpt><trkpt lat="46.4943974" lon="7.7042589"></trkpt><trkpt lat="46.4943627" lon="7.704155"></trkpt><trkpt lat="46.4943412" lon="7.7040554"></trkpt><trkpt lat="46.4943291" lon="7.7039818"></trkpt><trkpt lat="46.494322" lon="7.7039092"></trkpt><trkpt lat="46.4943085" lon="7.7033594"></trkpt><trkpt lat="46.4943107" lon="7.7031888"></trkpt><trkpt lat="46.4943198" lon="7.7030313"></trkpt><trkpt lat="46.4943469" lon="7.7028387"></trkpt><trkpt lat="46.4943716" lon="7.7027112"></trkpt><trkpt lat="46.4944" lon="7.7026328"></trkpt><trkpt lat="46.4944359" lon="7.7025787"></trkpt><trkpt lat="46.4944887" lon="7.7025345"></trkpt><trkpt lat="46.4945384" lon="7.7025166"></trkpt><trkpt lat="46.4946045" lon="7.7025107"></trkpt><trkpt lat="46.4946743" lon="7.7025238"></trkpt><trkpt lat="46.4947571" lon="7.7025144"></trkpt><trkpt lat="46.4948143" lon="7.7025007"></trkpt><trkpt lat="46.4948546" lon="7.7024767"></trkpt><trkpt lat="46.4949054" lon="7.7024276"></trkpt><trkpt lat="46.4949754" lon="7.7023382"></trkpt><trkpt lat="46.4950508" lon="7.7022097"></trkpt><trkpt lat="46.4951001" lon="7.7021104"></trkpt><trkpt lat="46.4951684" lon="7.7021134"></trkpt><trkpt lat="46.4952399" lon="7.7019117"></trkpt><trkpt lat="46.4953413" lon="7.7018618"></trkpt><trkpt lat="46.4954271" lon="7.7015709"></trkpt><trkpt lat="46.4955131" lon="7.7014708"></trkpt><trkpt lat="46.4956096" lon="7.7012106"></trkpt><trkpt lat="46.4956874" lon="7.7010727"></trkpt><trkpt lat="46.4957558" lon="7.7009152"></trkpt><trkpt lat="46.4957667" lon="7.7007756"></trkpt><trkpt lat="46.4956735" lon="7.7005273"></trkpt><trkpt lat="46.4956661" lon="7.7003478"></trkpt><trkpt lat="46.4955941" lon="7.7000269"></trkpt><trkpt lat="46.4955139" lon="7.6998261"></trkpt><trkpt lat="46.4954426" lon="7.6995621"></trkpt><trkpt lat="46.4954575" lon="7.6994209"></trkpt><trkpt lat="46.4955156" lon="7.699308"></trkpt><trkpt lat="46.4955704" lon="7.6991452"></trkpt><trkpt lat="46.4955579" lon="7.6989928"></trkpt><trkpt lat="46.4958469" lon="7.6987033"></trkpt><trkpt lat="46.4958649" lon="7.6983513"></trkpt><trkpt lat="46.4958821" lon="7.6982646"></trkpt><trkpt lat="46.4960188" lon="7.6982015"></trkpt><trkpt lat="46.4960477" lon="7.6981348"></trkpt><trkpt lat="46.4961349" lon="7.6978339"></trkpt><trkpt lat="46.4959181" lon="7.6979804"></trkpt><trkpt lat="46.495651" lon="7.6980647"></trkpt><trkpt lat="46.4957289" lon="7.6979278"></trkpt><trkpt lat="46.4958157" lon="7.6978727"></trkpt><trkpt lat="46.4959445" lon="7.6976751"></trkpt><trkpt lat="46.4960289" lon="7.6973922"></trkpt><trkpt lat="46.4963181" lon="7.6966044"></trkpt><trkpt lat="46.4966229" lon="7.695921"></trkpt><trkpt lat="46.4966295" lon="7.695809"></trkpt><trkpt lat="46.4963459" lon="7.69611"></trkpt><trkpt lat="46.4962281" lon="7.6962906"></trkpt><trkpt lat="46.4960416" lon="7.6963928"></trkpt><trkpt lat="46.4959074" lon="7.6965806"></trkpt><trkpt lat="46.4958058" lon="7.6966867"></trkpt><trkpt lat="46.4957617" lon="7.696647"></trkpt><trkpt lat="46.4958814" lon="7.696301"></trkpt><trkpt lat="46.4959342" lon="7.696177"></trkpt><trkpt lat="46.4960173" lon="7.6961086"></trkpt><trkpt lat="46.4960672" lon="7.6960596"></trkpt><trkpt lat="46.4960805" lon="7.6960011"></trkpt><trkpt lat="46.4960681" lon="7.6959886"></trkpt><trkpt lat="46.4960381" lon="7.6960288"></trkpt><trkpt lat="46.4959864" lon="7.6960623"></trkpt><trkpt lat="46.4959615" lon="7.6960623"></trkpt><trkpt lat="46.4959622" lon="7.6960416"></trkpt><trkpt lat="46.4961092" lon="7.6957753"></trkpt><trkpt lat="46.4961556" lon="7.6956145"></trkpt><trkpt lat="46.496232" lon="7.6954924"></trkpt><trkpt lat="46.4963077" lon="7.6953247"></trkpt><trkpt lat="46.4963926" lon="7.6950682"></trkpt><trkpt lat="46.4965653" lon="7.6946381"></trkpt><trkpt lat="46.4965874" lon="7.6945496"></trkpt><trkpt lat="46.4966481" lon="7.6943799"></trkpt><trkpt lat="46.4967019" lon="7.6942022"></trkpt><trkpt lat="46.4967545" lon="7.6941285"></trkpt><trkpt lat="46.4968545" lon="7.6940284"></trkpt><trkpt lat="46.4969028" lon="7.6938312"></trkpt><trkpt lat="46.4969142" lon="7.693739"></trkpt><trkpt lat="46.496905" lon="7.6937073"></trkpt><trkpt lat="46.4968339" lon="7.6937221"></trkpt><trkpt lat="46.4967714" lon="7.6937964"></trkpt><trkpt lat="46.4966951" lon="7.6938406"></trkpt><trkpt lat="46.4965385" lon="7.6940735"></trkpt><trkpt lat="46.4964369" lon="7.6941573"></trkpt><trkpt lat="46.4963363" lon="7.6942726"></trkpt><trkpt lat="46.4962578" lon="7.6943699"></trkpt><trkpt lat="46.4961593" lon="7.6944439"></trkpt><trkpt lat="46.4960928" lon="7.6945256"></trkpt><trkpt lat="46.4960459" lon="7.6945429"></trkpt><trkpt lat="46.4960017" lon="7.6945712"></trkpt><trkpt lat="46.4959596" lon="7.6946689"></trkpt><trkpt lat="46.4959107" lon="7.6947574"></trkpt><trkpt lat="46.4958424" lon="7.6948071"></trkpt><trkpt lat="46.4957555" lon="7.6948674"></trkpt><trkpt lat="46.4955746" lon="7.695035"></trkpt><trkpt lat="46.4955279" lon="7.695043"></trkpt><trkpt lat="46.4953147" lon="7.6952999"></trkpt><trkpt lat="46.4951818" lon="7.6954798"></trkpt><trkpt lat="46.4951407" lon="7.6954971"></trkpt><trkpt lat="46.4950476" lon="7.6955735"></trkpt><trkpt lat="46.4949683" lon="7.695641"></trkpt><trkpt lat="46.4949468" lon="7.6956499"></trkpt><trkpt lat="46.4949302" lon="7.6956372"></trkpt><trkpt lat="46.4949233" lon="7.6956151"></trkpt><trkpt lat="46.4949263" lon="7.6955678"></trkpt><trkpt lat="46.4949872" lon="7.6954374"></trkpt><trkpt lat="46.4950314" lon="7.6952784"></trkpt><trkpt lat="46.4950327" lon="7.6951557"></trkpt><trkpt lat="46.4950493" lon="7.6951083"></trkpt><trkpt lat="46.4950479" lon="7.6950766"></trkpt><trkpt lat="46.4950341" lon="7.6950169"></trkpt><trkpt lat="46.4950329" lon="7.6949511"></trkpt><trkpt lat="46.4950465" lon="7.6947829"></trkpt><trkpt lat="46.4950873" lon="7.6946203"></trkpt><trkpt lat="46.4951151" lon="7.6944876"></trkpt><trkpt lat="46.4951503" lon="7.6942939"></trkpt><trkpt lat="46.4951984" lon="7.6941814"></trkpt><trkpt lat="46.495227" lon="7.6941258"></trkpt><trkpt lat="46.4952615" lon="7.6940959"></trkpt><trkpt lat="46.4952757" lon="7.6940347"></trkpt><trkpt lat="46.495266" lon="7.6939675"></trkpt><trkpt lat="46.4952871" lon="7.6938913"></trkpt><trkpt lat="46.4952969" lon="7.6938148"></trkpt><trkpt lat="46.4953334" lon="7.6937142"></trkpt><trkpt lat="46.4953466" lon="7.6936282"></trkpt><trkpt lat="46.4953474" lon="7.6935937"></trkpt><trkpt lat="46.4953323" lon="7.693533"></trkpt><trkpt lat="46.4953078" lon="7.6934868"></trkpt><trkpt lat="46.495276" lon="7.6934666"></trkpt><trkpt lat="46.4952363" lon="7.6934465"></trkpt><trkpt lat="46.4952083" lon="7.6934033"></trkpt><trkpt lat="46.4951841" lon="7.6933352"></trkpt><trkpt lat="46.4951763" lon="7.6932894"></trkpt><trkpt lat="46.4951768" lon="7.6932014"></trkpt><trkpt lat="46.495161" lon="7.6931622"></trkpt><trkpt lat="46.4951068" lon="7.6931174"></trkpt><trkpt lat="46.495089" lon="7.6930663"></trkpt><trkpt lat="46.4950849" lon="7.6930395"></trkpt><trkpt lat="46.4950891" lon="7.6929538"></trkpt><trkpt lat="46.4951075" lon="7.6928685"></trkpt><trkpt lat="46.4951204" lon="7.6927014"></trkpt><trkpt lat="46.4951238" lon="7.6926831"></trkpt><trkpt lat="46.4951347" lon="7.6926244"></trkpt><trkpt lat="46.4951355" lon="7.6924907"></trkpt><trkpt lat="46.4952377" lon="7.6922496"></trkpt><trkpt lat="46.495321" lon="7.6919934"></trkpt><trkpt lat="46.4953447" lon="7.6919009"></trkpt><trkpt lat="46.4953886" lon="7.691639"></trkpt><trkpt lat="46.4954329" lon="7.6913745"></trkpt><trkpt lat="46.4954615" lon="7.6912691"></trkpt><trkpt lat="46.495504" lon="7.6911525"></trkpt><trkpt lat="46.4955361" lon="7.6910541"></trkpt><trkpt lat="46.4955409" lon="7.6910258"></trkpt><trkpt lat="46.4955456" lon="7.690995"></trkpt><trkpt lat="46.4955506" lon="7.6909547"></trkpt><trkpt lat="46.4955517" lon="7.6909128"></trkpt><trkpt lat="46.4955511" lon="7.6908655"></trkpt><trkpt lat="46.4955457" lon="7.6908135"></trkpt><trkpt lat="46.4955384" lon="7.6907761"></trkpt><trkpt lat="46.4955054" lon="7.6907395"></trkpt><trkpt lat="46.4954782" lon="7.6906691"></trkpt><trkpt lat="46.4954006" lon="7.6904733"></trkpt><trkpt lat="46.4953406" lon="7.6903291"></trkpt><trkpt lat="46.4952887" lon="7.6901501"></trkpt><trkpt lat="46.4952364" lon="7.6899261"></trkpt><trkpt lat="46.495216" lon="7.6898275"></trkpt><trkpt lat="46.4952072" lon="7.6897524"></trkpt><trkpt lat="46.4952021" lon="7.6896746"></trkpt><trkpt lat="46.495203" lon="7.6896076"></trkpt><trkpt lat="46.4951995" lon="7.6894916"></trkpt><trkpt lat="46.4951929" lon="7.6893602"></trkpt><trkpt lat="46.4951896" lon="7.6892395"></trkpt><trkpt lat="46.4951915" lon="7.6892046"></trkpt><trkpt lat="46.495197" lon="7.6891684"></trkpt><trkpt lat="46.495204" lon="7.6891315"></trkpt><trkpt lat="46.4952076" lon="7.6891047"></trkpt><trkpt lat="46.49521" lon="7.6890651"></trkpt><trkpt lat="46.4952093" lon="7.6890175"></trkpt><trkpt lat="46.4952044" lon="7.6888593"></trkpt><trkpt lat="46.4952063" lon="7.6887761"></trkpt><trkpt lat="46.4952123" lon="7.6887245"></trkpt><trkpt lat="46.4952438" lon="7.6886252"></trkpt><trkpt lat="46.495239" lon="7.6885354"></trkpt><trkpt lat="46.4952381" lon="7.6884442"></trkpt><trkpt lat="46.4952395" lon="7.6883128"></trkpt><trkpt lat="46.495245" lon="7.6882229"></trkpt><trkpt lat="46.4952544" lon="7.6880962"></trkpt><trkpt lat="46.4952566" lon="7.6880345"></trkpt><trkpt lat="46.4952557" lon="7.6879956"></trkpt><trkpt lat="46.4952529" lon="7.6879614"></trkpt><trkpt lat="46.4952441" lon="7.6879218"></trkpt><trkpt lat="46.4952335" lon="7.6878608"></trkpt><trkpt lat="46.495227" lon="7.6878005"></trkpt><trkpt lat="46.4952247" lon="7.6877528"></trkpt><trkpt lat="46.4952229" lon="7.6877059"></trkpt><trkpt lat="46.4952281" lon="7.6876435"></trkpt><trkpt lat="46.4952401" lon="7.6874859"></trkpt><trkpt lat="46.4952524" lon="7.687427"></trkpt><trkpt lat="46.495281" lon="7.6873337"></trkpt><trkpt lat="46.4953186" lon="7.6871762"></trkpt><trkpt lat="46.4953323" lon="7.6871172"></trkpt><trkpt lat="46.4953452" lon="7.6870843"></trkpt><trkpt lat="46.4953734" lon="7.687024"></trkpt><trkpt lat="46.4953858" lon="7.6869851"></trkpt><trkpt lat="46.4953918" lon="7.6869542"></trkpt><trkpt lat="46.4953937" lon="7.6869307"></trkpt><trkpt lat="46.4954024" lon="7.6867329"></trkpt><trkpt lat="46.4954117" lon="7.6866451"></trkpt><trkpt lat="46.4954326" lon="7.6865311"></trkpt><trkpt lat="46.495438" lon="7.6864781"></trkpt><trkpt lat="46.4954426" lon="7.6864171"></trkpt><trkpt lat="46.4954532" lon="7.6862065"></trkpt><trkpt lat="46.4954666" lon="7.6861382"></trkpt><trkpt lat="46.4954828" lon="7.6860966"></trkpt><trkpt lat="46.4955054" lon="7.6860463"></trkpt><trkpt lat="46.4955192" lon="7.6860074"></trkpt><trkpt lat="46.495528" lon="7.6859725"></trkpt><trkpt lat="46.4955332" lon="7.6859262"></trkpt><trkpt lat="46.4955317" lon="7.6858424"></trkpt><trkpt lat="46.4955229" lon="7.685713"></trkpt><trkpt lat="46.4954974" lon="7.6853687"></trkpt><trkpt lat="46.4954809" lon="7.6848965"></trkpt><trkpt lat="46.4954937" lon="7.6847968"></trkpt><trkpt lat="46.4954252" lon="7.6848209"></trkpt><trkpt lat="46.4953718" lon="7.6848329"></trkpt><trkpt lat="46.4953304" lon="7.6848423"></trkpt><trkpt lat="46.4952616" lon="7.684841"></trkpt><trkpt lat="46.4951979" lon="7.6848382"></trkpt><trkpt lat="46.4951343" lon="7.684822"></trkpt><trkpt lat="46.4951122" lon="7.6848192"></trkpt><trkpt lat="46.4950689" lon="7.6848133"></trkpt><trkpt lat="46.4949589" lon="7.6847886"></trkpt><trkpt lat="46.494968" lon="7.6846419"></trkpt><trkpt lat="46.4949775" lon="7.6844739"></trkpt><trkpt lat="46.4949694" lon="7.6843005"></trkpt><trkpt lat="46.4949946" lon="7.6841249"></trkpt><trkpt lat="46.4950072" lon="7.6840771"></trkpt><trkpt lat="46.4950509" lon="7.6839548"></trkpt><trkpt lat="46.4952557" lon="7.6835168"></trkpt><trkpt lat="46.4952903" lon="7.6834337"></trkpt><trkpt lat="46.4953256" lon="7.6833308"></trkpt><trkpt lat="46.4953392" lon="7.6832547"></trkpt><trkpt lat="46.4953405" lon="7.6832155"></trkpt><trkpt lat="46.4953298" lon="7.6831618"></trkpt><trkpt lat="46.4952697" lon="7.6829438"></trkpt><trkpt lat="46.4952555" lon="7.6828603"></trkpt><trkpt lat="46.4952366" lon="7.6825289"></trkpt><trkpt lat="46.4952303" lon="7.6823672"></trkpt><trkpt lat="46.4952282" lon="7.6823136"></trkpt><trkpt lat="46.4952274" lon="7.6822945"></trkpt><trkpt lat="46.4952251" lon="7.6822358"></trkpt><trkpt lat="46.4952011" lon="7.6816277"></trkpt><trkpt lat="46.4951274" lon="7.6806412"></trkpt><trkpt lat="46.4951054" lon="7.6803148"></trkpt><trkpt lat="46.4951711" lon="7.67983"></trkpt><trkpt lat="46.4952427" lon="7.679442"></trkpt><trkpt lat="46.4952352" lon="7.6793306"></trkpt><trkpt lat="46.4952046" lon="7.6792493"></trkpt><trkpt lat="46.495116" lon="7.6790743"></trkpt><trkpt lat="46.4951048" lon="7.6790135"></trkpt><trkpt lat="46.4951177" lon="7.6788864"></trkpt><trkpt lat="46.4951617" lon="7.6786548"></trkpt><trkpt lat="46.4951694" lon="7.6784716"></trkpt><trkpt lat="46.4951379" lon="7.6781895"></trkpt><trkpt lat="46.495071" lon="7.6775992"></trkpt><trkpt lat="46.4950401" lon="7.6770764"></trkpt><trkpt lat="46.4950415" lon="7.6766746"></trkpt><trkpt lat="46.4950556" lon="7.6764665"></trkpt><trkpt lat="46.4952628" lon="7.6758489"></trkpt><trkpt lat="46.4953784" lon="7.6753363"></trkpt><trkpt lat="46.4953962" lon="7.6751562"></trkpt><trkpt lat="46.4954221" lon="7.6748946"></trkpt><trkpt lat="46.4954131" lon="7.6745537"></trkpt><trkpt lat="46.4954061" lon="7.6744127"></trkpt><trkpt lat="46.4951473" lon="7.6744475"></trkpt><trkpt lat="46.4949289" lon="7.6744739"></trkpt><trkpt lat="46.4947195" lon="7.6744406"></trkpt><trkpt lat="46.4947341" lon="7.6743504"></trkpt><trkpt lat="46.4947388" lon="7.6743257"></trkpt><trkpt lat="46.494755" lon="7.6742433"></trkpt><trkpt lat="46.4947823" lon="7.6740949"></trkpt><trkpt lat="46.4948158" lon="7.6738823"></trkpt><trkpt lat="46.4951121" lon="7.6720219"></trkpt><trkpt lat="46.4951624" lon="7.6718781"></trkpt><trkpt lat="46.4951755" lon="7.6718137"></trkpt><trkpt lat="46.4951856" lon="7.6717503"></trkpt><trkpt lat="46.4951903" lon="7.6716823"></trkpt></trkseg></trk></gpx>
